2025-04-15 16:22:01, INFO: Using device: cuda:0
2025-04-15 16:22:01, INFO: Policy: st2 w/ global state
2025-04-15 16:22:02, INFO: human number: 8
2025-04-15 16:22:02, INFO: Randomize human's radius and preferred speed
2025-04-15 16:22:02, INFO: Training simulation: circle_crossing, test simulation: circle_crossing
2025-04-15 16:22:02, INFO: Square width: 10.0, circle width: 8.0
2025-04-15 16:22:02, INFO: Using model: Spatial_Temporal_Transformer(
  (Embedding): Embedding(
    (embedding): Linear(in_features=14, out_features=128, bias=True)
    (dropout): Dropout(p=0.1, inplace=False)
  )
  (temporal_encoder): Encoder(
    (layers): ModuleList(
      (0): EncoderLayer(
        (attn_norm): LayerNorm((128,), eps=1e-05, elementwise_affine=True)
        (attn): Attention(
          (qkv): Linear(in_features=128, out_features=384, bias=True)
          (out): Linear(in_features=128, out_features=128, bias=True)
          (attn_dropout): Dropout(p=0.1, inplace=False)
          (proj_dropout): Dropout(p=0.1, inplace=False)
          (softmax): Softmax(dim=-1)
          (avgpool): AdaptiveAvgPool1d(output_size=1)
        )
        (mlp_norm): LayerNorm((128,), eps=1e-05, elementwise_affine=True)
        (mlp): Mlp(
          (fc1): Linear(in_features=128, out_features=512, bias=True)
          (fc2): Linear(in_features=512, out_features=128, bias=True)
          (act): GELU(approximate='none')
          (dropout1): Dropout(p=0.1, inplace=False)
          (dropout2): Dropout(p=0.1, inplace=False)
        )
        (drop_path): DropPath()
      )
    )
    (encoder_norm): LayerNorm((128,), eps=1e-05, elementwise_affine=True)
  )
  (Spatial_encoder): Encoder(
    (layers): ModuleList(
      (0): EncoderLayer(
        (attn_norm): LayerNorm((128,), eps=1e-05, elementwise_affine=True)
        (attn): Attention(
          (qkv): Linear(in_features=128, out_features=384, bias=True)
          (out): Linear(in_features=128, out_features=128, bias=True)
          (attn_dropout): Dropout(p=0.1, inplace=False)
          (proj_dropout): Dropout(p=0.1, inplace=False)
          (softmax): Softmax(dim=-1)
          (avgpool): AdaptiveAvgPool1d(output_size=1)
        )
        (mlp_norm): LayerNorm((128,), eps=1e-05, elementwise_affine=True)
        (mlp): Mlp(
          (fc1): Linear(in_features=128, out_features=512, bias=True)
          (fc2): Linear(in_features=512, out_features=128, bias=True)
          (act): GELU(approximate='none')
          (dropout1): Dropout(p=0.1, inplace=False)
          (dropout2): Dropout(p=0.1, inplace=False)
        )
        (drop_path): DropPath()
      )
    )
    (encoder_norm): LayerNorm((128,), eps=1e-05, elementwise_affine=True)
  )
  (avgpool): AdaptiveAvgPool1d(output_size=1)
  (value_Linear_1): Linear(in_features=135, out_features=256, bias=True)
  (act): GELU(approximate='none')
  (value_Linear_2): Linear(in_features=256, out_features=128, bias=True)
  (value_Linear_3): Linear(in_features=128, out_features=1, bias=True)
  (softmax): Softmax(dim=-1)
)
2025-04-15 16:22:02, INFO: Current learning rate: 0.010000
2025-04-15 16:22:04, INFO: human number: 8
2025-04-15 16:22:04, INFO: running 1/3600 episode, simulation environment: no
2025-04-15 16:22:05, INFO: 1/3600 episode: Success! Total Reward: 20.56, R_dan: 4.9, R_goal: 10.0, R_col: 0, R_km: 3.25, R_col_wall: 0, R_wall_min_dist: -12.228, R_way_point_dist: 2.94, R_wp: 11.7, timeout: 0
2025-04-15 16:22:05, INFO: Path length: 72.2339464304474
2025-04-15 16:22:05, INFO: Path left: 0
2025-04-15 16:22:05, INFO: Actions: 98
2025-04-15 16:22:05, INFO: Coordinates: -8.48644938133657 30.50919485837221
2025-04-15 16:22:05, INFO: Stops times: 3

2025-04-15 16:22:07, INFO: human number: 8
2025-04-15 16:22:08, INFO: running 2/3600 episode, simulation environment: circle_crossing
2025-04-15 16:22:09, INFO: 2/3600 episode: Collision! Total Reward: -27.164, R_dan: 0.98, R_goal: 0, R_col: -25.0, R_km: -0.8, R_col_wall: 0, R_wall_min_dist: -5.428, R_way_point_dist: 1.5, R_wp: 1.575, timeout: 0
2025-04-15 16:22:09, INFO: Path length: 23.35715084997033
2025-04-15 16:22:09, INFO: Path left: 54.486864710519086
2025-04-15 16:22:09, INFO: Actions: 50
2025-04-15 16:22:09, INFO: Coordinates: -8.086482411716133 1.0157088190317154
2025-04-15 16:22:09, INFO: Stops times: 1

2025-04-15 16:22:11, INFO: human number: 8
2025-04-15 16:22:11, INFO: running 3/3600 episode, simulation environment: circle_static
2025-04-15 16:22:12, INFO: 3/3600 episode: Collision! Total Reward: -23.825, R_dan: 0.39, R_goal: 0, R_col: -25.0, R_km: -0.15, R_col_wall: 0, R_wall_min_dist: 0.044, R_way_point_dist: 0.57, R_wp: 0.315, timeout: 0
2025-04-15 16:22:12, INFO: Path length: 9.123690222505576
2025-04-15 16:22:12, INFO: Path left: 71.16733570487565
2025-04-15 16:22:12, INFO: Actions: 19
2025-04-15 16:22:12, INFO: Coordinates: 0.6407422870397568 -9.52370285242796
2025-04-15 16:22:12, INFO: Stops times: 0

2025-04-15 16:22:14, INFO: human number: 8
2025-04-15 16:22:14, INFO: running 4/3600 episode, simulation environment: no
2025-04-15 16:22:14, INFO: 4/3600 episode: Success! Total Reward: 20.56, R_dan: 4.9, R_goal: 10.0, R_col: 0, R_km: 3.25, R_col_wall: 0, R_wall_min_dist: -12.228, R_way_point_dist: 2.94, R_wp: 11.7, timeout: 0
2025-04-15 16:22:14, INFO: Path length: 72.2339464304474
2025-04-15 16:22:14, INFO: Path left: 0
2025-04-15 16:22:14, INFO: Actions: 98
2025-04-15 16:22:14, INFO: Coordinates: -8.48644938133657 30.50919485837221
2025-04-15 16:22:14, INFO: Stops times: 3

2025-04-15 16:22:17, INFO: human number: 8
2025-04-15 16:22:17, INFO: running 5/3600 episode, simulation environment: circle_crossing
2025-04-15 16:22:18, INFO: 5/3600 episode: Collision! Total Reward: -23.866, R_dan: 0.73, R_goal: 0, R_col: -25.0, R_km: 0.45, R_col_wall: 0, R_wall_min_dist: -3.217, R_way_point_dist: 1.59, R_wp: 1.575, timeout: 0
2025-04-15 16:22:18, INFO: Path length: 23.75029149133273
2025-04-15 16:22:18, INFO: Path left: 55.00690522710196
2025-04-15 16:22:18, INFO: Actions: 53
2025-04-15 16:22:18, INFO: Coordinates: -8.586087223142385 0.44774893671274185
2025-04-15 16:22:18, INFO: Stops times: 0

2025-04-15 16:22:20, INFO: human number: 8
2025-04-15 16:22:21, INFO: running 6/3600 episode, simulation environment: circle_static
2025-04-15 16:22:21, INFO: 6/3600 episode: Collision! Total Reward: -23.249, R_dan: 0.92, R_goal: 0, R_col: -25.0, R_km: -0.25, R_col_wall: 0, R_wall_min_dist: -0.077, R_way_point_dist: 0.84, R_wp: 0.315, timeout: 0
2025-04-15 16:22:21, INFO: Path length: 9.788445006262702
2025-04-15 16:22:21, INFO: Path left: 70.7573324623076
2025-04-15 16:22:21, INFO: Actions: 28
2025-04-15 16:22:21, INFO: Coordinates: 0.30475305765867233 -8.727849079295993
2025-04-15 16:22:21, INFO: Stops times: 0

2025-04-15 16:22:23, INFO: human number: 8
2025-04-15 16:22:23, INFO: running 7/3600 episode, simulation environment: no
2025-04-15 16:22:24, INFO: 7/3600 episode: Success! Total Reward: 20.56, R_dan: 4.9, R_goal: 10.0, R_col: 0, R_km: 3.25, R_col_wall: 0, R_wall_min_dist: -12.228, R_way_point_dist: 2.94, R_wp: 11.7, timeout: 0
2025-04-15 16:22:24, INFO: Path length: 72.2339464304474
2025-04-15 16:22:24, INFO: Path left: 0
2025-04-15 16:22:24, INFO: Actions: 98
2025-04-15 16:22:24, INFO: Coordinates: -8.48644938133657 30.50919485837221
2025-04-15 16:22:24, INFO: Stops times: 3

2025-04-15 16:22:26, INFO: human number: 8
2025-04-15 16:22:27, INFO: running 8/3600 episode, simulation environment: circle_crossing
2025-04-15 16:22:28, INFO: 8/3600 episode: Success! Total Reward: 27.86, R_dan: 5.65, R_goal: 10.0, R_col: 0, R_km: 2.3, R_col_wall: 0, R_wall_min_dist: -6.174, R_way_point_dist: 4.35, R_wp: 11.7, timeout: 0
2025-04-15 16:22:28, INFO: Path length: 76.90506123625832
2025-04-15 16:22:28, INFO: Path left: 0
2025-04-15 16:22:28, INFO: Actions: 145
2025-04-15 16:22:28, INFO: Coordinates: -8.29324505571276 31.0107697583735
2025-04-15 16:22:28, INFO: Stops times: 0

2025-04-15 16:22:30, INFO: human number: 8
2025-04-15 16:22:30, INFO: running 9/3600 episode, simulation environment: circle_static
2025-04-15 16:22:31, INFO: 9/3600 episode: Collision! Total Reward: -30.168, R_dan: 0.35, R_goal: 0, R_col: -25.0, R_km: -4.9, R_col_wall: 0, R_wall_min_dist: -1.626, R_way_point_dist: 0.69, R_wp: 0.315, timeout: 0
2025-04-15 16:22:31, INFO: Path length: 10.380214595501126
2025-04-15 16:22:31, INFO: Path left: 70.38348578476867
2025-04-15 16:22:31, INFO: Actions: 23
2025-04-15 16:22:31, INFO: Coordinates: -0.16215967386960983 -7.860297668725252
2025-04-15 16:22:31, INFO: Stops times: 1

2025-04-15 16:22:33, INFO: human number: 8
2025-04-15 16:22:33, INFO: running 10/3600 episode, simulation environment: no
2025-04-15 16:22:33, INFO: 10/3600 episode: Success! Total Reward: 20.56, R_dan: 4.9, R_goal: 10.0, R_col: 0, R_km: 3.25, R_col_wall: 0, R_wall_min_dist: -12.228, R_way_point_dist: 2.94, R_wp: 11.7, timeout: 0
2025-04-15 16:22:33, INFO: Path length: 72.2339464304474
2025-04-15 16:22:33, INFO: Path left: 0
2025-04-15 16:22:33, INFO: Actions: 98
2025-04-15 16:22:33, INFO: Coordinates: -8.48644938133657 30.50919485837221
2025-04-15 16:22:33, INFO: Stops times: 3

2025-04-15 16:22:36, INFO: human number: 8
2025-04-15 16:22:37, INFO: running 11/3600 episode, simulation environment: circle_crossing
2025-04-15 16:22:37, INFO: 11/3600 episode: Collision! Total Reward: -22.294, R_dan: 0.88, R_goal: 0, R_col: -25.0, R_km: -0.2, R_col_wall: 0, R_wall_min_dist: -0.174, R_way_point_dist: 1.2, R_wp: 0.99, timeout: 0
2025-04-15 16:22:37, INFO: Path length: 19.08391793391293
2025-04-15 16:22:37, INFO: Path left: 60.57740225866842
2025-04-15 16:22:37, INFO: Actions: 40
2025-04-15 16:22:37, INFO: Coordinates: -7.857114586979151 -4.632655516266823
2025-04-15 16:22:37, INFO: Stops times: 0

2025-04-15 16:22:39, INFO: human number: 8
2025-04-15 16:22:40, INFO: running 12/3600 episode, simulation environment: circle_static
2025-04-15 16:22:40, INFO: 12/3600 episode: Collision! Total Reward: -23.417, R_dan: 0.44, R_goal: 0, R_col: -25.0, R_km: 0.6, R_col_wall: 0, R_wall_min_dist: 0.026, R_way_point_dist: 0.36, R_wp: 0.15, timeout: 0
2025-04-15 16:22:40, INFO: Path length: 6.280000590839588
2025-04-15 16:22:40, INFO: Path left: 73.90579792734283
2025-04-15 16:22:40, INFO: Actions: 12
2025-04-15 16:22:40, INFO: Coordinates: 3.3387571275234222 -9.289042860269547
2025-04-15 16:22:40, INFO: Stops times: 0

2025-04-15 16:22:42, INFO: human number: 8
2025-04-15 16:22:42, INFO: running 13/3600 episode, simulation environment: no
2025-04-15 16:22:43, INFO: 13/3600 episode: Success! Total Reward: 20.56, R_dan: 4.9, R_goal: 10.0, R_col: 0, R_km: 3.25, R_col_wall: 0, R_wall_min_dist: -12.228, R_way_point_dist: 2.94, R_wp: 11.7, timeout: 0
2025-04-15 16:22:43, INFO: Path length: 72.2339464304474
2025-04-15 16:22:43, INFO: Path left: 0
2025-04-15 16:22:43, INFO: Actions: 98
2025-04-15 16:22:43, INFO: Coordinates: -8.48644938133657 30.50919485837221
2025-04-15 16:22:43, INFO: Stops times: 3

2025-04-15 16:22:45, INFO: human number: 8
2025-04-15 16:22:46, INFO: running 14/3600 episode, simulation environment: circle_crossing
2025-04-15 16:22:46, INFO: 14/3600 episode: Collision! Total Reward: -24.803, R_dan: 0.54, R_goal: 0, R_col: -25.0, R_km: -0.95, R_col_wall: 0, R_wall_min_dist: 0.03, R_way_point_dist: 0.42, R_wp: 0.15, timeout: 0
2025-04-15 16:22:46, INFO: Path length: 7.206009384736843
2025-04-15 16:22:46, INFO: Path left: 73.45728724464934
2025-04-15 16:22:46, INFO: Actions: 14
2025-04-15 16:22:46, INFO: Coordinates: 2.887553960084915 -9.262946739792824
2025-04-15 16:22:46, INFO: Stops times: 1

2025-04-15 16:22:48, INFO: human number: 8
2025-04-15 16:22:49, INFO: running 15/3600 episode, simulation environment: circle_static
2025-04-15 16:22:49, INFO: 15/3600 episode: Collision! Total Reward: -24.506, R_dan: 0.64, R_goal: 0, R_col: -25.0, R_km: -0.3, R_col_wall: 0, R_wall_min_dist: -0.507, R_way_point_dist: 0.34, R_wp: 0.315, timeout: 0
2025-04-15 16:22:49, INFO: Path length: 9.770015138507592
2025-04-15 16:22:49, INFO: Path left: 71.18495879212138
2025-04-15 16:22:49, INFO: Actions: 16
2025-04-15 16:22:49, INFO: Coordinates: 0.7311420440673828 -8.589019805192947
2025-04-15 16:22:49, INFO: Stops times: 1

2025-04-15 16:22:51, INFO: human number: 8
2025-04-15 16:22:51, INFO: running 16/3600 episode, simulation environment: no
2025-04-15 16:22:52, INFO: 16/3600 episode: Success! Total Reward: 20.56, R_dan: 4.9, R_goal: 10.0, R_col: 0, R_km: 3.25, R_col_wall: 0, R_wall_min_dist: -12.228, R_way_point_dist: 2.94, R_wp: 11.7, timeout: 0
2025-04-15 16:22:52, INFO: Path length: 72.2339464304474
2025-04-15 16:22:52, INFO: Path left: 0
2025-04-15 16:22:52, INFO: Actions: 98
2025-04-15 16:22:52, INFO: Coordinates: -8.48644938133657 30.50919485837221
2025-04-15 16:22:52, INFO: Stops times: 3

2025-04-15 16:22:54, INFO: human number: 8
2025-04-15 16:22:55, INFO: running 17/3600 episode, simulation environment: circle_crossing
2025-04-15 16:22:55, INFO: 17/3600 episode: Success! Total Reward: 36.224, R_dan: 6.84, R_goal: 10.0, R_col: 0, R_km: 4.1, R_col_wall: 0, R_wall_min_dist: -0.606, R_way_point_dist: 4.16, R_wp: 11.7, timeout: 0
2025-04-15 16:22:55, INFO: Path length: 80.5162333039493
2025-04-15 16:22:55, INFO: Path left: 0
2025-04-15 16:22:55, INFO: Actions: 148
2025-04-15 16:22:55, INFO: Coordinates: -10.52553439931944 30.663984820246696
2025-04-15 16:22:55, INFO: Stops times: 1

2025-04-15 16:22:58, INFO: human number: 8
2025-04-15 16:22:58, INFO: running 18/3600 episode, simulation environment: circle_static
2025-04-15 16:22:59, INFO: 18/3600 episode: Success! Total Reward: 17.344, R_dan: 6.19, R_goal: 10.0, R_col: 0, R_km: -7.15, R_col_wall: 0, R_wall_min_dist: -7.704, R_way_point_dist: 4.29, R_wp: 11.7, timeout: 0
2025-04-15 16:22:59, INFO: Path length: 76.85366181023227
2025-04-15 16:22:59, INFO: Path left: 0
2025-04-15 16:22:59, INFO: Actions: 143
2025-04-15 16:22:59, INFO: Coordinates: -8.456879317760468 30.68328765965998
2025-04-15 16:22:59, INFO: Stops times: 1

2025-04-15 16:23:01, INFO: human number: 8
2025-04-15 16:23:01, INFO: running 19/3600 episode, simulation environment: no
2025-04-15 16:23:02, INFO: 19/3600 episode: Success! Total Reward: 20.56, R_dan: 4.9, R_goal: 10.0, R_col: 0, R_km: 3.25, R_col_wall: 0, R_wall_min_dist: -12.228, R_way_point_dist: 2.94, R_wp: 11.7, timeout: 0
2025-04-15 16:23:02, INFO: Path length: 72.2339464304474
2025-04-15 16:23:02, INFO: Path left: 0
2025-04-15 16:23:02, INFO: Actions: 98
2025-04-15 16:23:02, INFO: Coordinates: -8.48644938133657 30.50919485837221
2025-04-15 16:23:02, INFO: Stops times: 3

2025-04-15 16:23:04, INFO: human number: 8
2025-04-15 16:23:05, INFO: running 20/3600 episode, simulation environment: circle_crossing
2025-04-15 16:23:05, INFO: 20/3600 episode: Collision! Total Reward: -24.921, R_dan: 0.21, R_goal: 0, R_col: -25.0, R_km: -0.65, R_col_wall: 0, R_wall_min_dist: 0.019, R_way_point_dist: 0.27, R_wp: 0.225, timeout: 0
2025-04-15 16:23:05, INFO: Path length: 7.12337699424102
2025-04-15 16:23:05, INFO: Path left: 72.82475696421758
2025-04-15 16:23:05, INFO: Actions: 9
2025-04-15 16:23:05, INFO: Coordinates: 2.2684740275144577 -9.062908086925745
2025-04-15 16:23:05, INFO: Stops times: 1

2025-04-15 16:23:07, INFO: human number: 8
2025-04-15 16:23:08, INFO: running 21/3600 episode, simulation environment: circle_static
2025-04-15 16:23:09, INFO: 21/3600 episode: Success! Total Reward: 34.122, R_dan: 6.48, R_goal: 10.0, R_col: 0, R_km: 1.25, R_col_wall: 0, R_wall_min_dist: -0.08, R_way_point_dist: 4.76, R_wp: 11.7, timeout: 0
2025-04-15 16:23:09, INFO: Path length: 82.73449120061875
2025-04-15 16:23:09, INFO: Path left: 0
2025-04-15 16:23:09, INFO: Actions: 168
2025-04-15 16:23:09, INFO: Coordinates: -10.6687848479487 30.742372343316674
2025-04-15 16:23:09, INFO: Stops times: 1

2025-04-15 16:23:11, INFO: human number: 8
2025-04-15 16:23:11, INFO: running 22/3600 episode, simulation environment: no
2025-04-15 16:23:11, INFO: 22/3600 episode: Success! Total Reward: 20.56, R_dan: 4.9, R_goal: 10.0, R_col: 0, R_km: 3.25, R_col_wall: 0, R_wall_min_dist: -12.228, R_way_point_dist: 2.94, R_wp: 11.7, timeout: 0
2025-04-15 16:23:11, INFO: Path length: 72.2339464304474
2025-04-15 16:23:11, INFO: Path left: 0
2025-04-15 16:23:11, INFO: Actions: 98
2025-04-15 16:23:11, INFO: Coordinates: -8.48644938133657 30.50919485837221
2025-04-15 16:23:11, INFO: Stops times: 3

2025-04-15 16:23:14, INFO: human number: 8
2025-04-15 16:23:15, INFO: running 23/3600 episode, simulation environment: circle_crossing
2025-04-15 16:23:15, INFO: 23/3600 episode: Collision! Total Reward: -22.751, R_dan: 0.7, R_goal: 0, R_col: -25.0, R_km: 0.4, R_col_wall: 0, R_wall_min_dist: -0.583, R_way_point_dist: 0.9, R_wp: 0.825, timeout: 0
2025-04-15 16:23:15, INFO: Path length: 15.881751432227349
2025-04-15 16:23:15, INFO: Path left: 63.600490465993964
2025-04-15 16:23:15, INFO: Actions: 30
2025-04-15 16:23:15, INFO: Coordinates: -5.71751906722784 -6.724939044564962
2025-04-15 16:23:15, INFO: Stops times: 0

2025-04-15 16:23:17, INFO: human number: 8
2025-04-15 16:23:18, INFO: running 24/3600 episode, simulation environment: circle_static
2025-04-15 16:23:18, INFO: 24/3600 episode: Collision! Total Reward: -15.11, R_dan: 3.85, R_goal: 0, R_col: -25.0, R_km: -1.0, R_col_wall: 0, R_wall_min_dist: -0.139, R_way_point_dist: 3.03, R_wp: 4.14, timeout: 0
2025-04-15 16:23:18, INFO: Path length: 45.84863830630374
2025-04-15 16:23:18, INFO: Path left: 34.753697139189946
2025-04-15 16:23:18, INFO: Actions: 101
2025-04-15 16:23:18, INFO: Coordinates: 4.088223333470523 13.108464665710926
2025-04-15 16:23:18, INFO: Stops times: 0

2025-04-15 16:23:21, INFO: human number: 8
2025-04-15 16:23:21, INFO: running 25/3600 episode, simulation environment: no
2025-04-15 16:23:21, INFO: 25/3600 episode: Success! Total Reward: 20.56, R_dan: 4.9, R_goal: 10.0, R_col: 0, R_km: 3.25, R_col_wall: 0, R_wall_min_dist: -12.228, R_way_point_dist: 2.94, R_wp: 11.7, timeout: 0
2025-04-15 16:23:21, INFO: Path length: 72.2339464304474
2025-04-15 16:23:21, INFO: Path left: 0
2025-04-15 16:23:21, INFO: Actions: 98
2025-04-15 16:23:21, INFO: Coordinates: -8.48644938133657 30.50919485837221
2025-04-15 16:23:21, INFO: Stops times: 3

2025-04-15 16:23:23, INFO: human number: 8
2025-04-15 16:23:24, INFO: running 26/3600 episode, simulation environment: circle_crossing
2025-04-15 16:23:24, INFO: 26/3600 episode: Collision! Total Reward: -24.308, R_dan: 0.57, R_goal: 0, R_col: -25.0, R_km: -0.45, R_col_wall: 0, R_wall_min_dist: 0.028, R_way_point_dist: 0.39, R_wp: 0.15, timeout: 0
2025-04-15 16:23:24, INFO: Path length: 5.478980353031766
2025-04-15 16:23:24, INFO: Path left: 74.43014954297367
2025-04-15 16:23:24, INFO: Actions: 13
2025-04-15 16:23:24, INFO: Coordinates: 3.866259202361107 -9.34293583035469
2025-04-15 16:23:24, INFO: Stops times: 1

2025-04-15 16:23:27, INFO: human number: 8
2025-04-15 16:23:27, INFO: running 27/3600 episode, simulation environment: circle_static
2025-04-15 16:23:28, INFO: 27/3600 episode: Success! Total Reward: 18.646, R_dan: 7.32, R_goal: 10.0, R_col: 0, R_km: -10.1, R_col_wall: 0, R_wall_min_dist: -5.475, R_way_point_dist: 5.16, R_wp: 11.7, timeout: 0
2025-04-15 16:23:28, INFO: Path length: 78.19483434849771
2025-04-15 16:23:28, INFO: Path left: 0
2025-04-15 16:23:28, INFO: Actions: 172
2025-04-15 16:23:28, INFO: Coordinates: -8.70181558188051 30.76034263893962
2025-04-15 16:23:28, INFO: Stops times: 0

2025-04-15 16:23:30, INFO: human number: 8
2025-04-15 16:23:30, INFO: running 28/3600 episode, simulation environment: no
2025-04-15 16:23:31, INFO: 28/3600 episode: Success! Total Reward: 20.56, R_dan: 4.9, R_goal: 10.0, R_col: 0, R_km: 3.25, R_col_wall: 0, R_wall_min_dist: -12.228, R_way_point_dist: 2.94, R_wp: 11.7, timeout: 0
2025-04-15 16:23:31, INFO: Path length: 72.2339464304474
2025-04-15 16:23:31, INFO: Path left: 0
2025-04-15 16:23:31, INFO: Actions: 98
2025-04-15 16:23:31, INFO: Coordinates: -8.48644938133657 30.50919485837221
2025-04-15 16:23:31, INFO: Stops times: 3

2025-04-15 16:23:33, INFO: human number: 8
2025-04-15 16:23:34, INFO: running 29/3600 episode, simulation environment: circle_crossing
2025-04-15 16:23:34, INFO: 29/3600 episode: Collision! Total Reward: -25.385, R_dan: 0.38, R_goal: 0, R_col: -25.0, R_km: -0.95, R_col_wall: 0, R_wall_min_dist: -0.552, R_way_point_dist: 0.42, R_wp: 0.315, timeout: 0
2025-04-15 16:23:34, INFO: Path length: 10.417127112616418
2025-04-15 16:23:34, INFO: Path left: 69.9719633778765
2025-04-15 16:23:34, INFO: Actions: 14
2025-04-15 16:23:34, INFO: Coordinates: -0.5779033824801445 -7.889758350327611
2025-04-15 16:23:34, INFO: Stops times: 1

2025-04-15 16:23:36, INFO: human number: 8
2025-04-15 16:23:37, INFO: running 30/3600 episode, simulation environment: circle_static
2025-04-15 16:23:37, INFO: 30/3600 episode: Success! Total Reward: 27.656, R_dan: 5.7, R_goal: 10.0, R_col: 0, R_km: 3.5, R_col_wall: 0, R_wall_min_dist: -6.669, R_way_point_dist: 3.42, R_wp: 11.7, timeout: 0
2025-04-15 16:23:37, INFO: Path length: 75.67287345439176
2025-04-15 16:23:37, INFO: Path left: 0
2025-04-15 16:23:37, INFO: Actions: 114
2025-04-15 16:23:37, INFO: Coordinates: -9.759081594180316 31.482368286466226
2025-04-15 16:23:37, INFO: Stops times: 2

2025-04-15 16:23:40, INFO: human number: 8
2025-04-15 16:23:40, INFO: running 31/3600 episode, simulation environment: no
2025-04-15 16:23:40, INFO: 31/3600 episode: Success! Total Reward: 20.56, R_dan: 4.9, R_goal: 10.0, R_col: 0, R_km: 3.25, R_col_wall: 0, R_wall_min_dist: -12.228, R_way_point_dist: 2.94, R_wp: 11.7, timeout: 0
2025-04-15 16:23:40, INFO: Path length: 72.2339464304474
2025-04-15 16:23:40, INFO: Path left: 0
2025-04-15 16:23:40, INFO: Actions: 98
2025-04-15 16:23:40, INFO: Coordinates: -8.48644938133657 30.50919485837221
2025-04-15 16:23:40, INFO: Stops times: 3

2025-04-15 16:23:43, INFO: human number: 8
2025-04-15 16:23:43, INFO: running 32/3600 episode, simulation environment: circle_crossing
2025-04-15 16:23:43, INFO: 32/3600 episode: Collision! Total Reward: -24.159, R_dan: 0.34, R_goal: 0, R_col: -25.0, R_km: -0.05, R_col_wall: 0, R_wall_min_dist: 0.021, R_way_point_dist: 0.3, R_wp: 0.225, timeout: 0
2025-04-15 16:23:43, INFO: Path length: 9.512680433149264
2025-04-15 16:23:43, INFO: Path left: 71.59835910071699
2025-04-15 16:23:43, INFO: Actions: 10
2025-04-15 16:23:43, INFO: Coordinates: 1.0464341789484024 -9.185817094519734
2025-04-15 16:23:43, INFO: Stops times: 0

2025-04-15 16:23:46, INFO: human number: 8
2025-04-15 16:23:46, INFO: running 33/3600 episode, simulation environment: circle_static
2025-04-15 16:23:47, INFO: 33/3600 episode: Success! Total Reward: 28.348, R_dan: 5.84, R_goal: 10.0, R_col: 0, R_km: 1.15, R_col_wall: 0, R_wall_min_dist: -4.387, R_way_point_dist: 4.04, R_wp: 11.7, timeout: 0
2025-04-15 16:23:47, INFO: Path length: 79.05230510657795
2025-04-15 16:23:47, INFO: Path left: 0
2025-04-15 16:23:47, INFO: Actions: 144
2025-04-15 16:23:47, INFO: Coordinates: -9.586564568802714 30.68377362936735
2025-04-15 16:23:47, INFO: Stops times: 2

2025-04-15 16:23:49, INFO: human number: 8
2025-04-15 16:23:49, INFO: running 34/3600 episode, simulation environment: no
2025-04-15 16:23:50, INFO: 34/3600 episode: Success! Total Reward: 20.56, R_dan: 4.9, R_goal: 10.0, R_col: 0, R_km: 3.25, R_col_wall: 0, R_wall_min_dist: -12.228, R_way_point_dist: 2.94, R_wp: 11.7, timeout: 0
2025-04-15 16:23:50, INFO: Path length: 72.2339464304474
2025-04-15 16:23:50, INFO: Path left: 0
2025-04-15 16:23:50, INFO: Actions: 98
2025-04-15 16:23:50, INFO: Coordinates: -8.48644938133657 30.50919485837221
2025-04-15 16:23:50, INFO: Stops times: 3

2025-04-15 16:23:52, INFO: human number: 8
2025-04-15 16:23:53, INFO: running 35/3600 episode, simulation environment: circle_crossing
2025-04-15 16:23:53, INFO: 35/3600 episode: Collision! Total Reward: -22.31, R_dan: 1.49, R_goal: 0, R_col: -25.0, R_km: -0.05, R_col_wall: 0, R_wall_min_dist: -2.748, R_way_point_dist: 1.95, R_wp: 2.04, timeout: 0
2025-04-15 16:23:53, INFO: Path length: 28.19059053248165
2025-04-15 16:23:53, INFO: Path left: 50.18248341202142
2025-04-15 16:23:53, INFO: Actions: 65
2025-04-15 16:23:53, INFO: Coordinates: -7.7855325154960155 4.6401024498045444
2025-04-15 16:23:53, INFO: Stops times: 0

2025-04-15 16:23:56, INFO: human number: 8
2025-04-15 16:23:56, INFO: running 36/3600 episode, simulation environment: circle_static
2025-04-15 16:23:57, INFO: 36/3600 episode: Collision! Total Reward: -23.812, R_dan: 3.68, R_goal: 0, R_col: -25.0, R_km: -7.3, R_col_wall: 0, R_wall_min_dist: -1.554, R_way_point_dist: 2.88, R_wp: 3.465, timeout: 0
2025-04-15 16:23:57, INFO: Path length: 40.42966072433355
2025-04-15 16:23:57, INFO: Path left: 40.42112595756087
2025-04-15 16:23:57, INFO: Actions: 96
2025-04-15 16:23:57, INFO: Coordinates: -0.3666835278272629 9.58227589726448
2025-04-15 16:23:57, INFO: Stops times: 1

2025-04-15 16:23:59, INFO: human number: 8
2025-04-15 16:23:59, INFO: running 37/3600 episode, simulation environment: no
2025-04-15 16:23:59, INFO: 37/3600 episode: Success! Total Reward: 20.56, R_dan: 4.9, R_goal: 10.0, R_col: 0, R_km: 3.25, R_col_wall: 0, R_wall_min_dist: -12.228, R_way_point_dist: 2.94, R_wp: 11.7, timeout: 0
2025-04-15 16:23:59, INFO: Path length: 72.2339464304474
2025-04-15 16:23:59, INFO: Path left: 0
2025-04-15 16:23:59, INFO: Actions: 98
2025-04-15 16:23:59, INFO: Coordinates: -8.48644938133657 30.50919485837221
2025-04-15 16:23:59, INFO: Stops times: 3

2025-04-15 16:24:02, INFO: human number: 8
2025-04-15 16:24:02, INFO: running 38/3600 episode, simulation environment: circle_crossing
2025-04-15 16:24:03, INFO: 38/3600 episode: Collision! Total Reward: -23.442, R_dan: 0.17, R_goal: 0, R_col: -25.0, R_km: 0.65, R_col_wall: 0, R_wall_min_dist: 0.028, R_way_point_dist: 0.39, R_wp: 0.315, timeout: 0
2025-04-15 16:24:03, INFO: Path length: 8.844534357200677
2025-04-15 16:24:03, INFO: Path left: 71.47564199458557
2025-04-15 16:24:03, INFO: Actions: 13
2025-04-15 16:24:03, INFO: Coordinates: 0.903775230050087 -9.777588449418545
2025-04-15 16:24:03, INFO: Stops times: 0

2025-04-15 16:24:05, INFO: human number: 8
2025-04-15 16:24:05, INFO: running 39/3600 episode, simulation environment: circle_static
2025-04-15 16:24:06, INFO: 39/3600 episode: Collision! Total Reward: -24.473, R_dan: 0.26, R_goal: 0, R_col: -25.0, R_km: 0.05, R_col_wall: 0, R_wall_min_dist: -1.481, R_way_point_dist: 1.02, R_wp: 0.675, timeout: 0
2025-04-15 16:24:06, INFO: Path length: 15.63650959087622
2025-04-15 16:24:06, INFO: Path left: 64.12935960136636
2025-04-15 16:24:06, INFO: Actions: 34
2025-04-15 16:24:06, INFO: Coordinates: -5.156556352972984 -6.577071350067854
2025-04-15 16:24:06, INFO: Stops times: 0

2025-04-15 16:24:08, INFO: human number: 8
2025-04-15 16:24:08, INFO: running 40/3600 episode, simulation environment: no
2025-04-15 16:24:08, INFO: 40/3600 episode: Success! Total Reward: 20.56, R_dan: 4.9, R_goal: 10.0, R_col: 0, R_km: 3.25, R_col_wall: 0, R_wall_min_dist: -12.228, R_way_point_dist: 2.94, R_wp: 11.7, timeout: 0
2025-04-15 16:24:08, INFO: Path length: 72.2339464304474
2025-04-15 16:24:08, INFO: Path left: 0
2025-04-15 16:24:08, INFO: Actions: 98
2025-04-15 16:24:08, INFO: Coordinates: -8.48644938133657 30.50919485837221
2025-04-15 16:24:08, INFO: Stops times: 3

2025-04-15 16:24:11, INFO: human number: 8
2025-04-15 16:24:12, INFO: running 41/3600 episode, simulation environment: circle_crossing
2025-04-15 16:24:12, INFO: 41/3600 episode: Collision! Total Reward: -25.219, R_dan: 0.52, R_goal: 0, R_col: -25.0, R_km: 1.65, R_col_wall: 0, R_wall_min_dist: -5.285, R_way_point_dist: 1.32, R_wp: 1.575, timeout: 0
2025-04-15 16:24:12, INFO: Path length: 22.366123879162295
2025-04-15 16:24:12, INFO: Path left: 55.560295818660144
2025-04-15 16:24:12, INFO: Actions: 44
2025-04-15 16:24:12, INFO: Coordinates: -8.136562291532755 -0.07467781007289886
2025-04-15 16:24:12, INFO: Stops times: 0

2025-04-15 16:24:14, INFO: human number: 8
2025-04-15 16:24:15, INFO: running 42/3600 episode, simulation environment: circle_static
2025-04-15 16:24:16, INFO: 42/3600 episode: Success! Total Reward: 34.794, R_dan: 7.07, R_goal: 10.0, R_col: 0, R_km: 3.55, R_col_wall: 0, R_wall_min_dist: -2.052, R_way_point_dist: 4.49, R_wp: 11.7, timeout: 0
2025-04-15 16:24:16, INFO: Path length: 81.69461905457509
2025-04-15 16:24:16, INFO: Path left: 0
2025-04-15 16:24:16, INFO: Actions: 159
2025-04-15 16:24:16, INFO: Coordinates: -10.963141073007137 30.60382866859436
2025-04-15 16:24:16, INFO: Stops times: 1

2025-04-15 16:24:18, INFO: human number: 8
2025-04-15 16:24:18, INFO: running 43/3600 episode, simulation environment: no
2025-04-15 16:24:18, INFO: 43/3600 episode: Success! Total Reward: 20.56, R_dan: 4.9, R_goal: 10.0, R_col: 0, R_km: 3.25, R_col_wall: 0, R_wall_min_dist: -12.228, R_way_point_dist: 2.94, R_wp: 11.7, timeout: 0
2025-04-15 16:24:18, INFO: Path length: 72.2339464304474
2025-04-15 16:24:18, INFO: Path left: 0
2025-04-15 16:24:18, INFO: Actions: 98
2025-04-15 16:24:18, INFO: Coordinates: -8.48644938133657 30.50919485837221
2025-04-15 16:24:18, INFO: Stops times: 3

2025-04-15 16:24:21, INFO: human number: 8
2025-04-15 16:24:21, INFO: running 44/3600 episode, simulation environment: circle_crossing
2025-04-15 16:24:22, INFO: 44/3600 episode: Collision! Total Reward: -16.817, R_dan: 2.39, R_goal: 0, R_col: -25.0, R_km: 2.65, R_col_wall: 0, R_wall_min_dist: -2.594, R_way_point_dist: 2.25, R_wp: 3.465, timeout: 0
2025-04-15 16:24:22, INFO: Path length: 38.085798992996814
2025-04-15 16:24:22, INFO: Path left: 40.09443634666094
2025-04-15 16:24:22, INFO: Actions: 75
2025-04-15 16:24:22, INFO: Coordinates: -0.5274432357400656 10.946907237172127
2025-04-15 16:24:22, INFO: Stops times: 1

2025-04-15 16:24:24, INFO: human number: 8
2025-04-15 16:24:25, INFO: running 45/3600 episode, simulation environment: circle_static
2025-04-15 16:24:25, INFO: 45/3600 episode: Collision! Total Reward: -22.236, R_dan: 1.12, R_goal: 0, R_col: -25.0, R_km: 1.15, R_col_wall: 0, R_wall_min_dist: -2.993, R_way_point_dist: 1.68, R_wp: 1.8, timeout: 0
2025-04-15 16:24:25, INFO: Path length: 25.074713877667865
2025-04-15 16:24:25, INFO: Path left: 53.092798263172554
2025-04-15 16:24:25, INFO: Actions: 56
2025-04-15 16:24:25, INFO: Coordinates: -8.580305876210332 1.9064959175884724
2025-04-15 16:24:25, INFO: Stops times: 0

2025-04-15 16:24:28, INFO: human number: 8
2025-04-15 16:24:28, INFO: running 46/3600 episode, simulation environment: no
2025-04-15 16:24:28, INFO: 46/3600 episode: Success! Total Reward: 20.56, R_dan: 4.9, R_goal: 10.0, R_col: 0, R_km: 3.25, R_col_wall: 0, R_wall_min_dist: -12.228, R_way_point_dist: 2.94, R_wp: 11.7, timeout: 0
2025-04-15 16:24:28, INFO: Path length: 72.2339464304474
2025-04-15 16:24:28, INFO: Path left: 0
2025-04-15 16:24:28, INFO: Actions: 98
2025-04-15 16:24:28, INFO: Coordinates: -8.48644938133657 30.50919485837221
2025-04-15 16:24:28, INFO: Stops times: 3

2025-04-15 16:24:30, INFO: human number: 8
2025-04-15 16:24:31, INFO: running 47/3600 episode, simulation environment: circle_crossing
2025-04-15 16:24:31, INFO: 47/3600 episode: Collision! Total Reward: -23.687, R_dan: 1.57, R_goal: 0, R_col: -25.0, R_km: 0.0, R_col_wall: 0, R_wall_min_dist: -2.243, R_way_point_dist: 0.99, R_wp: 0.99, timeout: 0
2025-04-15 16:24:31, INFO: Path length: 16.806839564208726
2025-04-15 16:24:31, INFO: Path left: 62.07843231570332
2025-04-15 16:24:31, INFO: Actions: 33
2025-04-15 16:24:31, INFO: Coordinates: -6.126712001860142 -5.386206645518541
2025-04-15 16:24:31, INFO: Stops times: 0

2025-04-15 16:24:34, INFO: human number: 8
2025-04-15 16:24:34, INFO: running 48/3600 episode, simulation environment: circle_static
2025-04-15 16:24:34, INFO: 48/3600 episode: Collision! Total Reward: -22.682, R_dan: 0.93, R_goal: 0, R_col: -25.0, R_km: 0.15, R_col_wall: 0, R_wall_min_dist: 0.06, R_way_point_dist: 0.75, R_wp: 0.42, timeout: 0
2025-04-15 16:24:34, INFO: Path length: 11.526685076341874
2025-04-15 16:24:34, INFO: Path left: 68.77206152347175
2025-04-15 16:24:34, INFO: Actions: 25
2025-04-15 16:24:34, INFO: Coordinates: -1.5649495720863342 -8.88150795456022
2025-04-15 16:24:34, INFO: Stops times: 0

2025-04-15 16:24:37, INFO: human number: 8
2025-04-15 16:24:37, INFO: running 49/3600 episode, simulation environment: no
2025-04-15 16:24:37, INFO: 49/3600 episode: Success! Total Reward: 20.56, R_dan: 4.9, R_goal: 10.0, R_col: 0, R_km: 3.25, R_col_wall: 0, R_wall_min_dist: -12.228, R_way_point_dist: 2.94, R_wp: 11.7, timeout: 0
2025-04-15 16:24:37, INFO: Path length: 72.2339464304474
2025-04-15 16:24:37, INFO: Path left: 0
2025-04-15 16:24:37, INFO: Actions: 98
2025-04-15 16:24:37, INFO: Coordinates: -8.48644938133657 30.50919485837221
2025-04-15 16:24:37, INFO: Stops times: 3

2025-04-15 16:24:39, INFO: human number: 8
2025-04-15 16:24:40, INFO: running 50/3600 episode, simulation environment: circle_crossing
2025-04-15 16:24:41, INFO: 50/3600 episode: Collision! Total Reward: -25.686, R_dan: 3.09, R_goal: 0, R_col: -25.0, R_km: -2.7, R_col_wall: 0, R_wall_min_dist: -8.614, R_way_point_dist: 2.67, R_wp: 4.875, timeout: 0
2025-04-15 16:24:41, INFO: Path length: 44.20718122054201
2025-04-15 16:24:41, INFO: Path left: 31.558759989942413
2025-04-15 16:24:41, INFO: Actions: 89
2025-04-15 16:24:41, INFO: Coordinates: 5.809582543559372 15.244276516139507
2025-04-15 16:24:41, INFO: Stops times: 2

2025-04-15 16:24:43, INFO: human number: 8
2025-04-15 16:24:43, INFO: running 51/3600 episode, simulation environment: circle_static
2025-04-15 16:24:44, INFO: 51/3600 episode: Success! Total Reward: 34.796, R_dan: 6.67, R_goal: 10.0, R_col: 0, R_km: 3.7, R_col_wall: 0, R_wall_min_dist: -1.844, R_way_point_dist: 4.53, R_wp: 11.7, timeout: 0
2025-04-15 16:24:44, INFO: Path length: 77.59522670245975
2025-04-15 16:24:44, INFO: Path left: 0
2025-04-15 16:24:44, INFO: Actions: 151
2025-04-15 16:24:44, INFO: Coordinates: -8.431180824991316 30.62554082274437
2025-04-15 16:24:44, INFO: Stops times: 1

2025-04-15 16:24:47, INFO: human number: 8
2025-04-15 16:24:47, INFO: running 52/3600 episode, simulation environment: no
2025-04-15 16:24:47, INFO: 52/3600 episode: Success! Total Reward: 20.56, R_dan: 4.9, R_goal: 10.0, R_col: 0, R_km: 3.25, R_col_wall: 0, R_wall_min_dist: -12.228, R_way_point_dist: 2.94, R_wp: 11.7, timeout: 0
2025-04-15 16:24:47, INFO: Path length: 72.2339464304474
2025-04-15 16:24:47, INFO: Path left: 0
2025-04-15 16:24:47, INFO: Actions: 98
2025-04-15 16:24:47, INFO: Coordinates: -8.48644938133657 30.50919485837221
2025-04-15 16:24:47, INFO: Stops times: 3

2025-04-15 16:24:49, INFO: human number: 8
2025-04-15 16:24:50, INFO: running 53/3600 episode, simulation environment: circle_crossing
2025-04-15 16:24:50, INFO: 53/3600 episode: Collision! Total Reward: -23.284, R_dan: 0.49, R_goal: 0, R_col: -25.0, R_km: 0.65, R_col_wall: 0, R_wall_min_dist: 0.028, R_way_point_dist: 0.39, R_wp: 0.15, timeout: 0
2025-04-15 16:24:50, INFO: Path length: 6.258505072259677
2025-04-15 16:24:50, INFO: Path left: 74.38842594706574
2025-04-15 16:24:50, INFO: Actions: 13
2025-04-15 16:24:50, INFO: Coordinates: 3.813500851392746 -9.160401850938797
2025-04-15 16:24:50, INFO: Stops times: 0

2025-04-15 16:24:53, INFO: human number: 8
2025-04-15 16:24:53, INFO: running 54/3600 episode, simulation environment: circle_static
2025-04-15 16:24:54, INFO: 54/3600 episode: Success! Total Reward: 30.46, R_dan: 7.05, R_goal: 10.0, R_col: 0, R_km: -0.25, R_col_wall: 0, R_wall_min_dist: -2.538, R_way_point_dist: 4.47, R_wp: 11.7, timeout: 0
2025-04-15 16:24:54, INFO: Path length: 77.81255361061154
2025-04-15 16:24:54, INFO: Path left: 0
2025-04-15 16:24:54, INFO: Actions: 149
2025-04-15 16:24:54, INFO: Coordinates: -8.245809520594776 30.616722150240093
2025-04-15 16:24:54, INFO: Stops times: 1

2025-04-15 16:24:56, INFO: human number: 8
2025-04-15 16:24:56, INFO: running 55/3600 episode, simulation environment: no
2025-04-15 16:24:57, INFO: 55/3600 episode: Success! Total Reward: 20.56, R_dan: 4.9, R_goal: 10.0, R_col: 0, R_km: 3.25, R_col_wall: 0, R_wall_min_dist: -12.228, R_way_point_dist: 2.94, R_wp: 11.7, timeout: 0
2025-04-15 16:24:57, INFO: Path length: 72.2339464304474
2025-04-15 16:24:57, INFO: Path left: 0
2025-04-15 16:24:57, INFO: Actions: 98
2025-04-15 16:24:57, INFO: Coordinates: -8.48644938133657 30.50919485837221
2025-04-15 16:24:57, INFO: Stops times: 3

2025-04-15 16:24:59, INFO: human number: 8
2025-04-15 16:25:00, INFO: running 56/3600 episode, simulation environment: circle_crossing
2025-04-15 16:25:01, INFO: 56/3600 episode: Success! Total Reward: 29.184, R_dan: 5.55, R_goal: 10.0, R_col: 0, R_km: 3.95, R_col_wall: 0, R_wall_min_dist: -6.39, R_way_point_dist: 4.38, R_wp: 11.7, timeout: 0
2025-04-15 16:25:01, INFO: Path length: 86.37972229904744
2025-04-15 16:25:01, INFO: Path left: 0
2025-04-15 16:25:01, INFO: Actions: 167
2025-04-15 16:25:01, INFO: Coordinates: -9.446959310211241 30.654486346058547
2025-04-15 16:25:01, INFO: Stops times: 0

2025-04-15 16:25:03, INFO: human number: 8
2025-04-15 16:25:04, INFO: running 57/3600 episode, simulation environment: circle_static
2025-04-15 16:25:04, INFO: 57/3600 episode: Success! Total Reward: 25.425, R_dan: 5.45, R_goal: 10.0, R_col: 0, R_km: 4.9, R_col_wall: 0, R_wall_min_dist: -9.904, R_way_point_dist: 3.27, R_wp: 11.7, timeout: 0
2025-04-15 16:25:04, INFO: Path length: 73.50832077889115
2025-04-15 16:25:04, INFO: Path left: 0
2025-04-15 16:25:04, INFO: Actions: 109
2025-04-15 16:25:04, INFO: Coordinates: -8.549347752705216 30.763363918289542
2025-04-15 16:25:04, INFO: Stops times: 1

2025-04-15 16:25:07, INFO: human number: 8
2025-04-15 16:25:07, INFO: running 58/3600 episode, simulation environment: no
2025-04-15 16:25:07, INFO: 58/3600 episode: Success! Total Reward: 20.56, R_dan: 4.9, R_goal: 10.0, R_col: 0, R_km: 3.25, R_col_wall: 0, R_wall_min_dist: -12.228, R_way_point_dist: 2.94, R_wp: 11.7, timeout: 0
2025-04-15 16:25:07, INFO: Path length: 72.2339464304474
2025-04-15 16:25:07, INFO: Path left: 0
2025-04-15 16:25:07, INFO: Actions: 98
2025-04-15 16:25:07, INFO: Coordinates: -8.48644938133657 30.50919485837221
2025-04-15 16:25:07, INFO: Stops times: 3

2025-04-15 16:25:09, INFO: human number: 8
2025-04-15 16:25:10, INFO: running 59/3600 episode, simulation environment: circle_crossing
2025-04-15 16:25:10, INFO: 59/3600 episode: Collision! Total Reward: -28.145, R_dan: 0.3, R_goal: 0, R_col: -25.0, R_km: -3.7, R_col_wall: 0, R_wall_min_dist: 0.03, R_way_point_dist: 0.07, R_wp: 0.15, timeout: 0
2025-04-15 16:25:10, INFO: Path length: 5.362281254197409
2025-04-15 16:25:10, INFO: Path left: 75.18584627620895
2025-04-15 16:25:10, INFO: Actions: 14
2025-04-15 16:25:10, INFO: Coordinates: 4.622267598286271 -9.661474768072367
2025-04-15 16:25:10, INFO: Stops times: 1

2025-04-15 16:25:13, INFO: human number: 8
2025-04-15 16:25:13, INFO: running 60/3600 episode, simulation environment: circle_static
2025-04-15 16:25:13, INFO: 60/3600 episode: Collision! Total Reward: -24.729, R_dan: 0.54, R_goal: 0, R_col: -25.0, R_km: -0.95, R_col_wall: 0, R_wall_min_dist: 0.03, R_way_point_dist: 0.42, R_wp: 0.225, timeout: 0
2025-04-15 16:25:13, INFO: Path length: 6.686183343849938
2025-04-15 16:25:13, INFO: Path left: 73.17658347712218
2025-04-15 16:25:13, INFO: Actions: 14
2025-04-15 16:25:13, INFO: Coordinates: 2.6220823228359222 -9.09044761583209
2025-04-15 16:25:13, INFO: Stops times: 1

2025-04-15 16:25:16, INFO: human number: 8
2025-04-15 16:25:16, INFO: running 61/3600 episode, simulation environment: no
2025-04-15 16:25:16, INFO: 61/3600 episode: Success! Total Reward: 20.56, R_dan: 4.9, R_goal: 10.0, R_col: 0, R_km: 3.25, R_col_wall: 0, R_wall_min_dist: -12.228, R_way_point_dist: 2.94, R_wp: 11.7, timeout: 0
2025-04-15 16:25:16, INFO: Path length: 72.2339464304474
2025-04-15 16:25:16, INFO: Path left: 0
2025-04-15 16:25:16, INFO: Actions: 98
2025-04-15 16:25:16, INFO: Coordinates: -8.48644938133657 30.50919485837221
2025-04-15 16:25:16, INFO: Stops times: 3

2025-04-15 16:25:18, INFO: human number: 8
2025-04-15 16:25:19, INFO: running 62/3600 episode, simulation environment: circle_crossing
2025-04-15 16:25:20, INFO: 62/3600 episode: Success! Total Reward: 31.474, R_dan: 6.82, R_goal: 10.0, R_col: 0, R_km: 3.3, R_col_wall: 0, R_wall_min_dist: -4.855, R_way_point_dist: 4.48, R_wp: 11.7, timeout: 0
2025-04-15 16:25:20, INFO: Path length: 78.27531892787884
2025-04-15 16:25:20, INFO: Path left: 0
2025-04-15 16:25:20, INFO: Actions: 154
2025-04-15 16:25:20, INFO: Coordinates: -9.949429056607187 31.55819708481431
2025-04-15 16:25:20, INFO: Stops times: 0

2025-04-15 16:25:22, INFO: human number: 8
2025-04-15 16:25:23, INFO: running 63/3600 episode, simulation environment: circle_static
2025-04-15 16:25:24, INFO: 63/3600 episode: Success! Total Reward: 28.542, R_dan: 7.64, R_goal: 10.0, R_col: 0, R_km: 4.35, R_col_wall: 0, R_wall_min_dist: -9.958, R_way_point_dist: 4.78, R_wp: 11.7, timeout: 0
2025-04-15 16:25:24, INFO: Path length: 76.90707431533026
2025-04-15 16:25:24, INFO: Path left: 0
2025-04-15 16:25:24, INFO: Actions: 164
2025-04-15 16:25:24, INFO: Coordinates: -10.000090660527349 30.435070652514696
2025-04-15 16:25:24, INFO: Stops times: 0

2025-04-15 16:25:26, INFO: human number: 8
2025-04-15 16:25:26, INFO: running 64/3600 episode, simulation environment: no
2025-04-15 16:25:26, INFO: 64/3600 episode: Success! Total Reward: 20.56, R_dan: 4.9, R_goal: 10.0, R_col: 0, R_km: 3.25, R_col_wall: 0, R_wall_min_dist: -12.228, R_way_point_dist: 2.94, R_wp: 11.7, timeout: 0
2025-04-15 16:25:26, INFO: Path length: 72.2339464304474
2025-04-15 16:25:26, INFO: Path left: 0
2025-04-15 16:25:26, INFO: Actions: 98
2025-04-15 16:25:26, INFO: Coordinates: -8.48644938133657 30.50919485837221
2025-04-15 16:25:26, INFO: Stops times: 3

2025-04-15 16:25:29, INFO: human number: 8
2025-04-15 16:25:29, INFO: running 65/3600 episode, simulation environment: circle_crossing
2025-04-15 16:25:30, INFO: 65/3600 episode: Collision! Total Reward: -23.762, R_dan: 0.0, R_goal: 0, R_col: -25.0, R_km: 0.8, R_col_wall: 0, R_wall_min_dist: -0.361, R_way_point_dist: 0.48, R_wp: 0.315, timeout: 0
2025-04-15 16:25:30, INFO: Path length: 10.869947278328837
2025-04-15 16:25:30, INFO: Path left: 69.77447475815741
2025-04-15 16:25:30, INFO: Actions: 16
2025-04-15 16:25:30, INFO: Coordinates: -0.7229932397603989 -8.163500234484673
2025-04-15 16:25:30, INFO: Stops times: 0

2025-04-15 16:25:32, INFO: human number: 8
2025-04-15 16:25:33, INFO: running 66/3600 episode, simulation environment: circle_static
2025-04-15 16:25:33, INFO: 66/3600 episode: Collision! Total Reward: -24.301, R_dan: 0.93, R_goal: 0, R_col: -25.0, R_km: 0.8, R_col_wall: 0, R_wall_min_dist: -4.307, R_way_point_dist: 1.47, R_wp: 1.8, timeout: 0
2025-04-15 16:25:33, INFO: Path length: 24.96603578086503
2025-04-15 16:25:33, INFO: Path left: 52.51203337296814
2025-04-15 16:25:33, INFO: Actions: 49
2025-04-15 16:25:33, INFO: Coordinates: -7.860761530697346 2.301610391587019
2025-04-15 16:25:33, INFO: Stops times: 0

2025-04-15 16:25:35, INFO: human number: 8
2025-04-15 16:25:35, INFO: running 67/3600 episode, simulation environment: no
2025-04-15 16:25:36, INFO: 67/3600 episode: Success! Total Reward: 20.56, R_dan: 4.9, R_goal: 10.0, R_col: 0, R_km: 3.25, R_col_wall: 0, R_wall_min_dist: -12.228, R_way_point_dist: 2.94, R_wp: 11.7, timeout: 0
2025-04-15 16:25:36, INFO: Path length: 72.2339464304474
2025-04-15 16:25:36, INFO: Path left: 0
2025-04-15 16:25:36, INFO: Actions: 98
2025-04-15 16:25:36, INFO: Coordinates: -8.48644938133657 30.50919485837221
2025-04-15 16:25:36, INFO: Stops times: 3

2025-04-15 16:25:38, INFO: human number: 8
2025-04-15 16:25:39, INFO: running 68/3600 episode, simulation environment: circle_crossing
2025-04-15 16:25:39, INFO: 68/3600 episode: Success! Total Reward: 33.927, R_dan: 7.11, R_goal: 10.0, R_col: 0, R_km: 3.35, R_col_wall: 0, R_wall_min_dist: -2.634, R_way_point_dist: 4.37, R_wp: 11.7, timeout: 0
2025-04-15 16:25:39, INFO: Path length: 80.51630996269557
2025-04-15 16:25:39, INFO: Path left: 0
2025-04-15 16:25:39, INFO: Actions: 155
2025-04-15 16:25:39, INFO: Coordinates: -10.853568599792197 31.6137033123523
2025-04-15 16:25:39, INFO: Stops times: 0

2025-04-15 16:25:42, INFO: human number: 8
2025-04-15 16:25:42, INFO: running 69/3600 episode, simulation environment: circle_static
2025-04-15 16:25:43, INFO: 69/3600 episode: Collision! Total Reward: -22.905, R_dan: 1.51, R_goal: 0, R_col: -25.0, R_km: 0.5, R_col_wall: 0, R_wall_min_dist: -2.38, R_way_point_dist: 1.29, R_wp: 1.17, timeout: 0
2025-04-15 16:25:43, INFO: Path length: 21.468727067769976
2025-04-15 16:25:43, INFO: Path left: 57.58463840014596
2025-04-15 16:25:43, INFO: Actions: 43
2025-04-15 16:25:43, INFO: Coordinates: -9.334787786006927 -1.9573836922645569
2025-04-15 16:25:43, INFO: Stops times: 1

2025-04-15 16:25:45, INFO: human number: 8
2025-04-15 16:25:45, INFO: running 70/3600 episode, simulation environment: no
2025-04-15 16:25:45, INFO: 70/3600 episode: Success! Total Reward: 20.56, R_dan: 4.9, R_goal: 10.0, R_col: 0, R_km: 3.25, R_col_wall: 0, R_wall_min_dist: -12.228, R_way_point_dist: 2.94, R_wp: 11.7, timeout: 0
2025-04-15 16:25:45, INFO: Path length: 72.2339464304474
2025-04-15 16:25:45, INFO: Path left: 0
2025-04-15 16:25:45, INFO: Actions: 98
2025-04-15 16:25:45, INFO: Coordinates: -8.48644938133657 30.50919485837221
2025-04-15 16:25:45, INFO: Stops times: 3

2025-04-15 16:25:48, INFO: human number: 8
2025-04-15 16:25:49, INFO: running 71/3600 episode, simulation environment: circle_crossing
2025-04-15 16:25:49, INFO: 71/3600 episode: Collision! Total Reward: -23.105, R_dan: 0.17, R_goal: 0, R_col: -25.0, R_km: 0.5, R_col_wall: 0, R_wall_min_dist: 0.049, R_way_point_dist: 0.63, R_wp: 0.54, timeout: 0
2025-04-15 16:25:49, INFO: Path length: 12.769206244124145
2025-04-15 16:25:49, INFO: Path left: 67.59273855522962
2025-04-15 16:25:49, INFO: Actions: 21
2025-04-15 16:25:49, INFO: Coordinates: -2.637889340519905 -8.720220282673836
2025-04-15 16:25:49, INFO: Stops times: 1

2025-04-15 16:25:51, INFO: human number: 8
2025-04-15 16:25:52, INFO: running 72/3600 episode, simulation environment: circle_static
2025-04-15 16:25:52, INFO: 72/3600 episode: Collision! Total Reward: -22.647, R_dan: 0.6, R_goal: 0, R_col: -25.0, R_km: 0.3, R_col_wall: 0, R_wall_min_dist: 0.068, R_way_point_dist: 0.84, R_wp: 0.54, timeout: 0
2025-04-15 16:25:52, INFO: Path length: 13.831009302673152
2025-04-15 16:25:52, INFO: Path left: 66.39114708277275
2025-04-15 16:25:52, INFO: Actions: 28
2025-04-15 16:25:52, INFO: Coordinates: -4.167746484279633 -8.809614596888423
2025-04-15 16:25:52, INFO: Stops times: 0

2025-04-15 16:25:54, INFO: human number: 8
2025-04-15 16:25:54, INFO: running 73/3600 episode, simulation environment: no
2025-04-15 16:25:55, INFO: 73/3600 episode: Success! Total Reward: 20.56, R_dan: 4.9, R_goal: 10.0, R_col: 0, R_km: 3.25, R_col_wall: 0, R_wall_min_dist: -12.228, R_way_point_dist: 2.94, R_wp: 11.7, timeout: 0
2025-04-15 16:25:55, INFO: Path length: 72.2339464304474
2025-04-15 16:25:55, INFO: Path left: 0
2025-04-15 16:25:55, INFO: Actions: 98
2025-04-15 16:25:55, INFO: Coordinates: -8.48644938133657 30.50919485837221
2025-04-15 16:25:55, INFO: Stops times: 3

2025-04-15 16:25:57, INFO: human number: 8
2025-04-15 16:25:58, INFO: running 74/3600 episode, simulation environment: circle_crossing
2025-04-15 16:25:58, INFO: 74/3600 episode: Collision! Total Reward: -22.945, R_dan: 1.2, R_goal: 0, R_col: -25.0, R_km: -0.05, R_col_wall: 0, R_wall_min_dist: -0.887, R_way_point_dist: 0.96, R_wp: 0.825, timeout: 0
2025-04-15 16:25:58, INFO: Path length: 16.206536071232506
2025-04-15 16:25:58, INFO: Path left: 63.21463677915799
2025-04-15 16:25:58, INFO: Actions: 32
2025-04-15 16:25:58, INFO: Coordinates: -5.893182974308729 -6.370080031454563
2025-04-15 16:25:58, INFO: Stops times: 0

2025-04-15 16:26:00, INFO: human number: 8
2025-04-15 16:26:01, INFO: running 75/3600 episode, simulation environment: circle_static
2025-04-15 16:26:01, INFO: 75/3600 episode: Collision! Total Reward: -25.547, R_dan: 0.19, R_goal: 0, R_col: -25.0, R_km: -1.45, R_col_wall: 0, R_wall_min_dist: 0.033, R_way_point_dist: 0.45, R_wp: 0.225, timeout: 0
2025-04-15 16:26:01, INFO: Path length: 7.360917391860693
2025-04-15 16:26:01, INFO: Path left: 72.51771727773026
2025-04-15 16:26:01, INFO: Actions: 15
2025-04-15 16:26:01, INFO: Coordinates: 1.9369079247117043 -9.800887087360024
2025-04-15 16:26:01, INFO: Stops times: 1

2025-04-15 16:26:03, INFO: human number: 8
2025-04-15 16:26:03, INFO: running 76/3600 episode, simulation environment: no
2025-04-15 16:26:04, INFO: 76/3600 episode: Success! Total Reward: 20.56, R_dan: 4.9, R_goal: 10.0, R_col: 0, R_km: 3.25, R_col_wall: 0, R_wall_min_dist: -12.228, R_way_point_dist: 2.94, R_wp: 11.7, timeout: 0
2025-04-15 16:26:04, INFO: Path length: 72.2339464304474
2025-04-15 16:26:04, INFO: Path left: 0
2025-04-15 16:26:04, INFO: Actions: 98
2025-04-15 16:26:04, INFO: Coordinates: -8.48644938133657 30.50919485837221
2025-04-15 16:26:04, INFO: Stops times: 3

2025-04-15 16:26:06, INFO: human number: 8
2025-04-15 16:26:07, INFO: running 77/3600 episode, simulation environment: circle_crossing
2025-04-15 16:26:08, INFO: 77/3600 episode: Success! Total Reward: 32.894, R_dan: 6.49, R_goal: 10.0, R_col: 0, R_km: 4.0, R_col_wall: 0, R_wall_min_dist: -3.69, R_way_point_dist: 4.36, R_wp: 11.7, timeout: 0
2025-04-15 16:26:08, INFO: Path length: 81.45562198088743
2025-04-15 16:26:08, INFO: Path left: 0
2025-04-15 16:26:08, INFO: Actions: 157
2025-04-15 16:26:08, INFO: Coordinates: -9.44736101757735 31.091779401525855
2025-04-15 16:26:08, INFO: Stops times: 0

2025-04-15 16:26:10, INFO: human number: 8
2025-04-15 16:26:10, INFO: running 78/3600 episode, simulation environment: circle_static
2025-04-15 16:26:11, INFO: 78/3600 episode: Success! Total Reward: 32.468, R_dan: 6.95, R_goal: 10.0, R_col: 0, R_km: 0.45, R_col_wall: 0, R_wall_min_dist: -1.062, R_way_point_dist: 4.4, R_wp: 11.7, timeout: 0
2025-04-15 16:26:11, INFO: Path length: 83.62532056206581
2025-04-15 16:26:11, INFO: Path left: 0
2025-04-15 16:26:11, INFO: Actions: 163
2025-04-15 16:26:11, INFO: Coordinates: -9.352725698146969 31.08396366611123
2025-04-15 16:26:11, INFO: Stops times: 0

2025-04-15 16:26:14, INFO: human number: 8
2025-04-15 16:26:14, INFO: running 79/3600 episode, simulation environment: no
2025-04-15 16:26:14, INFO: 79/3600 episode: Success! Total Reward: 20.56, R_dan: 4.9, R_goal: 10.0, R_col: 0, R_km: 3.25, R_col_wall: 0, R_wall_min_dist: -12.228, R_way_point_dist: 2.94, R_wp: 11.7, timeout: 0
2025-04-15 16:26:14, INFO: Path length: 72.2339464304474
2025-04-15 16:26:14, INFO: Path left: 0
2025-04-15 16:26:14, INFO: Actions: 98
2025-04-15 16:26:14, INFO: Coordinates: -8.48644938133657 30.50919485837221
2025-04-15 16:26:14, INFO: Stops times: 3

2025-04-15 16:26:17, INFO: human number: 8
2025-04-15 16:26:17, INFO: running 80/3600 episode, simulation environment: circle_crossing
2025-04-15 16:26:18, INFO: 80/3600 episode: Success! Total Reward: 28.082, R_dan: 5.94, R_goal: 10.0, R_col: 0, R_km: 3.9, R_col_wall: 0, R_wall_min_dist: -7.073, R_way_point_dist: 3.59, R_wp: 11.7, timeout: 0
2025-04-15 16:26:18, INFO: Path length: 75.19979328979335
2025-04-15 16:26:18, INFO: Path left: 0
2025-04-15 16:26:18, INFO: Actions: 122
2025-04-15 16:26:18, INFO: Coordinates: -8.612237002700567 30.7548967320472
2025-04-15 16:26:18, INFO: Stops times: 2

2025-04-15 16:26:20, INFO: human number: 8
2025-04-15 16:26:21, INFO: running 81/3600 episode, simulation environment: circle_static
2025-04-15 16:26:21, INFO: 81/3600 episode: Collision! Total Reward: -22.379, R_dan: 2.34, R_goal: 0, R_col: -25.0, R_km: -0.4, R_col_wall: 0, R_wall_min_dist: -2.643, R_way_point_dist: 1.74, R_wp: 1.575, timeout: 0
2025-04-15 16:26:21, INFO: Path length: 25.81321133702848
2025-04-15 16:26:21, INFO: Path left: 53.98897975800341
2025-04-15 16:26:21, INFO: Actions: 58
2025-04-15 16:26:21, INFO: Coordinates: -7.614346754737198 1.6457923464477062
2025-04-15 16:26:21, INFO: Stops times: 1

2025-04-15 16:26:24, INFO: human number: 8
2025-04-15 16:26:24, INFO: running 82/3600 episode, simulation environment: no
2025-04-15 16:26:24, INFO: 82/3600 episode: Success! Total Reward: 20.56, R_dan: 4.9, R_goal: 10.0, R_col: 0, R_km: 3.25, R_col_wall: 0, R_wall_min_dist: -12.228, R_way_point_dist: 2.94, R_wp: 11.7, timeout: 0
2025-04-15 16:26:24, INFO: Path length: 72.2339464304474
2025-04-15 16:26:24, INFO: Path left: 0
2025-04-15 16:26:24, INFO: Actions: 98
2025-04-15 16:26:24, INFO: Coordinates: -8.48644938133657 30.50919485837221
2025-04-15 16:26:24, INFO: Stops times: 3

2025-04-15 16:26:26, INFO: human number: 8
2025-04-15 16:26:27, INFO: running 83/3600 episode, simulation environment: circle_crossing
2025-04-15 16:26:27, INFO: 83/3600 episode: Collision! Total Reward: -18.655, R_dan: 2.02, R_goal: 0, R_col: -25.0, R_km: 3.3, R_col_wall: 0, R_wall_min_dist: -3.536, R_way_point_dist: 1.98, R_wp: 2.565, timeout: 0
2025-04-15 16:26:27, INFO: Path length: 31.985237630168474
2025-04-15 16:26:27, INFO: Path left: 46.35305456084276
2025-04-15 16:26:27, INFO: Actions: 66
2025-04-15 16:26:27, INFO: Coordinates: -5.720227490644902 7.747043579816818
2025-04-15 16:26:27, INFO: Stops times: 0

2025-04-15 16:26:30, INFO: human number: 8
2025-04-15 16:26:30, INFO: running 84/3600 episode, simulation environment: circle_static
2025-04-15 16:26:31, INFO: 84/3600 episode: Collision! Total Reward: -25.462, R_dan: 0.34, R_goal: 0, R_col: -25.0, R_km: -1.15, R_col_wall: 0, R_wall_min_dist: 0.021, R_way_point_dist: 0.23, R_wp: 0.09, timeout: 0
2025-04-15 16:26:31, INFO: Path length: 3.9276635744383293
2025-04-15 16:26:31, INFO: Path left: 75.97897906450372
2025-04-15 16:26:31, INFO: Actions: 10
2025-04-15 16:26:31, INFO: Coordinates: 5.337560057640076 -10.290085423737764
2025-04-15 16:26:31, INFO: Stops times: 1

2025-04-15 16:26:33, INFO: human number: 8
2025-04-15 16:26:33, INFO: running 85/3600 episode, simulation environment: no
2025-04-15 16:26:33, INFO: 85/3600 episode: Success! Total Reward: 20.56, R_dan: 4.9, R_goal: 10.0, R_col: 0, R_km: 3.25, R_col_wall: 0, R_wall_min_dist: -12.228, R_way_point_dist: 2.94, R_wp: 11.7, timeout: 0
2025-04-15 16:26:33, INFO: Path length: 72.2339464304474
2025-04-15 16:26:33, INFO: Path left: 0
2025-04-15 16:26:33, INFO: Actions: 98
2025-04-15 16:26:33, INFO: Coordinates: -8.48644938133657 30.50919485837221
2025-04-15 16:26:33, INFO: Stops times: 3

2025-04-15 16:26:36, INFO: human number: 8
2025-04-15 16:26:36, INFO: running 86/3600 episode, simulation environment: circle_crossing
2025-04-15 16:26:37, INFO: 86/3600 episode: Success! Total Reward: 36.894, R_dan: 7.82, R_goal: 10.0, R_col: 0, R_km: 4.45, R_col_wall: 0, R_wall_min_dist: -1.584, R_way_point_dist: 4.49, R_wp: 11.7, timeout: 0
2025-04-15 16:26:37, INFO: Path length: 83.55567027476123
2025-04-15 16:26:37, INFO: Path left: 0
2025-04-15 16:26:37, INFO: Actions: 166
2025-04-15 16:26:37, INFO: Coordinates: -9.577420001849532 31.429933052510023
2025-04-15 16:26:37, INFO: Stops times: 1

2025-04-15 16:26:40, INFO: human number: 8
2025-04-15 16:26:40, INFO: running 87/3600 episode, simulation environment: circle_static
2025-04-15 16:26:40, INFO: 87/3600 episode: Collision! Total Reward: -24.832, R_dan: 0.18, R_goal: 0, R_col: -25.0, R_km: -0.75, R_col_wall: 0, R_wall_min_dist: 0.041, R_way_point_dist: 0.47, R_wp: 0.225, timeout: 0
2025-04-15 16:26:40, INFO: Path length: 9.351808544420065
2025-04-15 16:26:40, INFO: Path left: 71.65067922501547
2025-04-15 16:26:40, INFO: Actions: 18
2025-04-15 16:26:40, INFO: Coordinates: 1.1008236855268478 -9.303359732031822
2025-04-15 16:26:40, INFO: Stops times: 1

2025-04-15 16:26:43, INFO: human number: 8
2025-04-15 16:26:43, INFO: running 88/3600 episode, simulation environment: no
2025-04-15 16:26:43, INFO: 88/3600 episode: Success! Total Reward: 20.56, R_dan: 4.9, R_goal: 10.0, R_col: 0, R_km: 3.25, R_col_wall: 0, R_wall_min_dist: -12.228, R_way_point_dist: 2.94, R_wp: 11.7, timeout: 0
2025-04-15 16:26:43, INFO: Path length: 72.2339464304474
2025-04-15 16:26:43, INFO: Path left: 0
2025-04-15 16:26:43, INFO: Actions: 98
2025-04-15 16:26:43, INFO: Coordinates: -8.48644938133657 30.50919485837221
2025-04-15 16:26:43, INFO: Stops times: 3

2025-04-15 16:26:45, INFO: human number: 8
2025-04-15 16:26:46, INFO: running 89/3600 episode, simulation environment: circle_crossing
2025-04-15 16:26:47, INFO: 89/3600 episode: Success! Total Reward: 33.168, R_dan: 7.95, R_goal: 10.0, R_col: 0, R_km: 3.95, R_col_wall: 0, R_wall_min_dist: -5.395, R_way_point_dist: 4.94, R_wp: 11.7, timeout: 0
2025-04-15 16:26:47, INFO: Path length: 77.48546886065228
2025-04-15 16:26:47, INFO: Path left: 0
2025-04-15 16:26:47, INFO: Actions: 167
2025-04-15 16:26:47, INFO: Coordinates: -9.775959589984268 31.543187472969294
2025-04-15 16:26:47, INFO: Stops times: 1

2025-04-15 16:26:49, INFO: human number: 8
2025-04-15 16:26:50, INFO: running 90/3600 episode, simulation environment: circle_static
2025-04-15 16:26:50, INFO: 90/3600 episode: Collision! Total Reward: -15.79, R_dan: 2.79, R_goal: 0, R_col: -25.0, R_km: 1.55, R_col_wall: 0, R_wall_min_dist: -1.04, R_way_point_dist: 2.11, R_wp: 3.795, timeout: 0
2025-04-15 16:26:50, INFO: Path length: 40.296587386327865
2025-04-15 16:26:50, INFO: Path left: 38.546630109217446
2025-04-15 16:26:50, INFO: Actions: 75
2025-04-15 16:26:50, INFO: Coordinates: 0.7781886346638203 11.700150473043323
2025-04-15 16:26:50, INFO: Stops times: 1

2025-04-15 16:26:53, INFO: human number: 8
2025-04-15 16:26:53, INFO: running 91/3600 episode, simulation environment: no
2025-04-15 16:26:53, INFO: 91/3600 episode: Success! Total Reward: 20.56, R_dan: 4.9, R_goal: 10.0, R_col: 0, R_km: 3.25, R_col_wall: 0, R_wall_min_dist: -12.228, R_way_point_dist: 2.94, R_wp: 11.7, timeout: 0
2025-04-15 16:26:53, INFO: Path length: 72.2339464304474
2025-04-15 16:26:53, INFO: Path left: 0
2025-04-15 16:26:53, INFO: Actions: 98
2025-04-15 16:26:53, INFO: Coordinates: -8.48644938133657 30.50919485837221
2025-04-15 16:26:53, INFO: Stops times: 3

2025-04-15 16:26:55, INFO: human number: 8
2025-04-15 16:26:56, INFO: running 92/3600 episode, simulation environment: circle_crossing
2025-04-15 16:26:56, INFO: 92/3600 episode: Collision! Total Reward: -25.128, R_dan: 0.44, R_goal: 0, R_col: -25.0, R_km: -1.05, R_col_wall: 0, R_wall_min_dist: 0.026, R_way_point_dist: 0.36, R_wp: 0.09, timeout: 0
2025-04-15 16:26:56, INFO: Path length: 5.173471638490347
2025-04-15 16:26:56, INFO: Path left: 75.39804907819877
2025-04-15 16:26:56, INFO: Actions: 12
2025-04-15 16:26:56, INFO: Coordinates: 4.750341825187206 -10.256066396832466
2025-04-15 16:26:56, INFO: Stops times: 0

2025-04-15 16:26:59, INFO: human number: 8
2025-04-15 16:26:59, INFO: running 93/3600 episode, simulation environment: circle_static
2025-04-15 16:27:00, INFO: 93/3600 episode: Collision! Total Reward: -18.147, R_dan: 3.54, R_goal: 0, R_col: -25.0, R_km: -1.55, R_col_wall: 0, R_wall_min_dist: -1.99, R_way_point_dist: 2.7, R_wp: 4.14, timeout: 0
2025-04-15 16:27:00, INFO: Path length: 42.90232527149257
2025-04-15 16:27:00, INFO: Path left: 36.213280149872844
2025-04-15 16:27:00, INFO: Actions: 90
2025-04-15 16:27:00, INFO: Coordinates: 2.723089632578194 12.586968771182
2025-04-15 16:27:00, INFO: Stops times: 0

2025-04-15 16:27:02, INFO: human number: 8
2025-04-15 16:27:02, INFO: running 94/3600 episode, simulation environment: no
2025-04-15 16:27:02, INFO: 94/3600 episode: Success! Total Reward: 20.56, R_dan: 4.9, R_goal: 10.0, R_col: 0, R_km: 3.25, R_col_wall: 0, R_wall_min_dist: -12.228, R_way_point_dist: 2.94, R_wp: 11.7, timeout: 0
2025-04-15 16:27:02, INFO: Path length: 72.2339464304474
2025-04-15 16:27:02, INFO: Path left: 0
2025-04-15 16:27:02, INFO: Actions: 98
2025-04-15 16:27:02, INFO: Coordinates: -8.48644938133657 30.50919485837221
2025-04-15 16:27:02, INFO: Stops times: 3

2025-04-15 16:27:05, INFO: human number: 8
2025-04-15 16:27:05, INFO: running 95/3600 episode, simulation environment: circle_crossing
2025-04-15 16:27:06, INFO: 95/3600 episode: Success! Total Reward: 31.896, R_dan: 7.9, R_goal: 10.0, R_col: 0, R_km: 0.2, R_col_wall: 0, R_wall_min_dist: -1.818, R_way_point_dist: 3.9, R_wp: 11.7, timeout: 0
2025-04-15 16:27:06, INFO: Path length: 86.30523865495783
2025-04-15 16:27:06, INFO: Path left: 0
2025-04-15 16:27:06, INFO: Actions: 158
2025-04-15 16:27:06, INFO: Coordinates: -9.56448508775793 30.693084482103586
2025-04-15 16:27:06, INFO: Stops times: 0

2025-04-15 16:27:09, INFO: human number: 8
2025-04-15 16:27:09, INFO: running 96/3600 episode, simulation environment: circle_static
2025-04-15 16:27:10, INFO: 96/3600 episode: Collision! Total Reward: -20.665, R_dan: 0.67, R_goal: 0, R_col: -25.0, R_km: 1.1, R_col_wall: 0, R_wall_min_dist: -0.676, R_way_point_dist: 1.65, R_wp: 1.575, timeout: 0
2025-04-15 16:27:10, INFO: Path length: 24.124731740745517
2025-04-15 16:27:10, INFO: Path left: 55.7001304515124
2025-04-15 16:27:10, INFO: Actions: 55
2025-04-15 16:27:10, INFO: Coordinates: -10.007433734834194 -0.07467851229012012
2025-04-15 16:27:10, INFO: Stops times: 0

2025-04-15 16:27:12, INFO: human number: 8
2025-04-15 16:27:12, INFO: running 97/3600 episode, simulation environment: no
2025-04-15 16:27:12, INFO: 97/3600 episode: Success! Total Reward: 20.56, R_dan: 4.9, R_goal: 10.0, R_col: 0, R_km: 3.25, R_col_wall: 0, R_wall_min_dist: -12.228, R_way_point_dist: 2.94, R_wp: 11.7, timeout: 0
2025-04-15 16:27:12, INFO: Path length: 72.2339464304474
2025-04-15 16:27:12, INFO: Path left: 0
2025-04-15 16:27:12, INFO: Actions: 98
2025-04-15 16:27:12, INFO: Coordinates: -8.48644938133657 30.50919485837221
2025-04-15 16:27:12, INFO: Stops times: 3

2025-04-15 16:27:15, INFO: human number: 8
2025-04-15 16:27:15, INFO: running 98/3600 episode, simulation environment: circle_crossing
2025-04-15 16:27:16, INFO: 98/3600 episode: Collision! Total Reward: -24.219, R_dan: 0.2, R_goal: 0, R_col: -25.0, R_km: 0.05, R_col_wall: 0, R_wall_min_dist: -0.058, R_way_point_dist: 0.36, R_wp: 0.225, timeout: 0
2025-04-15 16:27:16, INFO: Path length: 7.806179422671626
2025-04-15 16:27:16, INFO: Path left: 72.24976532282021
2025-04-15 16:27:16, INFO: Actions: 12
2025-04-15 16:27:16, INFO: Coordinates: 1.6392886936664581 -8.623946875333786
2025-04-15 16:27:16, INFO: Stops times: 1

2025-04-15 16:27:18, INFO: human number: 8
2025-04-15 16:27:18, INFO: running 99/3600 episode, simulation environment: circle_static
2025-04-15 16:27:19, INFO: 99/3600 episode: Collision! Total Reward: -24.359, R_dan: 0.35, R_goal: 0, R_col: -25.0, R_km: -0.35, R_col_wall: 0, R_wall_min_dist: 0.033, R_way_point_dist: 0.45, R_wp: 0.15, timeout: 0
2025-04-15 16:27:19, INFO: Path length: 6.758036985347482
2025-04-15 16:27:19, INFO: Path left: 73.95563559511618
2025-04-15 16:27:19, INFO: Actions: 15
2025-04-15 16:27:19, INFO: Coordinates: 3.3931451588869095 -9.39265788346529
2025-04-15 16:27:19, INFO: Stops times: 0

2025-04-15 16:27:21, INFO: human number: 8
2025-04-15 16:27:21, INFO: running 100/3600 episode, simulation environment: no
2025-04-15 16:27:21, INFO: 100/3600 episode: Success! Total Reward: 20.56, R_dan: 4.9, R_goal: 10.0, R_col: 0, R_km: 3.25, R_col_wall: 0, R_wall_min_dist: -12.228, R_way_point_dist: 2.94, R_wp: 11.7, timeout: 0
2025-04-15 16:27:21, INFO: Path length: 72.2339464304474
2025-04-15 16:27:21, INFO: Path left: 0
2025-04-15 16:27:21, INFO: Actions: 98
2025-04-15 16:27:21, INFO: Coordinates: -8.48644938133657 30.50919485837221
2025-04-15 16:27:21, INFO: Stops times: 3

2025-04-15 16:27:24, INFO: human number: 8
2025-04-15 16:27:24, INFO: running 101/3600 episode, simulation environment: circle_crossing
2025-04-15 16:27:25, INFO: 101/3600 episode: Success! Total Reward: 25.74, R_dan: 7.79, R_goal: 10.0, R_col: 0, R_km: -3.9, R_col_wall: 0, R_wall_min_dist: -3.988, R_way_point_dist: 4.13, R_wp: 11.7, timeout: 0
2025-04-15 16:27:25, INFO: Path length: 93.08662513169766
2025-04-15 16:27:25, INFO: Path left: 0
2025-04-15 16:27:25, INFO: Actions: 175
2025-04-15 16:27:25, INFO: Coordinates: -9.463392671197653 30.913416710682213
2025-04-15 16:27:25, INFO: Stops times: 1

2025-04-15 16:27:28, INFO: human number: 8
2025-04-15 16:27:28, INFO: running 102/3600 episode, simulation environment: circle_static
2025-04-15 16:27:29, INFO: 102/3600 episode: Success! Total Reward: 27.04, R_dan: 6.29, R_goal: 10.0, R_col: 0, R_km: 0.8, R_col_wall: 0, R_wall_min_dist: -5.584, R_way_point_dist: 3.83, R_wp: 11.7, timeout: 0
2025-04-15 16:27:29, INFO: Path length: 79.6789904004564
2025-04-15 16:27:29, INFO: Path left: 0
2025-04-15 16:27:29, INFO: Actions: 137
2025-04-15 16:27:29, INFO: Coordinates: -11.159239404834807 31.076055868528783
2025-04-15 16:27:29, INFO: Stops times: 2

2025-04-15 16:27:31, INFO: human number: 8
2025-04-15 16:27:31, INFO: running 103/3600 episode, simulation environment: no
2025-04-15 16:27:32, INFO: 103/3600 episode: Success! Total Reward: 20.56, R_dan: 4.9, R_goal: 10.0, R_col: 0, R_km: 3.25, R_col_wall: 0, R_wall_min_dist: -12.228, R_way_point_dist: 2.94, R_wp: 11.7, timeout: 0
2025-04-15 16:27:32, INFO: Path length: 72.2339464304474
2025-04-15 16:27:32, INFO: Path left: 0
2025-04-15 16:27:32, INFO: Actions: 98
2025-04-15 16:27:32, INFO: Coordinates: -8.48644938133657 30.50919485837221
2025-04-15 16:27:32, INFO: Stops times: 3

2025-04-15 16:27:34, INFO: human number: 8
2025-04-15 16:27:35, INFO: running 104/3600 episode, simulation environment: circle_crossing
2025-04-15 16:27:35, INFO: 104/3600 episode: Collision! Total Reward: -23.729, R_dan: 0.66, R_goal: 0, R_col: -25.0, R_km: -0.2, R_col_wall: 0, R_wall_min_dist: 0.041, R_way_point_dist: 0.54, R_wp: 0.225, timeout: 0
2025-04-15 16:27:35, INFO: Path length: 7.363040583923578
2025-04-15 16:27:35, INFO: Path left: 73.03413475842201
2025-04-15 16:27:35, INFO: Actions: 18
2025-04-15 16:27:35, INFO: Coordinates: 2.481812924146652 -9.149592380970716
2025-04-15 16:27:35, INFO: Stops times: 0

2025-04-15 16:27:37, INFO: human number: 8
2025-04-15 16:27:38, INFO: running 105/3600 episode, simulation environment: circle_static
2025-04-15 16:27:38, INFO: 105/3600 episode: Collision! Total Reward: -23.895, R_dan: 0.44, R_goal: 0, R_col: -25.0, R_km: 0.05, R_col_wall: 0, R_wall_min_dist: 0.026, R_way_point_dist: 0.36, R_wp: 0.225, timeout: 0
2025-04-15 16:27:38, INFO: Path length: 9.195552769991263
2025-04-15 16:27:38, INFO: Path left: 71.95930058611653
2025-04-15 16:27:38, INFO: Actions: 12
2025-04-15 16:27:38, INFO: Coordinates: 1.4073965027928352 -9.419944502413273
2025-04-15 16:27:38, INFO: Stops times: 0

2025-04-15 16:27:40, INFO: human number: 8
2025-04-15 16:27:40, INFO: running 106/3600 episode, simulation environment: no
2025-04-15 16:27:41, INFO: 106/3600 episode: Success! Total Reward: 20.56, R_dan: 4.9, R_goal: 10.0, R_col: 0, R_km: 3.25, R_col_wall: 0, R_wall_min_dist: -12.228, R_way_point_dist: 2.94, R_wp: 11.7, timeout: 0
2025-04-15 16:27:41, INFO: Path length: 72.2339464304474
2025-04-15 16:27:41, INFO: Path left: 0
2025-04-15 16:27:41, INFO: Actions: 98
2025-04-15 16:27:41, INFO: Coordinates: -8.48644938133657 30.50919485837221
2025-04-15 16:27:41, INFO: Stops times: 3

2025-04-15 16:27:43, INFO: human number: 8
2025-04-15 16:27:44, INFO: running 107/3600 episode, simulation environment: circle_crossing
2025-04-15 16:27:44, INFO: 107/3600 episode: Success! Total Reward: 34.094, R_dan: 5.12, R_goal: 10.0, R_col: 0, R_km: 7.2, R_col_wall: 0, R_wall_min_dist: -4.233, R_way_point_dist: 4.32, R_wp: 11.7, timeout: 0
2025-04-15 16:27:44, INFO: Path length: 78.37001415802183
2025-04-15 16:27:44, INFO: Path left: 0
2025-04-15 16:27:44, INFO: Actions: 144
2025-04-15 16:27:44, INFO: Coordinates: -8.96352365333587 30.22853607684374
2025-04-15 16:27:44, INFO: Stops times: 0

2025-04-15 16:27:47, INFO: human number: 8
2025-04-15 16:27:47, INFO: running 108/3600 episode, simulation environment: circle_static
2025-04-15 16:27:48, INFO: 108/3600 episode: Success! Total Reward: 29.678, R_dan: 7.35, R_goal: 10.0, R_col: 0, R_km: -1.75, R_col_wall: 0, R_wall_min_dist: -2.536, R_way_point_dist: 4.89, R_wp: 11.7, timeout: 0
2025-04-15 16:27:48, INFO: Path length: 80.93571818541108
2025-04-15 16:27:48, INFO: Path left: 0
2025-04-15 16:27:48, INFO: Actions: 163
2025-04-15 16:27:48, INFO: Coordinates: -8.545502438209951 30.926356088370085
2025-04-15 16:27:48, INFO: Stops times: 1

2025-04-15 16:27:51, INFO: human number: 8
2025-04-15 16:27:51, INFO: running 109/3600 episode, simulation environment: no
2025-04-15 16:27:51, INFO: 109/3600 episode: Success! Total Reward: 20.56, R_dan: 4.9, R_goal: 10.0, R_col: 0, R_km: 3.25, R_col_wall: 0, R_wall_min_dist: -12.228, R_way_point_dist: 2.94, R_wp: 11.7, timeout: 0
2025-04-15 16:27:51, INFO: Path length: 72.2339464304474
2025-04-15 16:27:51, INFO: Path left: 0
2025-04-15 16:27:51, INFO: Actions: 98
2025-04-15 16:27:51, INFO: Coordinates: -8.48644938133657 30.50919485837221
2025-04-15 16:27:51, INFO: Stops times: 3

2025-04-15 16:27:53, INFO: human number: 8
2025-04-15 16:27:54, INFO: running 110/3600 episode, simulation environment: circle_crossing
2025-04-15 16:27:55, INFO: 110/3600 episode: Success! Total Reward: 33.622, R_dan: 5.27, R_goal: 10.0, R_col: 0, R_km: 5.15, R_col_wall: 0, R_wall_min_dist: -2.94, R_way_point_dist: 4.41, R_wp: 11.7, timeout: 0
2025-04-15 16:27:55, INFO: Path length: 77.77986657637402
2025-04-15 16:27:55, INFO: Path left: 0
2025-04-15 16:27:55, INFO: Actions: 147
2025-04-15 16:27:55, INFO: Coordinates: -8.561294467188418 30.6710731331259
2025-04-15 16:27:55, INFO: Stops times: 0

2025-04-15 16:27:57, INFO: human number: 8
2025-04-15 16:27:58, INFO: running 111/3600 episode, simulation environment: circle_static
2025-04-15 16:27:58, INFO: 111/3600 episode: Collision! Total Reward: -16.435, R_dan: 5.87, R_goal: 0, R_col: -25.0, R_km: -3.15, R_col_wall: 0, R_wall_min_dist: -6.618, R_way_point_dist: 4.05, R_wp: 8.415, timeout: 0
2025-04-15 16:27:58, INFO: Path length: 62.15403694309057
2025-04-15 16:27:58, INFO: Path left: 14.848842420053817
2025-04-15 16:27:58, INFO: Actions: 135
2025-04-15 16:27:58, INFO: Coordinates: 5.165115529671311 30.41911161877215
2025-04-15 16:27:58, INFO: Stops times: 3

2025-04-15 16:28:01, INFO: human number: 8
2025-04-15 16:28:01, INFO: running 112/3600 episode, simulation environment: no
2025-04-15 16:28:01, INFO: 112/3600 episode: Success! Total Reward: 20.56, R_dan: 4.9, R_goal: 10.0, R_col: 0, R_km: 3.25, R_col_wall: 0, R_wall_min_dist: -12.228, R_way_point_dist: 2.94, R_wp: 11.7, timeout: 0
2025-04-15 16:28:01, INFO: Path length: 72.2339464304474
2025-04-15 16:28:01, INFO: Path left: 0
2025-04-15 16:28:01, INFO: Actions: 98
2025-04-15 16:28:01, INFO: Coordinates: -8.48644938133657 30.50919485837221
2025-04-15 16:28:01, INFO: Stops times: 3

2025-04-15 16:28:04, INFO: human number: 8
2025-04-15 16:28:04, INFO: running 113/3600 episode, simulation environment: circle_crossing
2025-04-15 16:28:05, INFO: 113/3600 episode: Collision! Total Reward: -23.359, R_dan: 0.75, R_goal: 0, R_col: -25.0, R_km: 0.05, R_col_wall: 0, R_wall_min_dist: -0.275, R_way_point_dist: 0.69, R_wp: 0.42, timeout: 0
2025-04-15 16:28:05, INFO: Path length: 11.912463498376908
2025-04-15 16:28:05, INFO: Path left: 68.21612798912929
2025-04-15 16:28:05, INFO: Actions: 23
2025-04-15 16:28:05, INFO: Coordinates: -1.9929300472140312 -8.303023021668196
2025-04-15 16:28:05, INFO: Stops times: 1

2025-04-15 16:28:07, INFO: human number: 8
2025-04-15 16:28:07, INFO: running 114/3600 episode, simulation environment: circle_static
2025-04-15 16:28:08, INFO: 114/3600 episode: Collision! Total Reward: -11.266, R_dan: 4.0, R_goal: 0, R_col: -25.0, R_km: 3.8, R_col_wall: 0, R_wall_min_dist: -4.188, R_way_point_dist: 3.6, R_wp: 6.525, timeout: 0
2025-04-15 16:28:08, INFO: Path length: 54.08256360816075
2025-04-15 16:28:08, INFO: Path left: 23.526506747078326
2025-04-15 16:28:08, INFO: Actions: 120
2025-04-15 16:28:08, INFO: Coordinates: 8.977408906444907 21.530460324138403
2025-04-15 16:28:08, INFO: Stops times: 0

2025-04-15 16:28:10, INFO: human number: 8
2025-04-15 16:28:10, INFO: running 115/3600 episode, simulation environment: no
2025-04-15 16:28:11, INFO: 115/3600 episode: Success! Total Reward: 20.56, R_dan: 4.9, R_goal: 10.0, R_col: 0, R_km: 3.25, R_col_wall: 0, R_wall_min_dist: -12.228, R_way_point_dist: 2.94, R_wp: 11.7, timeout: 0
2025-04-15 16:28:11, INFO: Path length: 72.2339464304474
2025-04-15 16:28:11, INFO: Path left: 0
2025-04-15 16:28:11, INFO: Actions: 98
2025-04-15 16:28:11, INFO: Coordinates: -8.48644938133657 30.50919485837221
2025-04-15 16:28:11, INFO: Stops times: 3

2025-04-15 16:28:13, INFO: human number: 8
2025-04-15 16:28:14, INFO: running 116/3600 episode, simulation environment: circle_crossing
2025-04-15 16:28:15, INFO: 116/3600 episode: Success! Total Reward: 35.212, R_dan: 7.32, R_goal: 10.0, R_col: 0, R_km: 5.2, R_col_wall: 0, R_wall_min_dist: -3.05, R_way_point_dist: 4.02, R_wp: 11.7, timeout: 0
2025-04-15 16:28:15, INFO: Path length: 82.54138982549532
2025-04-15 16:28:15, INFO: Path left: 0
2025-04-15 16:28:15, INFO: Actions: 148
2025-04-15 16:28:15, INFO: Coordinates: -9.522981949150562 30.835586125031114
2025-04-15 16:28:15, INFO: Stops times: 1

2025-04-15 16:28:17, INFO: human number: 8
2025-04-15 16:28:17, INFO: running 117/3600 episode, simulation environment: circle_static
2025-04-15 16:28:18, INFO: 117/3600 episode: Success! Total Reward: 25.594, R_dan: 6.1, R_goal: 10.0, R_col: 0, R_km: 3.2, R_col_wall: 0, R_wall_min_dist: -9.316, R_way_point_dist: 3.9, R_wp: 11.7, timeout: 0
2025-04-15 16:28:18, INFO: Path length: 75.02785284434331
2025-04-15 16:28:18, INFO: Path left: 0
2025-04-15 16:28:18, INFO: Actions: 130
2025-04-15 16:28:18, INFO: Coordinates: -8.546665922738612 30.690569788217545
2025-04-15 16:28:18, INFO: Stops times: 1

2025-04-15 16:28:21, INFO: human number: 8
2025-04-15 16:28:21, INFO: running 118/3600 episode, simulation environment: no
2025-04-15 16:28:21, INFO: 118/3600 episode: Success! Total Reward: 20.56, R_dan: 4.9, R_goal: 10.0, R_col: 0, R_km: 3.25, R_col_wall: 0, R_wall_min_dist: -12.228, R_way_point_dist: 2.94, R_wp: 11.7, timeout: 0
2025-04-15 16:28:21, INFO: Path length: 72.2339464304474
2025-04-15 16:28:21, INFO: Path left: 0
2025-04-15 16:28:21, INFO: Actions: 98
2025-04-15 16:28:21, INFO: Coordinates: -8.48644938133657 30.50919485837221
2025-04-15 16:28:21, INFO: Stops times: 3

2025-04-15 16:28:23, INFO: human number: 8
2025-04-15 16:28:24, INFO: running 119/3600 episode, simulation environment: circle_crossing
2025-04-15 16:28:24, INFO: 119/3600 episode: Collision! Total Reward: -22.709, R_dan: 0.42, R_goal: 0, R_col: -25.0, R_km: 0.9, R_col_wall: 0, R_wall_min_dist: 0.005, R_way_point_dist: 0.54, R_wp: 0.42, timeout: 0
2025-04-15 16:28:24, INFO: Path length: 10.806509027802187
2025-04-15 16:28:24, INFO: Path left: 69.20533195197284
2025-04-15 16:28:24, INFO: Actions: 18
2025-04-15 16:28:24, INFO: Coordinates: -1.1084765195846558 -8.864065609872341
2025-04-15 16:28:24, INFO: Stops times: 0

2025-04-15 16:28:26, INFO: human number: 8
2025-04-15 16:28:27, INFO: running 120/3600 episode, simulation environment: circle_static
2025-04-15 16:28:27, INFO: 120/3600 episode: Collision! Total Reward: -23.997, R_dan: 0.19, R_goal: 0, R_col: -25.0, R_km: 0.2, R_col_wall: 0, R_wall_min_dist: 0.01, R_way_point_dist: 0.45, R_wp: 0.15, timeout: 0
2025-04-15 16:28:27, INFO: Path length: 6.849446228095101
2025-04-15 16:28:27, INFO: Path left: 74.51702387147792
2025-04-15 16:28:27, INFO: Actions: 15
2025-04-15 16:28:27, INFO: Coordinates: 3.9148992262780666 -8.909277804195881
2025-04-15 16:28:27, INFO: Stops times: 0

2025-04-15 16:28:30, INFO: human number: 8
2025-04-15 16:28:30, INFO: running 121/3600 episode, simulation environment: no
2025-04-15 16:28:30, INFO: 121/3600 episode: Success! Total Reward: 20.56, R_dan: 4.9, R_goal: 10.0, R_col: 0, R_km: 3.25, R_col_wall: 0, R_wall_min_dist: -12.228, R_way_point_dist: 2.94, R_wp: 11.7, timeout: 0
2025-04-15 16:28:30, INFO: Path length: 72.2339464304474
2025-04-15 16:28:30, INFO: Path left: 0
2025-04-15 16:28:30, INFO: Actions: 98
2025-04-15 16:28:30, INFO: Coordinates: -8.48644938133657 30.50919485837221
2025-04-15 16:28:30, INFO: Stops times: 3

2025-04-15 16:28:32, INFO: human number: 8
2025-04-15 16:28:33, INFO: running 122/3600 episode, simulation environment: circle_crossing
2025-04-15 16:28:33, INFO: 122/3600 episode: Collision! Total Reward: -24.134, R_dan: 0.22, R_goal: 0, R_col: -25.0, R_km: 0.3, R_col_wall: 0, R_wall_min_dist: 0.013, R_way_point_dist: 0.18, R_wp: 0.15, timeout: 0
2025-04-15 16:28:33, INFO: Path length: 6.01677896842628
2025-04-15 16:28:33, INFO: Path left: 75.11142929231106
2025-04-15 16:28:33, INFO: Actions: 6
2025-04-15 16:28:33, INFO: Coordinates: 4.545229732990265 -9.726018629968166
2025-04-15 16:28:33, INFO: Stops times: 0

2025-04-15 16:28:36, INFO: human number: 8
2025-04-15 16:28:36, INFO: running 123/3600 episode, simulation environment: circle_static
2025-04-15 16:28:37, INFO: 123/3600 episode: Success! Total Reward: 31.366, R_dan: 6.98, R_goal: 10.0, R_col: 0, R_km: 4.0, R_col_wall: 0, R_wall_min_dist: -5.416, R_way_point_dist: 4.1, R_wp: 11.7, timeout: 0
2025-04-15 16:28:37, INFO: Path length: 78.44169860756203
2025-04-15 16:28:37, INFO: Path left: 0
2025-04-15 16:28:37, INFO: Actions: 146
2025-04-15 16:28:37, INFO: Coordinates: -9.52262481302023 30.659185505472124
2025-04-15 16:28:37, INFO: Stops times: 0

2025-04-15 16:28:39, INFO: human number: 8
2025-04-15 16:28:39, INFO: running 124/3600 episode, simulation environment: no
2025-04-15 16:28:40, INFO: 124/3600 episode: Success! Total Reward: 20.56, R_dan: 4.9, R_goal: 10.0, R_col: 0, R_km: 3.25, R_col_wall: 0, R_wall_min_dist: -12.228, R_way_point_dist: 2.94, R_wp: 11.7, timeout: 0
2025-04-15 16:28:40, INFO: Path length: 72.2339464304474
2025-04-15 16:28:40, INFO: Path left: 0
2025-04-15 16:28:40, INFO: Actions: 98
2025-04-15 16:28:40, INFO: Coordinates: -8.48644938133657 30.50919485837221
2025-04-15 16:28:40, INFO: Stops times: 3

2025-04-15 16:28:42, INFO: human number: 8
2025-04-15 16:28:43, INFO: running 125/3600 episode, simulation environment: circle_crossing
2025-04-15 16:28:43, INFO: 125/3600 episode: Collision! Total Reward: -23.423, R_dan: 0.36, R_goal: 0, R_col: -25.0, R_km: 0.6, R_col_wall: 0, R_wall_min_dist: 0.026, R_way_point_dist: 0.36, R_wp: 0.225, timeout: 0
2025-04-15 16:28:43, INFO: Path length: 8.087375904916236
2025-04-15 16:28:43, INFO: Path left: 72.24584557593425
2025-04-15 16:28:43, INFO: Actions: 12
2025-04-15 16:28:43, INFO: Coordinates: 1.653303787112236 -9.8676833845675
2025-04-15 16:28:43, INFO: Stops times: 0

2025-04-15 16:28:45, INFO: human number: 8
2025-04-15 16:28:46, INFO: running 126/3600 episode, simulation environment: circle_static
2025-04-15 16:28:46, INFO: 126/3600 episode: Success! Total Reward: 30.974, R_dan: 5.48, R_goal: 10.0, R_col: 0, R_km: 4.5, R_col_wall: 0, R_wall_min_dist: -5.118, R_way_point_dist: 4.4, R_wp: 11.7, timeout: 0
2025-04-15 16:28:46, INFO: Path length: 78.49539360509132
2025-04-15 16:28:46, INFO: Path left: 0
2025-04-15 16:28:46, INFO: Actions: 156
2025-04-15 16:28:46, INFO: Coordinates: -9.662495692027733 31.526909694075584
2025-04-15 16:28:46, INFO: Stops times: 2

2025-04-15 16:28:49, INFO: human number: 8
2025-04-15 16:28:49, INFO: running 127/3600 episode, simulation environment: no
2025-04-15 16:28:49, INFO: 127/3600 episode: Success! Total Reward: 20.56, R_dan: 4.9, R_goal: 10.0, R_col: 0, R_km: 3.25, R_col_wall: 0, R_wall_min_dist: -12.228, R_way_point_dist: 2.94, R_wp: 11.7, timeout: 0
2025-04-15 16:28:49, INFO: Path length: 72.2339464304474
2025-04-15 16:28:49, INFO: Path left: 0
2025-04-15 16:28:49, INFO: Actions: 98
2025-04-15 16:28:49, INFO: Coordinates: -8.48644938133657 30.50919485837221
2025-04-15 16:28:49, INFO: Stops times: 3

2025-04-15 16:28:52, INFO: human number: 8
2025-04-15 16:28:52, INFO: running 128/3600 episode, simulation environment: circle_crossing
2025-04-15 16:28:53, INFO: 128/3600 episode: Success! Total Reward: 28.018, R_dan: 7.7, R_goal: 10.0, R_col: 0, R_km: -1.1, R_col_wall: 0, R_wall_min_dist: -4.35, R_way_point_dist: 4.06, R_wp: 11.7, timeout: 0
2025-04-15 16:28:53, INFO: Path length: 83.7832360677511
2025-04-15 16:28:53, INFO: Path left: 0
2025-04-15 16:28:53, INFO: Actions: 154
2025-04-15 16:28:53, INFO: Coordinates: -9.65454715443775 30.47143541974947
2025-04-15 16:28:53, INFO: Stops times: 2

2025-04-15 16:28:55, INFO: human number: 8
2025-04-15 16:28:56, INFO: running 129/3600 episode, simulation environment: circle_static
2025-04-15 16:28:56, INFO: 129/3600 episode: Collision! Total Reward: -23.312, R_dan: 0.59, R_goal: 0, R_col: -25.0, R_km: 0.75, R_col_wall: 0, R_wall_min_dist: -0.423, R_way_point_dist: 0.45, R_wp: 0.315, timeout: 0
2025-04-15 16:28:56, INFO: Path length: 10.525044054799848
2025-04-15 16:28:56, INFO: Path left: 69.90458561619575
2025-04-15 16:28:56, INFO: Actions: 15
2025-04-15 16:28:56, INFO: Coordinates: -0.5707816481590271 -8.309015229344368
2025-04-15 16:28:56, INFO: Stops times: 0

2025-04-15 16:28:59, INFO: human number: 8
2025-04-15 16:28:59, INFO: running 130/3600 episode, simulation environment: no
2025-04-15 16:28:59, INFO: 130/3600 episode: Success! Total Reward: 20.56, R_dan: 4.9, R_goal: 10.0, R_col: 0, R_km: 3.25, R_col_wall: 0, R_wall_min_dist: -12.228, R_way_point_dist: 2.94, R_wp: 11.7, timeout: 0
2025-04-15 16:28:59, INFO: Path length: 72.2339464304474
2025-04-15 16:28:59, INFO: Path left: 0
2025-04-15 16:28:59, INFO: Actions: 98
2025-04-15 16:28:59, INFO: Coordinates: -8.48644938133657 30.50919485837221
2025-04-15 16:28:59, INFO: Stops times: 3

2025-04-15 16:29:01, INFO: human number: 8
2025-04-15 16:29:02, INFO: running 131/3600 episode, simulation environment: circle_crossing
2025-04-15 16:29:03, INFO: 131/3600 episode: Success! Total Reward: 27.186, R_dan: 7.8, R_goal: 10.0, R_col: 0, R_km: -1.0, R_col_wall: 0, R_wall_min_dist: -5.573, R_way_point_dist: 4.26, R_wp: 11.7, timeout: 0
2025-04-15 16:29:03, INFO: Path length: 80.77471683296798
2025-04-15 16:29:03, INFO: Path left: 0
2025-04-15 16:29:03, INFO: Actions: 156
2025-04-15 16:29:03, INFO: Coordinates: -9.628266864456236 30.5512786321342
2025-04-15 16:29:03, INFO: Stops times: 1

2025-04-15 16:29:05, INFO: human number: 8
2025-04-15 16:29:06, INFO: running 132/3600 episode, simulation environment: circle_static
2025-04-15 16:29:06, INFO: 132/3600 episode: Collision! Total Reward: -24.12, R_dan: 0.59, R_goal: 0, R_col: -25.0, R_km: -0.35, R_col_wall: 0, R_wall_min_dist: 0.033, R_way_point_dist: 0.45, R_wp: 0.15, timeout: 0
2025-04-15 16:29:06, INFO: Path length: 6.621199317446978
2025-04-15 16:29:06, INFO: Path left: 73.49910280592897
2025-04-15 16:29:06, INFO: Actions: 15
2025-04-15 16:29:06, INFO: Coordinates: 2.9251215383410454 -9.790428955107927
2025-04-15 16:29:06, INFO: Stops times: 0

2025-04-15 16:29:08, INFO: human number: 8
2025-04-15 16:29:08, INFO: running 133/3600 episode, simulation environment: no
2025-04-15 16:29:09, INFO: 133/3600 episode: Success! Total Reward: 20.56, R_dan: 4.9, R_goal: 10.0, R_col: 0, R_km: 3.25, R_col_wall: 0, R_wall_min_dist: -12.228, R_way_point_dist: 2.94, R_wp: 11.7, timeout: 0
2025-04-15 16:29:09, INFO: Path length: 72.2339464304474
2025-04-15 16:29:09, INFO: Path left: 0
2025-04-15 16:29:09, INFO: Actions: 98
2025-04-15 16:29:09, INFO: Coordinates: -8.48644938133657 30.50919485837221
2025-04-15 16:29:09, INFO: Stops times: 3

2025-04-15 16:29:11, INFO: human number: 8
2025-04-15 16:29:12, INFO: running 134/3600 episode, simulation environment: circle_crossing
2025-04-15 16:29:12, INFO: 134/3600 episode: Collision! Total Reward: -25.788, R_dan: 0.33, R_goal: 0, R_col: -25.0, R_km: -1.55, R_col_wall: 0, R_wall_min_dist: 0.028, R_way_point_dist: 0.25, R_wp: 0.15, timeout: 0
2025-04-15 16:29:12, INFO: Path length: 7.143233160748487
2025-04-15 16:29:12, INFO: Path left: 74.30618177478921
2025-04-15 16:29:12, INFO: Actions: 13
2025-04-15 16:29:12, INFO: Coordinates: 3.7397987097501755 -9.709956668317318
2025-04-15 16:29:12, INFO: Stops times: 1

2025-04-15 16:29:14, INFO: human number: 8
2025-04-15 16:29:15, INFO: running 135/3600 episode, simulation environment: circle_static
2025-04-15 16:29:16, INFO: 135/3600 episode: Success! Total Reward: 30.87, R_dan: 7.3, R_goal: 10.0, R_col: 0, R_km: -0.85, R_col_wall: 0, R_wall_min_dist: -2.256, R_way_point_dist: 4.96, R_wp: 11.7, timeout: 0
2025-04-15 16:29:16, INFO: Path length: 80.33826171809952
2025-04-15 16:29:16, INFO: Path left: 0
2025-04-15 16:29:16, INFO: Actions: 170
2025-04-15 16:29:16, INFO: Coordinates: -10.033949305303395 31.544381036888808
2025-04-15 16:29:16, INFO: Stops times: 0

2025-04-15 16:29:18, INFO: human number: 8
2025-04-15 16:29:18, INFO: running 136/3600 episode, simulation environment: no
2025-04-15 16:29:18, INFO: 136/3600 episode: Success! Total Reward: 20.56, R_dan: 4.9, R_goal: 10.0, R_col: 0, R_km: 3.25, R_col_wall: 0, R_wall_min_dist: -12.228, R_way_point_dist: 2.94, R_wp: 11.7, timeout: 0
2025-04-15 16:29:18, INFO: Path length: 72.2339464304474
2025-04-15 16:29:18, INFO: Path left: 0
2025-04-15 16:29:18, INFO: Actions: 98
2025-04-15 16:29:18, INFO: Coordinates: -8.48644938133657 30.50919485837221
2025-04-15 16:29:18, INFO: Stops times: 3

2025-04-15 16:29:21, INFO: human number: 8
2025-04-15 16:29:21, INFO: running 137/3600 episode, simulation environment: circle_crossing
2025-04-15 16:29:22, INFO: 137/3600 episode: Success! Total Reward: 34.35, R_dan: 6.49, R_goal: 10.0, R_col: 0, R_km: 4.3, R_col_wall: 0, R_wall_min_dist: -2.39, R_way_point_dist: 4.23, R_wp: 11.7, timeout: 0
2025-04-15 16:29:22, INFO: Path length: 77.16382419318857
2025-04-15 16:29:22, INFO: Path left: 0
2025-04-15 16:29:22, INFO: Actions: 141
2025-04-15 16:29:22, INFO: Coordinates: -8.677657873369753 30.821821115911007
2025-04-15 16:29:22, INFO: Stops times: 1

2025-04-15 16:29:25, INFO: human number: 8
2025-04-15 16:29:25, INFO: running 138/3600 episode, simulation environment: circle_static
2025-04-15 16:29:26, INFO: 138/3600 episode: Success! Total Reward: 24.15, R_dan: 5.91, R_goal: 10.0, R_col: 0, R_km: -2.55, R_col_wall: 0, R_wall_min_dist: -5.259, R_way_point_dist: 4.34, R_wp: 11.7, timeout: 0
2025-04-15 16:29:26, INFO: Path length: 76.59081973837644
2025-04-15 16:29:26, INFO: Path left: 0
2025-04-15 16:29:26, INFO: Actions: 147
2025-04-15 16:29:26, INFO: Coordinates: -9.282885313034058 31.007089217891917
2025-04-15 16:29:26, INFO: Stops times: 0

2025-04-15 16:29:28, INFO: human number: 8
2025-04-15 16:29:28, INFO: running 139/3600 episode, simulation environment: no
2025-04-15 16:29:29, INFO: 139/3600 episode: Success! Total Reward: 20.56, R_dan: 4.9, R_goal: 10.0, R_col: 0, R_km: 3.25, R_col_wall: 0, R_wall_min_dist: -12.228, R_way_point_dist: 2.94, R_wp: 11.7, timeout: 0
2025-04-15 16:29:29, INFO: Path length: 72.2339464304474
2025-04-15 16:29:29, INFO: Path left: 0
2025-04-15 16:29:29, INFO: Actions: 98
2025-04-15 16:29:29, INFO: Coordinates: -8.48644938133657 30.50919485837221
2025-04-15 16:29:29, INFO: Stops times: 3

2025-04-15 16:29:31, INFO: human number: 8
2025-04-15 16:29:32, INFO: running 140/3600 episode, simulation environment: circle_crossing
2025-04-15 16:29:32, INFO: 140/3600 episode: Collision! Total Reward: -25.809, R_dan: 0.39, R_goal: 0, R_col: -25.0, R_km: -1.65, R_col_wall: 0, R_wall_min_dist: 0.024, R_way_point_dist: 0.33, R_wp: 0.09, timeout: 0
2025-04-15 16:29:32, INFO: Path length: 3.7093946797787694
2025-04-15 16:29:32, INFO: Path left: 76.68136290572711
2025-04-15 16:29:32, INFO: Actions: 11
2025-04-15 16:29:32, INFO: Coordinates: 6.052108563482761 -10.291644133627415
2025-04-15 16:29:32, INFO: Stops times: 0

2025-04-15 16:29:34, INFO: human number: 8
2025-04-15 16:29:35, INFO: running 141/3600 episode, simulation environment: circle_static
2025-04-15 16:29:35, INFO: 141/3600 episode: Success! Total Reward: 21.47, R_dan: 7.53, R_goal: 10.0, R_col: 0, R_km: -10.6, R_col_wall: 0, R_wall_min_dist: -2.096, R_way_point_dist: 4.91, R_wp: 11.7, timeout: 0
2025-04-15 16:29:35, INFO: Path length: 83.31281243838137
2025-04-15 16:29:35, INFO: Path left: 0
2025-04-15 16:29:35, INFO: Actions: 173
2025-04-15 16:29:35, INFO: Coordinates: -9.47354406665545 30.87337109260261
2025-04-15 16:29:35, INFO: Stops times: 1

2025-04-15 16:29:38, INFO: human number: 8
2025-04-15 16:29:38, INFO: running 142/3600 episode, simulation environment: no
2025-04-15 16:29:38, INFO: 142/3600 episode: Success! Total Reward: 20.56, R_dan: 4.9, R_goal: 10.0, R_col: 0, R_km: 3.25, R_col_wall: 0, R_wall_min_dist: -12.228, R_way_point_dist: 2.94, R_wp: 11.7, timeout: 0
2025-04-15 16:29:38, INFO: Path length: 72.2339464304474
2025-04-15 16:29:38, INFO: Path left: 0
2025-04-15 16:29:38, INFO: Actions: 98
2025-04-15 16:29:38, INFO: Coordinates: -8.48644938133657 30.50919485837221
2025-04-15 16:29:38, INFO: Stops times: 3

2025-04-15 16:29:41, INFO: human number: 8
2025-04-15 16:29:41, INFO: running 143/3600 episode, simulation environment: circle_crossing
2025-04-15 16:29:42, INFO: 143/3600 episode: Success! Total Reward: 34.372, R_dan: 6.13, R_goal: 10.0, R_col: 0, R_km: 5.6, R_col_wall: 0, R_wall_min_dist: -3.43, R_way_point_dist: 4.35, R_wp: 11.7, timeout: 0
2025-04-15 16:29:42, INFO: Path length: 78.0127578667454
2025-04-15 16:29:42, INFO: Path left: 0
2025-04-15 16:29:42, INFO: Actions: 145
2025-04-15 16:29:42, INFO: Coordinates: -8.965213848743588 31.15096070431173
2025-04-15 16:29:42, INFO: Stops times: 1

2025-04-15 16:29:44, INFO: human number: 8
2025-04-15 16:29:45, INFO: running 144/3600 episode, simulation environment: circle_static
2025-04-15 16:29:46, INFO: 144/3600 episode: Success! Total Reward: 27.704, R_dan: 6.49, R_goal: 10.0, R_col: 0, R_km: 3.6, R_col_wall: 0, R_wall_min_dist: -7.85, R_way_point_dist: 3.77, R_wp: 11.7, timeout: 0
2025-04-15 16:29:46, INFO: Path length: 81.93371770695245
2025-04-15 16:29:46, INFO: Path left: 0
2025-04-15 16:29:46, INFO: Actions: 149
2025-04-15 16:29:46, INFO: Coordinates: -9.547753559425473 30.581763081252575
2025-04-15 16:29:46, INFO: Stops times: 0

2025-04-15 16:29:48, INFO: human number: 8
2025-04-15 16:29:48, INFO: running 145/3600 episode, simulation environment: no
2025-04-15 16:29:49, INFO: 145/3600 episode: Success! Total Reward: 20.56, R_dan: 4.9, R_goal: 10.0, R_col: 0, R_km: 3.25, R_col_wall: 0, R_wall_min_dist: -12.228, R_way_point_dist: 2.94, R_wp: 11.7, timeout: 0
2025-04-15 16:29:49, INFO: Path length: 72.2339464304474
2025-04-15 16:29:49, INFO: Path left: 0
2025-04-15 16:29:49, INFO: Actions: 98
2025-04-15 16:29:49, INFO: Coordinates: -8.48644938133657 30.50919485837221
2025-04-15 16:29:49, INFO: Stops times: 3

2025-04-15 16:29:51, INFO: human number: 8
2025-04-15 16:29:52, INFO: running 146/3600 episode, simulation environment: circle_crossing
2025-04-15 16:29:52, INFO: 146/3600 episode: Success! Total Reward: 32.065, R_dan: 6.25, R_goal: 10.0, R_col: 0, R_km: 2.65, R_col_wall: 0, R_wall_min_dist: -2.784, R_way_point_dist: 4.23, R_wp: 11.7, timeout: 0
2025-04-15 16:29:52, INFO: Path length: 77.2420119511963
2025-04-15 16:29:52, INFO: Path left: 0
2025-04-15 16:29:52, INFO: Actions: 141
2025-04-15 16:29:52, INFO: Coordinates: -8.79771374259144 30.74271219642833
2025-04-15 16:29:52, INFO: Stops times: 1

2025-04-15 16:29:55, INFO: human number: 8
2025-04-15 16:29:55, INFO: running 147/3600 episode, simulation environment: circle_static
2025-04-15 16:29:56, INFO: 147/3600 episode: Collision! Total Reward: -26.795, R_dan: 0.3, R_goal: 0, R_col: -25.0, R_km: -2.6, R_col_wall: 0, R_wall_min_dist: -0.144, R_way_point_dist: 0.42, R_wp: 0.225, timeout: 0
2025-04-15 16:29:56, INFO: Path length: 8.108906602725089
2025-04-15 16:29:56, INFO: Path left: 72.27126202053836
2025-04-15 16:29:56, INFO: Actions: 14
2025-04-15 16:29:56, INFO: Coordinates: 1.712088905274868 -9.033280769363046
2025-04-15 16:29:56, INFO: Stops times: 1

2025-04-15 16:29:58, INFO: human number: 8
2025-04-15 16:29:58, INFO: running 148/3600 episode, simulation environment: no
2025-04-15 16:29:58, INFO: 148/3600 episode: Success! Total Reward: 20.56, R_dan: 4.9, R_goal: 10.0, R_col: 0, R_km: 3.25, R_col_wall: 0, R_wall_min_dist: -12.228, R_way_point_dist: 2.94, R_wp: 11.7, timeout: 0
2025-04-15 16:29:58, INFO: Path length: 72.2339464304474
2025-04-15 16:29:58, INFO: Path left: 0
2025-04-15 16:29:58, INFO: Actions: 98
2025-04-15 16:29:58, INFO: Coordinates: -8.48644938133657 30.50919485837221
2025-04-15 16:29:58, INFO: Stops times: 3

2025-04-15 16:30:01, INFO: human number: 8
2025-04-15 16:30:01, INFO: running 149/3600 episode, simulation environment: circle_crossing
2025-04-15 16:30:02, INFO: 149/3600 episode: Success! Total Reward: 30.292, R_dan: 7.3, R_goal: 10.0, R_col: 0, R_km: 1.1, R_col_wall: 0, R_wall_min_dist: -4.014, R_way_point_dist: 4.2, R_wp: 11.7, timeout: 0
2025-04-15 16:30:02, INFO: Path length: 81.01937969880959
2025-04-15 16:30:02, INFO: Path left: 0
2025-04-15 16:30:02, INFO: Actions: 154
2025-04-15 16:30:02, INFO: Coordinates: -9.552644591312855 30.744745325297117
2025-04-15 16:30:02, INFO: Stops times: 2

2025-04-15 16:30:04, INFO: human number: 8
2025-04-15 16:30:05, INFO: running 150/3600 episode, simulation environment: circle_static
2025-04-15 16:30:06, INFO: 150/3600 episode: Success! Total Reward: 32.617, R_dan: 7.33, R_goal: 10.0, R_col: 0, R_km: 2.55, R_col_wall: 0, R_wall_min_dist: -3.75, R_way_point_dist: 4.76, R_wp: 11.7, timeout: 0
2025-04-15 16:30:06, INFO: Path length: 79.42021526497126
2025-04-15 16:30:06, INFO: Path left: 0
2025-04-15 16:30:06, INFO: Actions: 161
2025-04-15 16:30:06, INFO: Coordinates: -10.000122951343656 30.45158975943923
2025-04-15 16:30:06, INFO: Stops times: 1

2025-04-15 16:30:08, INFO: human number: 8
2025-04-15 16:30:08, INFO: running 151/3600 episode, simulation environment: no
2025-04-15 16:30:08, INFO: 151/3600 episode: Success! Total Reward: 20.56, R_dan: 4.9, R_goal: 10.0, R_col: 0, R_km: 3.25, R_col_wall: 0, R_wall_min_dist: -12.228, R_way_point_dist: 2.94, R_wp: 11.7, timeout: 0
2025-04-15 16:30:08, INFO: Path length: 72.2339464304474
2025-04-15 16:30:08, INFO: Path left: 0
2025-04-15 16:30:08, INFO: Actions: 98
2025-04-15 16:30:08, INFO: Coordinates: -8.48644938133657 30.50919485837221
2025-04-15 16:30:08, INFO: Stops times: 3

2025-04-15 16:30:11, INFO: human number: 8
2025-04-15 16:30:11, INFO: running 152/3600 episode, simulation environment: circle_crossing
2025-04-15 16:30:12, INFO: 152/3600 episode: Success! Total Reward: 10.374, R_dan: 7.13, R_goal: 10.0, R_col: 0, R_km: -9.9, R_col_wall: 0, R_wall_min_dist: -11.572, R_way_point_dist: 2.99, R_wp: 11.7, timeout: 0
2025-04-15 16:30:12, INFO: Path length: 82.81287990170561
2025-04-15 16:30:12, INFO: Path left: 0
2025-04-15 16:30:12, INFO: Actions: 165
2025-04-15 16:30:12, INFO: Coordinates: -9.662189251044765 30.58610780048184
2025-04-15 16:30:12, INFO: Stops times: 1

2025-04-15 16:30:15, INFO: human number: 8
2025-04-15 16:30:15, INFO: running 153/3600 episode, simulation environment: circle_static
2025-04-15 16:30:16, INFO: 153/3600 episode: Success! Total Reward: 34.968, R_dan: 5.84, R_goal: 10.0, R_col: 0, R_km: 5.4, R_col_wall: 0, R_wall_min_dist: -2.57, R_way_point_dist: 4.56, R_wp: 11.7, timeout: 0
2025-04-15 16:30:16, INFO: Path length: 78.22322486421643
2025-04-15 16:30:16, INFO: Path left: 0
2025-04-15 16:30:16, INFO: Actions: 152
2025-04-15 16:30:16, INFO: Coordinates: -8.614053710829467 31.168361965566874
2025-04-15 16:30:16, INFO: Stops times: 0

2025-04-15 16:30:19, INFO: human number: 8
2025-04-15 16:30:19, INFO: running 154/3600 episode, simulation environment: no
2025-04-15 16:30:19, INFO: 154/3600 episode: Success! Total Reward: 20.56, R_dan: 4.9, R_goal: 10.0, R_col: 0, R_km: 3.25, R_col_wall: 0, R_wall_min_dist: -12.228, R_way_point_dist: 2.94, R_wp: 11.7, timeout: 0
2025-04-15 16:30:19, INFO: Path length: 72.2339464304474
2025-04-15 16:30:19, INFO: Path left: 0
2025-04-15 16:30:19, INFO: Actions: 98
2025-04-15 16:30:19, INFO: Coordinates: -8.48644938133657 30.50919485837221
2025-04-15 16:30:19, INFO: Stops times: 3

2025-04-15 16:30:21, INFO: human number: 8
2025-04-15 16:30:22, INFO: running 155/3600 episode, simulation environment: circle_crossing
2025-04-15 16:30:22, INFO: 155/3600 episode: Collision! Total Reward: -24.786, R_dan: 0.34, R_goal: 0, R_col: -25.0, R_km: -0.6, R_col_wall: 0, R_wall_min_dist: 0.021, R_way_point_dist: 0.3, R_wp: 0.15, timeout: 0
2025-04-15 16:30:22, INFO: Path length: 7.419621307236974
2025-04-15 16:30:22, INFO: Path left: 73.72201336241179
2025-04-15 16:30:22, INFO: Actions: 10
2025-04-15 16:30:22, INFO: Coordinates: 3.1363723799586296 -9.087159421294928
2025-04-15 16:30:22, INFO: Stops times: 0

2025-04-15 16:30:24, INFO: human number: 8
2025-04-15 16:30:25, INFO: running 156/3600 episode, simulation environment: circle_static
2025-04-15 16:30:25, INFO: 156/3600 episode: Collision! Total Reward: -22.456, R_dan: 0.55, R_goal: 0, R_col: -25.0, R_km: 0.95, R_col_wall: 0, R_wall_min_dist: 0.044, R_way_point_dist: 0.57, R_wp: 0.42, timeout: 0
2025-04-15 16:30:25, INFO: Path length: 11.711523134169862
2025-04-15 16:30:25, INFO: Path left: 68.3631031953826
2025-04-15 16:30:25, INFO: Actions: 19
2025-04-15 16:30:25, INFO: Coordinates: -2.0827959179878235 -9.111013673245907
2025-04-15 16:30:25, INFO: Stops times: 0

2025-04-15 16:30:27, INFO: human number: 8
2025-04-15 16:30:28, INFO: running 157/3600 episode, simulation environment: no
2025-04-15 16:30:28, INFO: 157/3600 episode: Success! Total Reward: 20.56, R_dan: 4.9, R_goal: 10.0, R_col: 0, R_km: 3.25, R_col_wall: 0, R_wall_min_dist: -12.228, R_way_point_dist: 2.94, R_wp: 11.7, timeout: 0
2025-04-15 16:30:28, INFO: Path length: 72.2339464304474
2025-04-15 16:30:28, INFO: Path left: 0
2025-04-15 16:30:28, INFO: Actions: 98
2025-04-15 16:30:28, INFO: Coordinates: -8.48644938133657 30.50919485837221
2025-04-15 16:30:28, INFO: Stops times: 3

2025-04-15 16:30:30, INFO: human number: 8
2025-04-15 16:30:31, INFO: running 158/3600 episode, simulation environment: circle_crossing
2025-04-15 16:30:31, INFO: 158/3600 episode: Collision! Total Reward: -12.091, R_dan: 3.41, R_goal: 0, R_col: -25.0, R_km: 2.8, R_col_wall: 0, R_wall_min_dist: 0.221, R_way_point_dist: 2.67, R_wp: 3.795, timeout: 0
2025-04-15 16:30:31, INFO: Path length: 43.06601470123665
2025-04-15 16:30:31, INFO: Path left: 37.94820039368955
2025-04-15 16:30:31, INFO: Actions: 89
2025-04-15 16:30:31, INFO: Coordinates: 1.44395939912647 11.562855747994035
2025-04-15 16:30:31, INFO: Stops times: 0

2025-04-15 16:30:34, INFO: human number: 8
2025-04-15 16:30:34, INFO: running 159/3600 episode, simulation environment: circle_static
2025-04-15 16:30:35, INFO: 159/3600 episode: Collision! Total Reward: -11.906, R_dan: 3.28, R_goal: 0, R_col: -25.0, R_km: 3.4, R_col_wall: 0, R_wall_min_dist: -3.943, R_way_point_dist: 3.36, R_wp: 6.975, timeout: 0
2025-04-15 16:30:35, INFO: Path length: 56.59421852152666
2025-04-15 16:30:35, INFO: Path left: 20.97971429386088
2025-04-15 16:30:35, INFO: Actions: 112
2025-04-15 16:30:35, INFO: Coordinates: 7.4737859684973955 23.625329960137606
2025-04-15 16:30:35, INFO: Stops times: 2

2025-04-15 16:30:37, INFO: human number: 8
2025-04-15 16:30:37, INFO: running 160/3600 episode, simulation environment: no
2025-04-15 16:30:38, INFO: 160/3600 episode: Success! Total Reward: 20.56, R_dan: 4.9, R_goal: 10.0, R_col: 0, R_km: 3.25, R_col_wall: 0, R_wall_min_dist: -12.228, R_way_point_dist: 2.94, R_wp: 11.7, timeout: 0
2025-04-15 16:30:38, INFO: Path length: 72.2339464304474
2025-04-15 16:30:38, INFO: Path left: 0
2025-04-15 16:30:38, INFO: Actions: 98
2025-04-15 16:30:38, INFO: Coordinates: -8.48644938133657 30.50919485837221
2025-04-15 16:30:38, INFO: Stops times: 3

2025-04-15 16:30:40, INFO: human number: 8
2025-04-15 16:30:41, INFO: running 161/3600 episode, simulation environment: circle_crossing
2025-04-15 16:30:41, INFO: 161/3600 episode: Collision! Total Reward: -24.501, R_dan: 0.23, R_goal: 0, R_col: -25.0, R_km: 1.45, R_col_wall: 0, R_wall_min_dist: -4.291, R_way_point_dist: 1.53, R_wp: 1.575, timeout: 0
2025-04-15 16:30:41, INFO: Path length: 24.226535789831285
2025-04-15 16:30:41, INFO: Path left: 54.046253055744586
2025-04-15 16:30:41, INFO: Actions: 51
2025-04-15 16:30:41, INFO: Coordinates: -8.122948157601058 1.45633933134377
2025-04-15 16:30:41, INFO: Stops times: 0

2025-04-15 16:30:44, INFO: human number: 8
2025-04-15 16:30:44, INFO: running 162/3600 episode, simulation environment: circle_static
2025-04-15 16:30:44, INFO: 162/3600 episode: Collision! Total Reward: -22.441, R_dan: 0.77, R_goal: 0, R_col: -25.0, R_km: 0.7, R_col_wall: 0, R_wall_min_dist: -0.344, R_way_point_dist: 0.75, R_wp: 0.675, timeout: 0
2025-04-15 16:30:44, INFO: Path length: 14.566803277434074
2025-04-15 16:30:44, INFO: Path left: 65.32222827674494
2025-04-15 16:30:44, INFO: Actions: 25
2025-04-15 16:30:44, INFO: Coordinates: -4.690145343542099 -7.891370479017496
2025-04-15 16:30:44, INFO: Stops times: 1

2025-04-15 16:30:47, INFO: human number: 8
2025-04-15 16:30:47, INFO: running 163/3600 episode, simulation environment: no
2025-04-15 16:30:47, INFO: 163/3600 episode: Success! Total Reward: 20.56, R_dan: 4.9, R_goal: 10.0, R_col: 0, R_km: 3.25, R_col_wall: 0, R_wall_min_dist: -12.228, R_way_point_dist: 2.94, R_wp: 11.7, timeout: 0
2025-04-15 16:30:47, INFO: Path length: 72.2339464304474
2025-04-15 16:30:47, INFO: Path left: 0
2025-04-15 16:30:47, INFO: Actions: 98
2025-04-15 16:30:47, INFO: Coordinates: -8.48644938133657 30.50919485837221
2025-04-15 16:30:47, INFO: Stops times: 3

2025-04-15 16:30:49, INFO: human number: 8
2025-04-15 16:30:50, INFO: running 164/3600 episode, simulation environment: circle_crossing
2025-04-15 16:30:51, INFO: 164/3600 episode: Success! Total Reward: 30.294, R_dan: 6.74, R_goal: 10.0, R_col: 0, R_km: 2.9, R_col_wall: 0, R_wall_min_dist: -5.158, R_way_point_dist: 4.1, R_wp: 11.7, timeout: 0
2025-04-15 16:30:51, INFO: Path length: 79.75168305744144
2025-04-15 16:30:51, INFO: Path left: 0
2025-04-15 16:30:51, INFO: Actions: 146
2025-04-15 16:30:51, INFO: Coordinates: -11.21957644354552 31.130553778260946
2025-04-15 16:30:51, INFO: Stops times: 2

2025-04-15 16:30:53, INFO: human number: 8
2025-04-15 16:30:54, INFO: running 165/3600 episode, simulation environment: circle_static
2025-04-15 16:30:54, INFO: 165/3600 episode: Collision! Total Reward: -25.289, R_dan: 0.28, R_goal: 0, R_col: -25.0, R_km: -1.05, R_col_wall: 0, R_wall_min_dist: 0.026, R_way_point_dist: 0.36, R_wp: 0.09, timeout: 0
2025-04-15 16:30:54, INFO: Path length: 4.9137045153621965
2025-04-15 16:30:54, INFO: Path left: 75.37285194644616
2025-04-15 16:30:54, INFO: Actions: 12
2025-04-15 16:30:54, INFO: Coordinates: 4.72771355509758 -10.242082785815
2025-04-15 16:30:54, INFO: Stops times: 0

2025-04-15 16:30:56, INFO: human number: 8
2025-04-15 16:30:56, INFO: running 166/3600 episode, simulation environment: no
2025-04-15 16:30:57, INFO: 166/3600 episode: Success! Total Reward: 20.56, R_dan: 4.9, R_goal: 10.0, R_col: 0, R_km: 3.25, R_col_wall: 0, R_wall_min_dist: -12.228, R_way_point_dist: 2.94, R_wp: 11.7, timeout: 0
2025-04-15 16:30:57, INFO: Path length: 72.2339464304474
2025-04-15 16:30:57, INFO: Path left: 0
2025-04-15 16:30:57, INFO: Actions: 98
2025-04-15 16:30:57, INFO: Coordinates: -8.48644938133657 30.50919485837221
2025-04-15 16:30:57, INFO: Stops times: 3

2025-04-15 16:30:59, INFO: human number: 8
2025-04-15 16:31:00, INFO: running 167/3600 episode, simulation environment: circle_crossing
2025-04-15 16:31:00, INFO: 167/3600 episode: Collision! Total Reward: -24.489, R_dan: 0.53, R_goal: 0, R_col: -25.0, R_km: -0.8, R_col_wall: 0, R_wall_min_dist: 0.038, R_way_point_dist: 0.51, R_wp: 0.225, timeout: 0
2025-04-15 16:31:00, INFO: Path length: 7.651582705480024
2025-04-15 16:31:00, INFO: Path left: 72.50026747378593
2025-04-15 16:31:00, INFO: Actions: 17
2025-04-15 16:31:00, INFO: Coordinates: 1.9391669034957886 -9.601631972938776
2025-04-15 16:31:00, INFO: Stops times: 0

2025-04-15 16:31:02, INFO: human number: 8
2025-04-15 16:31:03, INFO: running 168/3600 episode, simulation environment: circle_static
2025-04-15 16:31:03, INFO: 168/3600 episode: Collision! Total Reward: -24.159, R_dan: 0.39, R_goal: 0, R_col: -25.0, R_km: -0.85, R_col_wall: 0, R_wall_min_dist: 0.065, R_way_point_dist: 0.81, R_wp: 0.42, timeout: 0
2025-04-15 16:31:03, INFO: Path length: 11.560875720941485
2025-04-15 16:31:03, INFO: Path left: 68.67700271629657
2025-04-15 16:31:03, INFO: Actions: 27
2025-04-15 16:31:03, INFO: Coordinates: -1.8669121861457825 -9.398428464308381
2025-04-15 16:31:03, INFO: Stops times: 0

2025-04-15 16:31:05, INFO: human number: 8
2025-04-15 16:31:05, INFO: running 169/3600 episode, simulation environment: no
2025-04-15 16:31:06, INFO: 169/3600 episode: Success! Total Reward: 20.56, R_dan: 4.9, R_goal: 10.0, R_col: 0, R_km: 3.25, R_col_wall: 0, R_wall_min_dist: -12.228, R_way_point_dist: 2.94, R_wp: 11.7, timeout: 0
2025-04-15 16:31:06, INFO: Path length: 72.2339464304474
2025-04-15 16:31:06, INFO: Path left: 0
2025-04-15 16:31:06, INFO: Actions: 98
2025-04-15 16:31:06, INFO: Coordinates: -8.48644938133657 30.50919485837221
2025-04-15 16:31:06, INFO: Stops times: 3

2025-04-15 16:31:08, INFO: human number: 8
2025-04-15 16:31:09, INFO: running 170/3600 episode, simulation environment: circle_crossing
2025-04-15 16:31:09, INFO: 170/3600 episode: Collision! Total Reward: -23.737, R_dan: 0.58, R_goal: 0, R_col: -25.0, R_km: -0.2, R_col_wall: 0, R_wall_min_dist: -0.08, R_way_point_dist: 0.54, R_wp: 0.42, timeout: 0
2025-04-15 16:31:09, INFO: Path length: 11.508669493628648
2025-04-15 16:31:09, INFO: Path left: 68.59998376317138
2025-04-15 16:31:09, INFO: Actions: 18
2025-04-15 16:31:09, INFO: Coordinates: -1.6567052453756332 -8.56561241298914
2025-04-15 16:31:09, INFO: Stops times: 0

2025-04-15 16:31:11, INFO: human number: 8
2025-04-15 16:31:12, INFO: running 171/3600 episode, simulation environment: circle_static
2025-04-15 16:31:13, INFO: 171/3600 episode: Success! Total Reward: 28.584, R_dan: 7.47, R_goal: 10.0, R_col: 0, R_km: -1.0, R_col_wall: 0, R_wall_min_dist: -4.342, R_way_point_dist: 4.73, R_wp: 11.7, timeout: 0
2025-04-15 16:31:13, INFO: Path length: 81.22116942951945
2025-04-15 16:31:13, INFO: Path left: 0
2025-04-15 16:31:13, INFO: Actions: 167
2025-04-15 16:31:13, INFO: Coordinates: -9.603905501775444 30.657028075307608
2025-04-15 16:31:13, INFO: Stops times: 0

2025-04-15 16:31:15, INFO: human number: 8
2025-04-15 16:31:15, INFO: running 172/3600 episode, simulation environment: no
2025-04-15 16:31:16, INFO: 172/3600 episode: Success! Total Reward: 20.56, R_dan: 4.9, R_goal: 10.0, R_col: 0, R_km: 3.25, R_col_wall: 0, R_wall_min_dist: -12.228, R_way_point_dist: 2.94, R_wp: 11.7, timeout: 0
2025-04-15 16:31:16, INFO: Path length: 72.2339464304474
2025-04-15 16:31:16, INFO: Path left: 0
2025-04-15 16:31:16, INFO: Actions: 98
2025-04-15 16:31:16, INFO: Coordinates: -8.48644938133657 30.50919485837221
2025-04-15 16:31:16, INFO: Stops times: 3

2025-04-15 16:31:18, INFO: human number: 8
2025-04-15 16:31:19, INFO: running 173/3600 episode, simulation environment: circle_crossing
2025-04-15 16:31:19, INFO: 173/3600 episode: Collision! Total Reward: -21.539, R_dan: 1.32, R_goal: 0, R_col: -25.0, R_km: 0.15, R_col_wall: 0, R_wall_min_dist: 0.08, R_way_point_dist: 1.08, R_wp: 0.825, timeout: 0
2025-04-15 16:31:19, INFO: Path length: 17.385472915340177
2025-04-15 16:31:19, INFO: Path left: 62.48182739565808
2025-04-15 16:31:19, INFO: Actions: 36
2025-04-15 16:31:19, INFO: Coordinates: -7.093006528913975 -6.301473656669259
2025-04-15 16:31:19, INFO: Stops times: 1

2025-04-15 16:31:21, INFO: human number: 8
2025-04-15 16:31:22, INFO: running 174/3600 episode, simulation environment: circle_static
2025-04-15 16:31:23, INFO: 174/3600 episode: Success! Total Reward: 10.96, R_dan: 6.94, R_goal: 10.0, R_col: 0, R_km: -16.9, R_col_wall: 0, R_wall_min_dist: -6.363, R_way_point_dist: 5.56, R_wp: 11.7, timeout: 0
2025-04-15 16:31:23, INFO: Path length: 78.75523903323896
2025-04-15 16:31:23, INFO: Path left: 0
2025-04-15 16:31:23, INFO: Actions: 190
2025-04-15 16:31:23, INFO: Coordinates: -9.922210725024343 31.64881331147626
2025-04-15 16:31:23, INFO: Stops times: 1

2025-04-15 16:31:25, INFO: human number: 8
2025-04-15 16:31:25, INFO: running 175/3600 episode, simulation environment: no
2025-04-15 16:31:25, INFO: 175/3600 episode: Success! Total Reward: 20.56, R_dan: 4.9, R_goal: 10.0, R_col: 0, R_km: 3.25, R_col_wall: 0, R_wall_min_dist: -12.228, R_way_point_dist: 2.94, R_wp: 11.7, timeout: 0
2025-04-15 16:31:25, INFO: Path length: 72.2339464304474
2025-04-15 16:31:25, INFO: Path left: 0
2025-04-15 16:31:25, INFO: Actions: 98
2025-04-15 16:31:25, INFO: Coordinates: -8.48644938133657 30.50919485837221
2025-04-15 16:31:25, INFO: Stops times: 3

2025-04-15 16:31:28, INFO: human number: 8
2025-04-15 16:31:28, INFO: running 176/3600 episode, simulation environment: circle_crossing
2025-04-15 16:31:29, INFO: 176/3600 episode: Collision! Total Reward: -23.869, R_dan: 0.32, R_goal: 0, R_col: -25.0, R_km: 0.4, R_col_wall: 0, R_wall_min_dist: 0.017, R_way_point_dist: 0.24, R_wp: 0.15, timeout: 0
2025-04-15 16:31:29, INFO: Path length: 6.724981236469748
2025-04-15 16:31:29, INFO: Path left: 74.43059407297841
2025-04-15 16:31:29, INFO: Actions: 8
2025-04-15 16:31:29, INFO: Coordinates: 3.8654987514019012 -9.68631137907505
2025-04-15 16:31:29, INFO: Stops times: 0

2025-04-15 16:31:31, INFO: human number: 8
2025-04-15 16:31:31, INFO: running 177/3600 episode, simulation environment: circle_static
2025-04-15 16:31:32, INFO: 177/3600 episode: Collision! Total Reward: -24.861, R_dan: 0.49, R_goal: 0, R_col: -25.0, R_km: -1.0, R_col_wall: 0, R_wall_min_dist: 0.028, R_way_point_dist: 0.39, R_wp: 0.225, timeout: 0
2025-04-15 16:31:32, INFO: Path length: 7.863626141345739
2025-04-15 16:31:32, INFO: Path left: 73.23670004952065
2025-04-15 16:31:32, INFO: Actions: 13
2025-04-15 16:31:32, INFO: Coordinates: 2.6798542141914368 -9.041367180645466
2025-04-15 16:31:32, INFO: Stops times: 0

2025-04-15 16:31:34, INFO: human number: 8
2025-04-15 16:31:34, INFO: running 178/3600 episode, simulation environment: no
2025-04-15 16:31:34, INFO: 178/3600 episode: Success! Total Reward: 20.56, R_dan: 4.9, R_goal: 10.0, R_col: 0, R_km: 3.25, R_col_wall: 0, R_wall_min_dist: -12.228, R_way_point_dist: 2.94, R_wp: 11.7, timeout: 0
2025-04-15 16:31:34, INFO: Path length: 72.2339464304474
2025-04-15 16:31:34, INFO: Path left: 0
2025-04-15 16:31:34, INFO: Actions: 98
2025-04-15 16:31:34, INFO: Coordinates: -8.48644938133657 30.50919485837221
2025-04-15 16:31:34, INFO: Stops times: 3

2025-04-15 16:31:37, INFO: human number: 8
2025-04-15 16:31:37, INFO: running 179/3600 episode, simulation environment: circle_crossing
2025-04-15 16:31:38, INFO: 179/3600 episode: Collision! Total Reward: -19.304, R_dan: 2.12, R_goal: 0, R_col: -25.0, R_km: 2.45, R_col_wall: 0, R_wall_min_dist: -2.726, R_way_point_dist: 1.8, R_wp: 2.04, timeout: 0
2025-04-15 16:31:38, INFO: Path length: 28.572312513831324
2025-04-15 16:31:38, INFO: Path left: 50.37779499561817
2025-04-15 16:31:38, INFO: Actions: 60
2025-04-15 16:31:38, INFO: Coordinates: -8.58350648637861 5.074776168912649
2025-04-15 16:31:38, INFO: Stops times: 0

2025-04-15 16:31:40, INFO: human number: 8
2025-04-15 16:31:41, INFO: running 180/3600 episode, simulation environment: circle_static
2025-04-15 16:31:41, INFO: 180/3600 episode: Collision! Total Reward: -23.321, R_dan: 0.72, R_goal: 0, R_col: -25.0, R_km: 0.1, R_col_wall: 0, R_wall_min_dist: -0.407, R_way_point_dist: 0.72, R_wp: 0.54, timeout: 0
2025-04-15 16:31:41, INFO: Path length: 13.059475603338544
2025-04-15 16:31:41, INFO: Path left: 66.83916695446364
2025-04-15 16:31:41, INFO: Actions: 24
2025-04-15 16:31:41, INFO: Coordinates: -3.0551426261663437 -7.871306974440813
2025-04-15 16:31:41, INFO: Stops times: 0

2025-04-15 16:31:43, INFO: human number: 8
2025-04-15 16:31:43, INFO: running 181/3600 episode, simulation environment: no
2025-04-15 16:31:44, INFO: 181/3600 episode: Success! Total Reward: 20.56, R_dan: 4.9, R_goal: 10.0, R_col: 0, R_km: 3.25, R_col_wall: 0, R_wall_min_dist: -12.228, R_way_point_dist: 2.94, R_wp: 11.7, timeout: 0
2025-04-15 16:31:44, INFO: Path length: 72.2339464304474
2025-04-15 16:31:44, INFO: Path left: 0
2025-04-15 16:31:44, INFO: Actions: 98
2025-04-15 16:31:44, INFO: Coordinates: -8.48644938133657 30.50919485837221
2025-04-15 16:31:44, INFO: Stops times: 3

2025-04-15 16:31:46, INFO: human number: 8
2025-04-15 16:31:47, INFO: running 182/3600 episode, simulation environment: circle_crossing
2025-04-15 16:31:47, INFO: 182/3600 episode: Success! Total Reward: 32.585, R_dan: 5.81, R_goal: 10.0, R_col: 0, R_km: 4.1, R_col_wall: 0, R_wall_min_dist: -3.164, R_way_point_dist: 4.11, R_wp: 11.7, timeout: 0
2025-04-15 16:31:47, INFO: Path length: 76.41464172255901
2025-04-15 16:31:47, INFO: Path left: 0
2025-04-15 16:31:47, INFO: Actions: 137
2025-04-15 16:31:47, INFO: Coordinates: -8.503988025709987 30.794701126404107
2025-04-15 16:31:47, INFO: Stops times: 0

2025-04-15 16:31:50, INFO: human number: 8
2025-04-15 16:31:50, INFO: running 183/3600 episode, simulation environment: circle_static
2025-04-15 16:31:51, INFO: 183/3600 episode: Collision! Total Reward: -22.04, R_dan: 0.84, R_goal: 0, R_col: -25.0, R_km: 1.25, R_col_wall: 0, R_wall_min_dist: -1.203, R_way_point_dist: 1.08, R_wp: 0.99, timeout: 0
2025-04-15 16:31:51, INFO: Path length: 18.528075144329513
2025-04-15 16:31:51, INFO: Path left: 60.90773753176307
2025-04-15 16:31:51, INFO: Actions: 36
2025-04-15 16:31:51, INFO: Coordinates: -7.0704343393445015 -4.6055690217763186
2025-04-15 16:31:51, INFO: Stops times: 0

2025-04-15 16:31:53, INFO: human number: 8
2025-04-15 16:31:53, INFO: running 184/3600 episode, simulation environment: no
2025-04-15 16:31:53, INFO: 184/3600 episode: Success! Total Reward: 20.56, R_dan: 4.9, R_goal: 10.0, R_col: 0, R_km: 3.25, R_col_wall: 0, R_wall_min_dist: -12.228, R_way_point_dist: 2.94, R_wp: 11.7, timeout: 0
2025-04-15 16:31:53, INFO: Path length: 72.2339464304474
2025-04-15 16:31:53, INFO: Path left: 0
2025-04-15 16:31:53, INFO: Actions: 98
2025-04-15 16:31:53, INFO: Coordinates: -8.48644938133657 30.50919485837221
2025-04-15 16:31:53, INFO: Stops times: 3

2025-04-15 16:31:56, INFO: human number: 8
2025-04-15 16:31:56, INFO: running 185/3600 episode, simulation environment: circle_crossing
2025-04-15 16:31:57, INFO: 185/3600 episode: Success! Total Reward: 31.436, R_dan: 5.7, R_goal: 10.0, R_col: 0, R_km: 4.4, R_col_wall: 0, R_wall_min_dist: -4.645, R_way_point_dist: 4.27, R_wp: 11.7, timeout: 0
2025-04-15 16:31:57, INFO: Path length: 80.98565015310959
2025-04-15 16:31:57, INFO: Path left: 0
2025-04-15 16:31:57, INFO: Actions: 154
2025-04-15 16:31:57, INFO: Coordinates: -11.013695209287107 30.939550042152405
2025-04-15 16:31:57, INFO: Stops times: 0

2025-04-15 16:32:00, INFO: human number: 8
2025-04-15 16:32:00, INFO: running 186/3600 episode, simulation environment: circle_static
2025-04-15 16:32:00, INFO: 186/3600 episode: Collision! Total Reward: -27.854, R_dan: 0.57, R_goal: 0, R_col: -25.0, R_km: -3.9, R_col_wall: 0, R_wall_min_dist: -0.174, R_way_point_dist: 0.42, R_wp: 0.225, timeout: 0
2025-04-15 16:32:00, INFO: Path length: 7.576596610906853
2025-04-15 16:32:00, INFO: Path left: 73.01833594794357
2025-04-15 16:32:00, INFO: Actions: 21
2025-04-15 16:32:00, INFO: Coordinates: 2.428278185427189 -8.695247134193778
2025-04-15 16:32:00, INFO: Stops times: 1

2025-04-15 16:32:03, INFO: human number: 8
2025-04-15 16:32:03, INFO: running 187/3600 episode, simulation environment: no
2025-04-15 16:32:03, INFO: 187/3600 episode: Success! Total Reward: 20.56, R_dan: 4.9, R_goal: 10.0, R_col: 0, R_km: 3.25, R_col_wall: 0, R_wall_min_dist: -12.228, R_way_point_dist: 2.94, R_wp: 11.7, timeout: 0
2025-04-15 16:32:03, INFO: Path length: 72.2339464304474
2025-04-15 16:32:03, INFO: Path left: 0
2025-04-15 16:32:03, INFO: Actions: 98
2025-04-15 16:32:03, INFO: Coordinates: -8.48644938133657 30.50919485837221
2025-04-15 16:32:03, INFO: Stops times: 3

2025-04-15 16:32:05, INFO: human number: 8
2025-04-15 16:32:06, INFO: running 188/3600 episode, simulation environment: circle_crossing
2025-04-15 16:32:07, INFO: 188/3600 episode: Success! Total Reward: 32.064, R_dan: 5.28, R_goal: 10.0, R_col: 0, R_km: 5.7, R_col_wall: 0, R_wall_min_dist: -4.709, R_way_point_dist: 4.08, R_wp: 11.7, timeout: 0
2025-04-15 16:32:07, INFO: Path length: 76.56703998261669
2025-04-15 16:32:07, INFO: Path left: 0
2025-04-15 16:32:07, INFO: Actions: 136
2025-04-15 16:32:07, INFO: Coordinates: -8.907201457768679 30.896313569508493
2025-04-15 16:32:07, INFO: Stops times: 0

2025-04-15 16:32:09, INFO: human number: 8
2025-04-15 16:32:10, INFO: running 189/3600 episode, simulation environment: circle_static
2025-04-15 16:32:11, INFO: 189/3600 episode: Success! Total Reward: 33.862, R_dan: 6.99, R_goal: 10.0, R_col: 0, R_km: 2.45, R_col_wall: 0, R_wall_min_dist: -2.068, R_way_point_dist: 4.77, R_wp: 11.7, timeout: 0
2025-04-15 16:32:11, INFO: Path length: 80.3040193190063
2025-04-15 16:32:11, INFO: Path left: 0
2025-04-15 16:32:11, INFO: Actions: 159
2025-04-15 16:32:11, INFO: Coordinates: -8.467453319113702 30.53192863240838
2025-04-15 16:32:11, INFO: Stops times: 0

2025-04-15 16:32:13, INFO: human number: 8
2025-04-15 16:32:13, INFO: running 190/3600 episode, simulation environment: no
2025-04-15 16:32:13, INFO: 190/3600 episode: Success! Total Reward: 20.56, R_dan: 4.9, R_goal: 10.0, R_col: 0, R_km: 3.25, R_col_wall: 0, R_wall_min_dist: -12.228, R_way_point_dist: 2.94, R_wp: 11.7, timeout: 0
2025-04-15 16:32:13, INFO: Path length: 72.2339464304474
2025-04-15 16:32:13, INFO: Path left: 0
2025-04-15 16:32:13, INFO: Actions: 98
2025-04-15 16:32:13, INFO: Coordinates: -8.48644938133657 30.50919485837221
2025-04-15 16:32:13, INFO: Stops times: 3

2025-04-15 16:32:16, INFO: human number: 8
2025-04-15 16:32:17, INFO: running 191/3600 episode, simulation environment: circle_crossing
2025-04-15 16:32:17, INFO: 191/3600 episode: Success! Total Reward: 33.784, R_dan: 5.85, R_goal: 10.0, R_col: 0, R_km: 2.2, R_col_wall: 0, R_wall_min_dist: -0.378, R_way_point_dist: 4.39, R_wp: 11.7, timeout: 0
2025-04-15 16:32:17, INFO: Path length: 83.56137414105875
2025-04-15 16:32:17, INFO: Path left: 0
2025-04-15 16:32:17, INFO: Actions: 165
2025-04-15 16:32:17, INFO: Coordinates: -9.464273120742291 31.18893968500197
2025-04-15 16:32:17, INFO: Stops times: 1

2025-04-15 16:32:20, INFO: human number: 8
2025-04-15 16:32:20, INFO: running 192/3600 episode, simulation environment: circle_static
2025-04-15 16:32:21, INFO: 192/3600 episode: Collision! Total Reward: -24.713, R_dan: 0.39, R_goal: 0, R_col: -25.0, R_km: -0.55, R_col_wall: 0, R_wall_min_dist: 0.024, R_way_point_dist: 0.33, R_wp: 0.09, timeout: 0
2025-04-15 16:32:21, INFO: Path length: 4.963377248326423
2025-04-15 16:32:21, INFO: Path left: 75.24998239997481
2025-04-15 16:32:21, INFO: Actions: 11
2025-04-15 16:32:21, INFO: Coordinates: 4.674637898802757 -9.80286018922925
2025-04-15 16:32:21, INFO: Stops times: 1

2025-04-15 16:32:23, INFO: human number: 8
2025-04-15 16:32:23, INFO: running 193/3600 episode, simulation environment: no
2025-04-15 16:32:23, INFO: 193/3600 episode: Success! Total Reward: 20.56, R_dan: 4.9, R_goal: 10.0, R_col: 0, R_km: 3.25, R_col_wall: 0, R_wall_min_dist: -12.228, R_way_point_dist: 2.94, R_wp: 11.7, timeout: 0
2025-04-15 16:32:23, INFO: Path length: 72.2339464304474
2025-04-15 16:32:23, INFO: Path left: 0
2025-04-15 16:32:23, INFO: Actions: 98
2025-04-15 16:32:23, INFO: Coordinates: -8.48644938133657 30.50919485837221
2025-04-15 16:32:23, INFO: Stops times: 3

2025-04-15 16:32:26, INFO: human number: 8
2025-04-15 16:32:26, INFO: running 194/3600 episode, simulation environment: circle_crossing
2025-04-15 16:32:26, INFO: 194/3600 episode: Collision! Total Reward: -24.707, R_dan: 0.42, R_goal: 0, R_col: -25.0, R_km: -0.6, R_col_wall: 0, R_wall_min_dist: 0.021, R_way_point_dist: 0.3, R_wp: 0.15, timeout: 0
2025-04-15 16:32:26, INFO: Path length: 6.295115376549321
2025-04-15 16:32:26, INFO: Path left: 74.81529392923548
2025-04-15 16:32:26, INFO: Actions: 10
2025-04-15 16:32:26, INFO: Coordinates: 4.254116289317608 -9.547416254878044
2025-04-15 16:32:26, INFO: Stops times: 0

2025-04-15 16:32:29, INFO: human number: 8
2025-04-15 16:32:29, INFO: running 195/3600 episode, simulation environment: circle_static
2025-04-15 16:32:29, INFO: 195/3600 episode: Collision! Total Reward: -23.025, R_dan: 0.62, R_goal: 0, R_col: -25.0, R_km: 0.7, R_col_wall: 0, R_wall_min_dist: 0.002, R_way_point_dist: 0.42, R_wp: 0.225, timeout: 0
2025-04-15 16:32:29, INFO: Path length: 8.043432900380445
2025-04-15 16:32:29, INFO: Path left: 72.66957513292232
2025-04-15 16:32:29, INFO: Actions: 14
2025-04-15 16:32:29, INFO: Coordinates: 2.099382996559143 -8.886199593544006
2025-04-15 16:32:29, INFO: Stops times: 0

2025-04-15 16:32:32, INFO: human number: 8
2025-04-15 16:32:32, INFO: running 196/3600 episode, simulation environment: no
2025-04-15 16:32:32, INFO: 196/3600 episode: Success! Total Reward: 20.56, R_dan: 4.9, R_goal: 10.0, R_col: 0, R_km: 3.25, R_col_wall: 0, R_wall_min_dist: -12.228, R_way_point_dist: 2.94, R_wp: 11.7, timeout: 0
2025-04-15 16:32:32, INFO: Path length: 72.2339464304474
2025-04-15 16:32:32, INFO: Path left: 0
2025-04-15 16:32:32, INFO: Actions: 98
2025-04-15 16:32:32, INFO: Coordinates: -8.48644938133657 30.50919485837221
2025-04-15 16:32:32, INFO: Stops times: 3

2025-04-15 16:32:35, INFO: human number: 8
2025-04-15 16:32:35, INFO: running 197/3600 episode, simulation environment: circle_crossing
2025-04-15 16:32:36, INFO: 197/3600 episode: Success! Total Reward: 36.242, R_dan: 6.8, R_goal: 10.0, R_col: 0, R_km: 6.25, R_col_wall: 0, R_wall_min_dist: -2.612, R_way_point_dist: 4.08, R_wp: 11.7, timeout: 0
2025-04-15 16:32:36, INFO: Path length: 78.39822027339606
2025-04-15 16:32:36, INFO: Path left: 0
2025-04-15 16:32:36, INFO: Actions: 136
2025-04-15 16:32:36, INFO: Coordinates: -8.976257592905313 30.617754572071135
2025-04-15 16:32:36, INFO: Stops times: 1

2025-04-15 16:32:38, INFO: human number: 8
2025-04-15 16:32:39, INFO: running 198/3600 episode, simulation environment: circle_static
2025-04-15 16:32:40, INFO: 198/3600 episode: Success! Total Reward: 31.492, R_dan: 6.28, R_goal: 10.0, R_col: 0, R_km: 5.9, R_col_wall: 0, R_wall_min_dist: -6.616, R_way_point_dist: 4.2, R_wp: 11.7, timeout: 0
2025-04-15 16:32:40, INFO: Path length: 76.47985102956036
2025-04-15 16:32:40, INFO: Path left: 0
2025-04-15 16:32:40, INFO: Actions: 140
2025-04-15 16:32:40, INFO: Coordinates: -8.563639094121754 30.46778793260455
2025-04-15 16:32:40, INFO: Stops times: 0

2025-04-15 16:32:42, INFO: human number: 8
2025-04-15 16:32:42, INFO: running 199/3600 episode, simulation environment: no
2025-04-15 16:32:42, INFO: 199/3600 episode: Success! Total Reward: 20.56, R_dan: 4.9, R_goal: 10.0, R_col: 0, R_km: 3.25, R_col_wall: 0, R_wall_min_dist: -12.228, R_way_point_dist: 2.94, R_wp: 11.7, timeout: 0
2025-04-15 16:32:42, INFO: Path length: 72.2339464304474
2025-04-15 16:32:42, INFO: Path left: 0
2025-04-15 16:32:42, INFO: Actions: 98
2025-04-15 16:32:42, INFO: Coordinates: -8.48644938133657 30.50919485837221
2025-04-15 16:32:42, INFO: Stops times: 3

2025-04-15 16:32:45, INFO: human number: 8
2025-04-15 16:32:45, INFO: running 200/3600 episode, simulation environment: circle_crossing
2025-04-15 16:32:46, INFO: 200/3600 episode: Success! Total Reward: 30.574, R_dan: 3.76, R_goal: 10.0, R_col: 0, R_km: 5.55, R_col_wall: 0, R_wall_min_dist: -4.783, R_way_point_dist: 4.32, R_wp: 11.7, timeout: 0
2025-04-15 16:32:46, INFO: Path length: 76.8573786258633
2025-04-15 16:32:46, INFO: Path left: 0
2025-04-15 16:32:46, INFO: Actions: 144
2025-04-15 16:32:46, INFO: Coordinates: -8.385118823498487 30.820422634482384
2025-04-15 16:32:46, INFO: Stops times: 0

2025-04-15 16:32:49, INFO: human number: 8
2025-04-15 16:32:49, INFO: running 201/3600 episode, simulation environment: circle_static
2025-04-15 16:32:50, INFO: 201/3600 episode: Success! Total Reward: 32.906, R_dan: 6.39, R_goal: 10.0, R_col: 0, R_km: 4.05, R_col_wall: 0, R_wall_min_dist: -3.514, R_way_point_dist: 4.27, R_wp: 11.7, timeout: 0
2025-04-15 16:32:50, INFO: Path length: 78.90956446141215
2025-04-15 16:32:50, INFO: Path left: 0
2025-04-15 16:32:50, INFO: Actions: 147
2025-04-15 16:32:50, INFO: Coordinates: -9.513707377016544 31.43919710535556
2025-04-15 16:32:50, INFO: Stops times: 1

2025-04-15 16:32:52, INFO: human number: 8
2025-04-15 16:32:52, INFO: running 202/3600 episode, simulation environment: no
2025-04-15 16:32:53, INFO: 202/3600 episode: Success! Total Reward: 20.56, R_dan: 4.9, R_goal: 10.0, R_col: 0, R_km: 3.25, R_col_wall: 0, R_wall_min_dist: -12.228, R_way_point_dist: 2.94, R_wp: 11.7, timeout: 0
2025-04-15 16:32:53, INFO: Path length: 72.2339464304474
2025-04-15 16:32:53, INFO: Path left: 0
2025-04-15 16:32:53, INFO: Actions: 98
2025-04-15 16:32:53, INFO: Coordinates: -8.48644938133657 30.50919485837221
2025-04-15 16:32:53, INFO: Stops times: 3

2025-04-15 16:32:55, INFO: human number: 8
2025-04-15 16:32:56, INFO: running 203/3600 episode, simulation environment: circle_crossing
2025-04-15 16:32:56, INFO: 203/3600 episode: Collision! Total Reward: -16.121, R_dan: 2.13, R_goal: 0, R_col: -25.0, R_km: 2.55, R_col_wall: 0, R_wall_min_dist: -1.804, R_way_point_dist: 2.19, R_wp: 3.795, timeout: 0
2025-04-15 16:32:56, INFO: Path length: 39.6085900632034
2025-04-15 16:32:56, INFO: Path left: 38.5137766430908
2025-04-15 16:32:56, INFO: Actions: 73
2025-04-15 16:32:56, INFO: Coordinates: 0.8815990854054689 11.462650794535875
2025-04-15 16:32:56, INFO: Stops times: 1

2025-04-15 16:32:58, INFO: human number: 8
2025-04-15 16:32:59, INFO: running 204/3600 episode, simulation environment: circle_static
2025-04-15 16:33:00, INFO: 204/3600 episode: Collision! Total Reward: -20.824, R_dan: 1.88, R_goal: 0, R_col: -25.0, R_km: -1.85, R_col_wall: 0, R_wall_min_dist: -1.548, R_way_point_dist: 2.52, R_wp: 3.15, timeout: 0
2025-04-15 16:33:00, INFO: Path length: 36.638850423707794
2025-04-15 16:33:00, INFO: Path left: 41.70888282860429
2025-04-15 16:33:00, INFO: Actions: 84
2025-04-15 16:33:00, INFO: Coordinates: -2.1210655122995377 10.841007821261883
2025-04-15 16:33:00, INFO: Stops times: 0

2025-04-15 16:33:02, INFO: human number: 8
2025-04-15 16:33:02, INFO: running 205/3600 episode, simulation environment: no
2025-04-15 16:33:02, INFO: 205/3600 episode: Success! Total Reward: 20.56, R_dan: 4.9, R_goal: 10.0, R_col: 0, R_km: 3.25, R_col_wall: 0, R_wall_min_dist: -12.228, R_way_point_dist: 2.94, R_wp: 11.7, timeout: 0
2025-04-15 16:33:02, INFO: Path length: 72.2339464304474
2025-04-15 16:33:02, INFO: Path left: 0
2025-04-15 16:33:02, INFO: Actions: 98
2025-04-15 16:33:02, INFO: Coordinates: -8.48644938133657 30.50919485837221
2025-04-15 16:33:02, INFO: Stops times: 3

2025-04-15 16:33:05, INFO: human number: 8
2025-04-15 16:33:05, INFO: running 206/3600 episode, simulation environment: circle_crossing
2025-04-15 16:33:06, INFO: 206/3600 episode: Collision! Total Reward: -19.632, R_dan: 2.23, R_goal: 0, R_col: -25.0, R_km: 0.85, R_col_wall: 0, R_wall_min_dist: -3.99, R_way_point_dist: 2.49, R_wp: 3.795, timeout: 0
2025-04-15 16:33:06, INFO: Path length: 40.47612416875707
2025-04-15 16:33:06, INFO: Path left: 37.49515648063217
2025-04-15 16:33:06, INFO: Actions: 83
2025-04-15 16:33:06, INFO: Coordinates: 1.8879810785874724 11.664800364524126
2025-04-15 16:33:06, INFO: Stops times: 0

2025-04-15 16:33:08, INFO: human number: 8
2025-04-15 16:33:09, INFO: running 207/3600 episode, simulation environment: circle_static
2025-04-15 16:33:10, INFO: 207/3600 episode: Success! Total Reward: 24.98, R_dan: 7.56, R_goal: 10.0, R_col: 0, R_km: -3.2, R_col_wall: 0, R_wall_min_dist: -5.786, R_way_point_dist: 4.68, R_wp: 11.7, timeout: 0
2025-04-15 16:33:10, INFO: Path length: 78.86268231113124
2025-04-15 16:33:10, INFO: Path left: 0
2025-04-15 16:33:10, INFO: Actions: 156
2025-04-15 16:33:10, INFO: Coordinates: -8.72918813675642 30.76667937170714
2025-04-15 16:33:10, INFO: Stops times: 3

2025-04-15 16:33:12, INFO: human number: 8
2025-04-15 16:33:12, INFO: running 208/3600 episode, simulation environment: no
2025-04-15 16:33:12, INFO: 208/3600 episode: Success! Total Reward: 20.56, R_dan: 4.9, R_goal: 10.0, R_col: 0, R_km: 3.25, R_col_wall: 0, R_wall_min_dist: -12.228, R_way_point_dist: 2.94, R_wp: 11.7, timeout: 0
2025-04-15 16:33:12, INFO: Path length: 72.2339464304474
2025-04-15 16:33:12, INFO: Path left: 0
2025-04-15 16:33:12, INFO: Actions: 98
2025-04-15 16:33:12, INFO: Coordinates: -8.48644938133657 30.50919485837221
2025-04-15 16:33:12, INFO: Stops times: 3

2025-04-15 16:33:15, INFO: human number: 8
2025-04-15 16:33:15, INFO: running 209/3600 episode, simulation environment: circle_crossing
2025-04-15 16:33:16, INFO: 209/3600 episode: Collision! Total Reward: -24.955, R_dan: -0.12, R_goal: 0, R_col: -25.0, R_km: -0.25, R_col_wall: 0, R_wall_min_dist: -0.968, R_way_point_dist: 0.84, R_wp: 0.54, timeout: 0
2025-04-15 16:33:16, INFO: Path length: 12.72791748719866
2025-04-15 16:33:16, INFO: Path left: 67.0806107330389
2025-04-15 16:33:16, INFO: Actions: 28
2025-04-15 16:33:16, INFO: Coordinates: -2.61012402176857 -7.3339255861938
2025-04-15 16:33:16, INFO: Stops times: 0

2025-04-15 16:33:18, INFO: human number: 8
2025-04-15 16:33:19, INFO: running 210/3600 episode, simulation environment: circle_static
2025-04-15 16:33:19, INFO: 210/3600 episode: Collision! Total Reward: -9.58, R_dan: 4.18, R_goal: 0, R_col: -25.0, R_km: 4.6, R_col_wall: 0, R_wall_min_dist: -3.314, R_way_point_dist: 3.42, R_wp: 6.525, timeout: 0
2025-04-15 16:33:19, INFO: Path length: 54.744907343158154
2025-04-15 16:33:19, INFO: Path left: 23.038363101130223
2025-04-15 16:33:19, INFO: Actions: 114
2025-04-15 16:33:19, INFO: Coordinates: 8.41518902266398 21.947984531521797
2025-04-15 16:33:19, INFO: Stops times: 0

2025-04-15 16:33:22, INFO: human number: 8
2025-04-15 16:33:22, INFO: running 211/3600 episode, simulation environment: no
2025-04-15 16:33:22, INFO: 211/3600 episode: Success! Total Reward: 20.56, R_dan: 4.9, R_goal: 10.0, R_col: 0, R_km: 3.25, R_col_wall: 0, R_wall_min_dist: -12.228, R_way_point_dist: 2.94, R_wp: 11.7, timeout: 0
2025-04-15 16:33:22, INFO: Path length: 72.2339464304474
2025-04-15 16:33:22, INFO: Path left: 0
2025-04-15 16:33:22, INFO: Actions: 98
2025-04-15 16:33:22, INFO: Coordinates: -8.48644938133657 30.50919485837221
2025-04-15 16:33:22, INFO: Stops times: 3

2025-04-15 16:33:24, INFO: human number: 8
2025-04-15 16:33:25, INFO: running 212/3600 episode, simulation environment: circle_crossing
2025-04-15 16:33:26, INFO: 212/3600 episode: Success! Total Reward: 31.448, R_dan: 7.7, R_goal: 10.0, R_col: 0, R_km: 3.3, R_col_wall: 0, R_wall_min_dist: -5.541, R_way_point_dist: 4.27, R_wp: 11.7, timeout: 0
2025-04-15 16:33:26, INFO: Path length: 82.70347313115104
2025-04-15 16:33:26, INFO: Path left: 0
2025-04-15 16:33:26, INFO: Actions: 154
2025-04-15 16:33:26, INFO: Coordinates: -11.037558102980256 30.75158861000091
2025-04-15 16:33:26, INFO: Stops times: 1

2025-04-15 16:33:28, INFO: human number: 8
2025-04-15 16:33:29, INFO: running 213/3600 episode, simulation environment: circle_static
2025-04-15 16:33:29, INFO: 213/3600 episode: Collision! Total Reward: -23.889, R_dan: 0.52, R_goal: 0, R_col: -25.0, R_km: 0.05, R_col_wall: 0, R_wall_min_dist: 0.026, R_way_point_dist: 0.36, R_wp: 0.15, timeout: 0
2025-04-15 16:33:29, INFO: Path length: 6.627037971586682
2025-04-15 16:33:29, INFO: Path left: 73.70930112085739
2025-04-15 16:33:29, INFO: Actions: 12
2025-04-15 16:33:29, INFO: Coordinates: 3.1347664296627045 -9.80600231513381
2025-04-15 16:33:29, INFO: Stops times: 1

2025-04-15 16:33:31, INFO: human number: 8
2025-04-15 16:33:31, INFO: running 214/3600 episode, simulation environment: no
2025-04-15 16:33:32, INFO: 214/3600 episode: Success! Total Reward: 20.56, R_dan: 4.9, R_goal: 10.0, R_col: 0, R_km: 3.25, R_col_wall: 0, R_wall_min_dist: -12.228, R_way_point_dist: 2.94, R_wp: 11.7, timeout: 0
2025-04-15 16:33:32, INFO: Path length: 72.2339464304474
2025-04-15 16:33:32, INFO: Path left: 0
2025-04-15 16:33:32, INFO: Actions: 98
2025-04-15 16:33:32, INFO: Coordinates: -8.48644938133657 30.50919485837221
2025-04-15 16:33:32, INFO: Stops times: 3

2025-04-15 16:33:34, INFO: human number: 8
2025-04-15 16:33:35, INFO: running 215/3600 episode, simulation environment: circle_crossing
2025-04-15 16:33:35, INFO: 215/3600 episode: Collision! Total Reward: -23.853, R_dan: 0.83, R_goal: 0, R_col: -25.0, R_km: -0.5, R_col_wall: 0, R_wall_min_dist: -0.196, R_way_point_dist: 0.69, R_wp: 0.315, timeout: 0
2025-04-15 16:33:35, INFO: Path length: 9.727557705309522
2025-04-15 16:33:35, INFO: Path left: 70.55654981015171
2025-04-15 16:33:35, INFO: Actions: 23
2025-04-15 16:33:35, INFO: Coordinates: 0.09808145463466644 -8.481225624680519
2025-04-15 16:33:35, INFO: Stops times: 0

2025-04-15 16:33:37, INFO: human number: 8
2025-04-15 16:33:38, INFO: running 216/3600 episode, simulation environment: circle_static
2025-04-15 16:33:38, INFO: 216/3600 episode: Collision! Total Reward: -22.992, R_dan: 0.53, R_goal: 0, R_col: -25.0, R_km: 0.15, R_col_wall: 0, R_wall_min_dist: 0.032, R_way_point_dist: 0.75, R_wp: 0.54, timeout: 0
2025-04-15 16:33:38, INFO: Path length: 12.631953383028918
2025-04-15 16:33:38, INFO: Path left: 67.39952509649183
2025-04-15 16:33:38, INFO: Actions: 25
2025-04-15 16:33:38, INFO: Coordinates: -2.7284099012613297 -8.484270794317126
2025-04-15 16:33:38, INFO: Stops times: 0

2025-04-15 16:33:40, INFO: human number: 8
2025-04-15 16:33:40, INFO: running 217/3600 episode, simulation environment: no
2025-04-15 16:33:41, INFO: 217/3600 episode: Success! Total Reward: 20.56, R_dan: 4.9, R_goal: 10.0, R_col: 0, R_km: 3.25, R_col_wall: 0, R_wall_min_dist: -12.228, R_way_point_dist: 2.94, R_wp: 11.7, timeout: 0
2025-04-15 16:33:41, INFO: Path length: 72.2339464304474
2025-04-15 16:33:41, INFO: Path left: 0
2025-04-15 16:33:41, INFO: Actions: 98
2025-04-15 16:33:41, INFO: Coordinates: -8.48644938133657 30.50919485837221
2025-04-15 16:33:41, INFO: Stops times: 3

2025-04-15 16:33:43, INFO: human number: 8
2025-04-15 16:33:44, INFO: running 218/3600 episode, simulation environment: circle_crossing
2025-04-15 16:33:44, INFO: 218/3600 episode: Collision! Total Reward: -22.717, R_dan: 0.76, R_goal: 0, R_col: -25.0, R_km: 0.45, R_col_wall: 0, R_wall_min_dist: 0.046, R_way_point_dist: 0.6, R_wp: 0.42, timeout: 0
2025-04-15 16:33:44, INFO: Path length: 12.057356626039692
2025-04-15 16:33:44, INFO: Path left: 68.08997334839924
2025-04-15 16:33:44, INFO: Actions: 20
2025-04-15 16:33:44, INFO: Coordinates: -2.3409982919692993 -9.02043391019106
2025-04-15 16:33:44, INFO: Stops times: 0

2025-04-15 16:33:46, INFO: human number: 8
2025-04-15 16:33:47, INFO: running 219/3600 episode, simulation environment: circle_static
2025-04-15 16:33:48, INFO: 219/3600 episode: Success! Total Reward: 29.175, R_dan: 5.69, R_goal: 10.0, R_col: 0, R_km: -1.1, R_col_wall: 0, R_wall_min_dist: -2.088, R_way_point_dist: 4.95, R_wp: 11.7, timeout: 0
2025-04-15 16:33:48, INFO: Path length: 79.31183816371043
2025-04-15 16:33:48, INFO: Path left: 0
2025-04-15 16:33:48, INFO: Actions: 165
2025-04-15 16:33:48, INFO: Coordinates: -9.900542374700308 31.589303888380527
2025-04-15 16:33:48, INFO: Stops times: 0

2025-04-15 16:33:50, INFO: human number: 8
2025-04-15 16:33:50, INFO: running 220/3600 episode, simulation environment: no
2025-04-15 16:33:51, INFO: 220/3600 episode: Success! Total Reward: 20.56, R_dan: 4.9, R_goal: 10.0, R_col: 0, R_km: 3.25, R_col_wall: 0, R_wall_min_dist: -12.228, R_way_point_dist: 2.94, R_wp: 11.7, timeout: 0
2025-04-15 16:33:51, INFO: Path length: 72.2339464304474
2025-04-15 16:33:51, INFO: Path left: 0
2025-04-15 16:33:51, INFO: Actions: 98
2025-04-15 16:33:51, INFO: Coordinates: -8.48644938133657 30.50919485837221
2025-04-15 16:33:51, INFO: Stops times: 3

2025-04-15 16:33:53, INFO: human number: 8
2025-04-15 16:33:54, INFO: running 221/3600 episode, simulation environment: circle_crossing
2025-04-15 16:33:54, INFO: 221/3600 episode: Collision! Total Reward: -17.243, R_dan: 3.23, R_goal: 0, R_col: -25.0, R_km: 0.8, R_col_wall: 0, R_wall_min_dist: -1.574, R_way_point_dist: 2.13, R_wp: 3.15, timeout: 0
2025-04-15 16:33:54, INFO: Path length: 36.426596149356534
2025-04-15 16:33:54, INFO: Path left: 41.956621481077235
2025-04-15 16:33:54, INFO: Actions: 71
2025-04-15 16:33:54, INFO: Coordinates: -2.1969808861613274 9.985021645203233
2025-04-15 16:33:54, INFO: Stops times: 2

2025-04-15 16:33:56, INFO: human number: 8
2025-04-15 16:33:57, INFO: running 222/3600 episode, simulation environment: circle_static
2025-04-15 16:33:57, INFO: 222/3600 episode: Collision! Total Reward: -24.156, R_dan: 0.42, R_goal: 0, R_col: -25.0, R_km: -0.05, R_col_wall: 0, R_wall_min_dist: 0.021, R_way_point_dist: 0.3, R_wp: 0.15, timeout: 0
2025-04-15 16:33:57, INFO: Path length: 7.497137697502409
2025-04-15 16:33:57, INFO: Path left: 73.63792586607525
2025-04-15 16:33:57, INFO: Actions: 10
2025-04-15 16:33:57, INFO: Coordinates: 3.0401351526379585 -9.9975869897753
2025-04-15 16:33:57, INFO: Stops times: 0

2025-04-15 16:34:00, INFO: human number: 8
2025-04-15 16:34:00, INFO: running 223/3600 episode, simulation environment: no
2025-04-15 16:34:00, INFO: 223/3600 episode: Success! Total Reward: 20.56, R_dan: 4.9, R_goal: 10.0, R_col: 0, R_km: 3.25, R_col_wall: 0, R_wall_min_dist: -12.228, R_way_point_dist: 2.94, R_wp: 11.7, timeout: 0
2025-04-15 16:34:00, INFO: Path length: 72.2339464304474
2025-04-15 16:34:00, INFO: Path left: 0
2025-04-15 16:34:00, INFO: Actions: 98
2025-04-15 16:34:00, INFO: Coordinates: -8.48644938133657 30.50919485837221
2025-04-15 16:34:00, INFO: Stops times: 3

2025-04-15 16:34:02, INFO: human number: 8
2025-04-15 16:34:03, INFO: running 224/3600 episode, simulation environment: circle_crossing
2025-04-15 16:34:04, INFO: 224/3600 episode: Success! Total Reward: 27.958, R_dan: 7.52, R_goal: 10.0, R_col: 0, R_km: 0.85, R_col_wall: 0, R_wall_min_dist: -6.244, R_way_point_dist: 4.1, R_wp: 11.7, timeout: 0
2025-04-15 16:34:04, INFO: Path length: 81.34809862997813
2025-04-15 16:34:04, INFO: Path left: 0
2025-04-15 16:34:04, INFO: Actions: 160
2025-04-15 16:34:04, INFO: Coordinates: -9.516240601427853 31.271255519241095
2025-04-15 16:34:04, INFO: Stops times: 1

2025-04-15 16:34:06, INFO: human number: 8
2025-04-15 16:34:07, INFO: running 225/3600 episode, simulation environment: circle_static
2025-04-15 16:34:07, INFO: 225/3600 episode: Success! Total Reward: 3.522, R_dan: 8.09, R_goal: 10.0, R_col: 0, R_km: -18.75, R_col_wall: 0, R_wall_min_dist: -12.676, R_way_point_dist: 5.14, R_wp: 11.7, timeout: 0
2025-04-15 16:34:07, INFO: Path length: 87.42837392515668
2025-04-15 16:34:07, INFO: Path left: 0
2025-04-15 16:34:07, INFO: Actions: 197
2025-04-15 16:34:07, INFO: Coordinates: -10.01171032525599 30.47546986490488
2025-04-15 16:34:07, INFO: Stops times: 1

2025-04-15 16:34:10, INFO: human number: 8
2025-04-15 16:34:10, INFO: running 226/3600 episode, simulation environment: no
2025-04-15 16:34:10, INFO: 226/3600 episode: Success! Total Reward: 20.56, R_dan: 4.9, R_goal: 10.0, R_col: 0, R_km: 3.25, R_col_wall: 0, R_wall_min_dist: -12.228, R_way_point_dist: 2.94, R_wp: 11.7, timeout: 0
2025-04-15 16:34:10, INFO: Path length: 72.2339464304474
2025-04-15 16:34:10, INFO: Path left: 0
2025-04-15 16:34:10, INFO: Actions: 98
2025-04-15 16:34:10, INFO: Coordinates: -8.48644938133657 30.50919485837221
2025-04-15 16:34:10, INFO: Stops times: 3

2025-04-15 16:34:13, INFO: human number: 8
2025-04-15 16:34:13, INFO: running 227/3600 episode, simulation environment: circle_crossing
2025-04-15 16:34:14, INFO: 227/3600 episode: Success! Total Reward: 34.968, R_dan: 6.95, R_goal: 10.0, R_col: 0, R_km: 5.55, R_col_wall: 0, R_wall_min_dist: -3.434, R_way_point_dist: 4.16, R_wp: 11.7, timeout: 0
2025-04-15 16:34:14, INFO: Path length: 84.37620248607477
2025-04-15 16:34:14, INFO: Path left: 0
2025-04-15 16:34:14, INFO: Actions: 155
2025-04-15 16:34:14, INFO: Coordinates: -9.64066707692109 31.485286372248083
2025-04-15 16:34:14, INFO: Stops times: 1

2025-04-15 16:34:17, INFO: human number: 8
2025-04-15 16:34:17, INFO: running 228/3600 episode, simulation environment: circle_static
2025-04-15 16:34:17, INFO: 228/3600 episode: Collision! Total Reward: -25.14, R_dan: 1.46, R_goal: 0, R_col: -25.0, R_km: -0.5, R_col_wall: 0, R_wall_min_dist: -3.292, R_way_point_dist: 1.02, R_wp: 1.17, timeout: 0
2025-04-15 16:34:17, INFO: Path length: 18.406403672427533
2025-04-15 16:34:17, INFO: Path left: 59.96188995063165
2025-04-15 16:34:17, INFO: Actions: 34
2025-04-15 16:34:17, INFO: Coordinates: -6.688473030924797 -3.572351135313511
2025-04-15 16:34:17, INFO: Stops times: 0

2025-04-15 16:34:20, INFO: human number: 8
2025-04-15 16:34:20, INFO: running 229/3600 episode, simulation environment: no
2025-04-15 16:34:20, INFO: 229/3600 episode: Success! Total Reward: 20.56, R_dan: 4.9, R_goal: 10.0, R_col: 0, R_km: 3.25, R_col_wall: 0, R_wall_min_dist: -12.228, R_way_point_dist: 2.94, R_wp: 11.7, timeout: 0
2025-04-15 16:34:20, INFO: Path length: 72.2339464304474
2025-04-15 16:34:20, INFO: Path left: 0
2025-04-15 16:34:20, INFO: Actions: 98
2025-04-15 16:34:20, INFO: Coordinates: -8.48644938133657 30.50919485837221
2025-04-15 16:34:20, INFO: Stops times: 3

2025-04-15 16:34:22, INFO: human number: 8
2025-04-15 16:34:23, INFO: running 230/3600 episode, simulation environment: circle_crossing
2025-04-15 16:34:24, INFO: 230/3600 episode: Collision! Total Reward: -12.732, R_dan: 3.99, R_goal: 0, R_col: -25.0, R_km: 2.5, R_col_wall: 0, R_wall_min_dist: -0.533, R_way_point_dist: 2.49, R_wp: 3.795, timeout: 0
2025-04-15 16:34:24, INFO: Path length: 42.360818442294985
2025-04-15 16:34:24, INFO: Path left: 38.10713559458867
2025-04-15 16:34:24, INFO: Actions: 83
2025-04-15 16:34:24, INFO: Coordinates: 1.4935124050825834 11.015584707260132
2025-04-15 16:34:24, INFO: Stops times: 0

2025-04-15 16:34:26, INFO: human number: 8
2025-04-15 16:34:26, INFO: running 231/3600 episode, simulation environment: circle_static
2025-04-15 16:34:27, INFO: 231/3600 episode: Success! Total Reward: 25.422, R_dan: 5.39, R_goal: 10.0, R_col: 0, R_km: 1.8, R_col_wall: 0, R_wall_min_dist: -7.512, R_way_point_dist: 4.05, R_wp: 11.7, timeout: 0
2025-04-15 16:34:27, INFO: Path length: 75.67658058063063
2025-04-15 16:34:27, INFO: Path left: 0
2025-04-15 16:34:27, INFO: Actions: 135
2025-04-15 16:34:27, INFO: Coordinates: -8.732377491891384 30.801260378211737
2025-04-15 16:34:27, INFO: Stops times: 0

2025-04-15 16:34:30, INFO: human number: 8
2025-04-15 16:34:30, INFO: running 232/3600 episode, simulation environment: no
2025-04-15 16:34:30, INFO: 232/3600 episode: Success! Total Reward: 20.56, R_dan: 4.9, R_goal: 10.0, R_col: 0, R_km: 3.25, R_col_wall: 0, R_wall_min_dist: -12.228, R_way_point_dist: 2.94, R_wp: 11.7, timeout: 0
2025-04-15 16:34:30, INFO: Path length: 72.2339464304474
2025-04-15 16:34:30, INFO: Path left: 0
2025-04-15 16:34:30, INFO: Actions: 98
2025-04-15 16:34:30, INFO: Coordinates: -8.48644938133657 30.50919485837221
2025-04-15 16:34:30, INFO: Stops times: 3

2025-04-15 16:34:32, INFO: human number: 8
2025-04-15 16:34:33, INFO: running 233/3600 episode, simulation environment: circle_crossing
2025-04-15 16:34:34, INFO: 233/3600 episode: Success! Total Reward: 36.872, R_dan: 7.73, R_goal: 10.0, R_col: 0, R_km: 5.7, R_col_wall: 0, R_wall_min_dist: -3.22, R_way_point_dist: 4.93, R_wp: 11.7, timeout: 0
2025-04-15 16:34:34, INFO: Path length: 79.30086641058706
2025-04-15 16:34:34, INFO: Path left: 0
2025-04-15 16:34:34, INFO: Actions: 169
2025-04-15 16:34:34, INFO: Coordinates: -9.993207392748445 31.60934524424374
2025-04-15 16:34:34, INFO: Stops times: 1

2025-04-15 16:34:36, INFO: human number: 8
2025-04-15 16:34:37, INFO: running 234/3600 episode, simulation environment: circle_static
2025-04-15 16:34:37, INFO: 234/3600 episode: Collision! Total Reward: -24.234, R_dan: 0.48, R_goal: 0, R_col: -25.0, R_km: 0.1, R_col_wall: 0, R_wall_min_dist: -0.962, R_way_point_dist: 0.72, R_wp: 0.42, timeout: 0
2025-04-15 16:34:37, INFO: Path length: 11.367915281735453
2025-04-15 16:34:37, INFO: Path left: 68.99312735644487
2025-04-15 16:34:37, INFO: Actions: 24
2025-04-15 16:34:37, INFO: Coordinates: -1.159998595714569 -7.903618022799492
2025-04-15 16:34:37, INFO: Stops times: 0

2025-04-15 16:34:39, INFO: human number: 8
2025-04-15 16:34:39, INFO: running 235/3600 episode, simulation environment: no
2025-04-15 16:34:40, INFO: 235/3600 episode: Success! Total Reward: 20.56, R_dan: 4.9, R_goal: 10.0, R_col: 0, R_km: 3.25, R_col_wall: 0, R_wall_min_dist: -12.228, R_way_point_dist: 2.94, R_wp: 11.7, timeout: 0
2025-04-15 16:34:40, INFO: Path length: 72.2339464304474
2025-04-15 16:34:40, INFO: Path left: 0
2025-04-15 16:34:40, INFO: Actions: 98
2025-04-15 16:34:40, INFO: Coordinates: -8.48644938133657 30.50919485837221
2025-04-15 16:34:40, INFO: Stops times: 3

2025-04-15 16:34:42, INFO: human number: 8
2025-04-15 16:34:43, INFO: running 236/3600 episode, simulation environment: circle_crossing
2025-04-15 16:34:44, INFO: 236/3600 episode: Success! Total Reward: 19.976, R_dan: 5.01, R_goal: 10.0, R_col: 0, R_km: 0.55, R_col_wall: 0, R_wall_min_dist: -10.914, R_way_point_dist: 3.63, R_wp: 11.7, timeout: 0
2025-04-15 16:34:44, INFO: Path length: 73.88663045403091
2025-04-15 16:34:44, INFO: Path left: 0
2025-04-15 16:34:44, INFO: Actions: 121
2025-04-15 16:34:44, INFO: Coordinates: -8.562896352261305 30.448145957430825
2025-04-15 16:34:44, INFO: Stops times: 3

2025-04-15 16:34:46, INFO: human number: 8
2025-04-15 16:34:46, INFO: running 237/3600 episode, simulation environment: circle_static
2025-04-15 16:34:47, INFO: 237/3600 episode: Collision! Total Reward: -24.421, R_dan: 0.32, R_goal: 0, R_col: -25.0, R_km: -0.15, R_col_wall: 0, R_wall_min_dist: 0.017, R_way_point_dist: 0.24, R_wp: 0.15, timeout: 0
2025-04-15 16:34:47, INFO: Path length: 6.14846783660777
2025-04-15 16:34:47, INFO: Path left: 74.99708273815236
2025-04-15 16:34:47, INFO: Actions: 8
2025-04-15 16:34:47, INFO: Coordinates: 4.414776526391506 -9.949463514611125
2025-04-15 16:34:47, INFO: Stops times: 0

2025-04-15 16:34:49, INFO: human number: 8
2025-04-15 16:34:49, INFO: running 238/3600 episode, simulation environment: no
2025-04-15 16:34:49, INFO: 238/3600 episode: Success! Total Reward: 20.56, R_dan: 4.9, R_goal: 10.0, R_col: 0, R_km: 3.25, R_col_wall: 0, R_wall_min_dist: -12.228, R_way_point_dist: 2.94, R_wp: 11.7, timeout: 0
2025-04-15 16:34:49, INFO: Path length: 72.2339464304474
2025-04-15 16:34:49, INFO: Path left: 0
2025-04-15 16:34:49, INFO: Actions: 98
2025-04-15 16:34:49, INFO: Coordinates: -8.48644938133657 30.50919485837221
2025-04-15 16:34:49, INFO: Stops times: 3

2025-04-15 16:34:52, INFO: human number: 8
2025-04-15 16:34:52, INFO: running 239/3600 episode, simulation environment: circle_crossing
2025-04-15 16:34:53, INFO: 239/3600 episode: Collision! Total Reward: -24.655, R_dan: 0.48, R_goal: 0, R_col: -25.0, R_km: -1.0, R_col_wall: 0, R_wall_min_dist: -0.28, R_way_point_dist: 0.72, R_wp: 0.42, timeout: 0
2025-04-15 16:34:53, INFO: Path length: 12.545360926163362
2025-04-15 16:34:53, INFO: Path left: 67.64261387426234
2025-04-15 16:34:53, INFO: Actions: 24
2025-04-15 16:34:53, INFO: Coordinates: -2.5790397077798843 -8.305147236213088
2025-04-15 16:34:53, INFO: Stops times: 1

2025-04-15 16:34:55, INFO: human number: 8
2025-04-15 16:34:55, INFO: running 240/3600 episode, simulation environment: circle_static
2025-04-15 16:34:56, INFO: 240/3600 episode: Success! Total Reward: 31.186, R_dan: 6.74, R_goal: 10.0, R_col: 0, R_km: 4.55, R_col_wall: 0, R_wall_min_dist: -5.983, R_way_point_dist: 4.17, R_wp: 11.7, timeout: 0
2025-04-15 16:34:56, INFO: Path length: 78.56006454934068
2025-04-15 16:34:56, INFO: Path left: 0
2025-04-15 16:34:56, INFO: Actions: 146
2025-04-15 16:34:56, INFO: Coordinates: -10.4053561296314 30.57928509125486
2025-04-15 16:34:56, INFO: Stops times: 0

2025-04-15 16:34:59, INFO: human number: 8
2025-04-15 16:34:59, INFO: running 241/3600 episode, simulation environment: no
2025-04-15 16:34:59, INFO: 241/3600 episode: Success! Total Reward: 20.56, R_dan: 4.9, R_goal: 10.0, R_col: 0, R_km: 3.25, R_col_wall: 0, R_wall_min_dist: -12.228, R_way_point_dist: 2.94, R_wp: 11.7, timeout: 0
2025-04-15 16:34:59, INFO: Path length: 72.2339464304474
2025-04-15 16:34:59, INFO: Path left: 0
2025-04-15 16:34:59, INFO: Actions: 98
2025-04-15 16:34:59, INFO: Coordinates: -8.48644938133657 30.50919485837221
2025-04-15 16:34:59, INFO: Stops times: 3

2025-04-15 16:35:01, INFO: human number: 8
2025-04-15 16:35:02, INFO: running 242/3600 episode, simulation environment: circle_crossing
2025-04-15 16:35:03, INFO: 242/3600 episode: Success! Total Reward: 33.178, R_dan: 6.75, R_goal: 10.0, R_col: 0, R_km: 5.1, R_col_wall: 0, R_wall_min_dist: -4.432, R_way_point_dist: 4.05, R_wp: 11.7, timeout: 0
2025-04-15 16:35:03, INFO: Path length: 77.51853007847052
2025-04-15 16:35:03, INFO: Path left: 0
2025-04-15 16:35:03, INFO: Actions: 135
2025-04-15 16:35:03, INFO: Coordinates: -8.97724029328674 30.84621797502041
2025-04-15 16:35:03, INFO: Stops times: 1

2025-04-15 16:35:05, INFO: human number: 8
2025-04-15 16:35:06, INFO: running 243/3600 episode, simulation environment: circle_static
2025-04-15 16:35:06, INFO: 243/3600 episode: Collision! Total Reward: -24.215, R_dan: 0.14, R_goal: 0, R_col: -25.0, R_km: 0.3, R_col_wall: 0, R_wall_min_dist: 0.013, R_way_point_dist: 0.18, R_wp: 0.15, timeout: 0
2025-04-15 16:35:06, INFO: Path length: 6.642181142185233
2025-04-15 16:35:06, INFO: Path left: 74.45838275863137
2025-04-15 16:35:06, INFO: Actions: 6
2025-04-15 16:35:06, INFO: Coordinates: 3.8953824639320374 -9.368208900094032
2025-04-15 16:35:06, INFO: Stops times: 0

2025-04-15 16:35:08, INFO: human number: 8
2025-04-15 16:35:08, INFO: running 244/3600 episode, simulation environment: no
2025-04-15 16:35:09, INFO: 244/3600 episode: Success! Total Reward: 20.56, R_dan: 4.9, R_goal: 10.0, R_col: 0, R_km: 3.25, R_col_wall: 0, R_wall_min_dist: -12.228, R_way_point_dist: 2.94, R_wp: 11.7, timeout: 0
2025-04-15 16:35:09, INFO: Path length: 72.2339464304474
2025-04-15 16:35:09, INFO: Path left: 0
2025-04-15 16:35:09, INFO: Actions: 98
2025-04-15 16:35:09, INFO: Coordinates: -8.48644938133657 30.50919485837221
2025-04-15 16:35:09, INFO: Stops times: 3

2025-04-15 16:35:11, INFO: human number: 8
2025-04-15 16:35:12, INFO: running 245/3600 episode, simulation environment: circle_crossing
2025-04-15 16:35:12, INFO: 245/3600 episode: Collision! Total Reward: -20.918, R_dan: 1.35, R_goal: 0, R_col: -25.0, R_km: 0.5, R_col_wall: 0, R_wall_min_dist: 0.106, R_way_point_dist: 1.29, R_wp: 0.825, timeout: 0
2025-04-15 16:35:12, INFO: Path length: 18.794567088149485
2025-04-15 16:35:12, INFO: Path left: 62.02752488296921
2025-04-15 16:35:12, INFO: Actions: 43
2025-04-15 16:35:12, INFO: Coordinates: -8.637476220726967 -6.339805029332638
2025-04-15 16:35:12, INFO: Stops times: 1

2025-04-15 16:35:14, INFO: human number: 8
2025-04-15 16:35:15, INFO: running 246/3600 episode, simulation environment: circle_static
2025-04-15 16:35:15, INFO: 246/3600 episode: Collision! Total Reward: -24.291, R_dan: -0.12, R_goal: 0, R_col: -25.0, R_km: -0.25, R_col_wall: 0, R_wall_min_dist: -0.095, R_way_point_dist: 0.63, R_wp: 0.54, timeout: 0
2025-04-15 16:35:15, INFO: Path length: 14.933946823195113
2025-04-15 16:35:15, INFO: Path left: 66.1076592128084
2025-04-15 16:35:15, INFO: Actions: 28
2025-04-15 16:35:15, INFO: Coordinates: -3.890976570546627 -7.918420707806945
2025-04-15 16:35:15, INFO: Stops times: 1

2025-04-15 16:35:18, INFO: human number: 8
2025-04-15 16:35:18, INFO: running 247/3600 episode, simulation environment: no
2025-04-15 16:35:18, INFO: 247/3600 episode: Success! Total Reward: 20.56, R_dan: 4.9, R_goal: 10.0, R_col: 0, R_km: 3.25, R_col_wall: 0, R_wall_min_dist: -12.228, R_way_point_dist: 2.94, R_wp: 11.7, timeout: 0
2025-04-15 16:35:18, INFO: Path length: 72.2339464304474
2025-04-15 16:35:18, INFO: Path left: 0
2025-04-15 16:35:18, INFO: Actions: 98
2025-04-15 16:35:18, INFO: Coordinates: -8.48644938133657 30.50919485837221
2025-04-15 16:35:18, INFO: Stops times: 3

2025-04-15 16:35:20, INFO: human number: 8
2025-04-15 16:35:21, INFO: running 248/3600 episode, simulation environment: circle_crossing
2025-04-15 16:35:21, INFO: 248/3600 episode: Collision! Total Reward: -24.089, R_dan: 0.02, R_goal: 0, R_col: -25.0, R_km: -0.35, R_col_wall: 0, R_wall_min_dist: 0.037, R_way_point_dist: 0.78, R_wp: 0.42, timeout: 0
2025-04-15 16:35:21, INFO: Path length: 11.633698167215515
2025-04-15 16:35:21, INFO: Path left: 68.55958490131601
2025-04-15 16:35:21, INFO: Actions: 26
2025-04-15 16:35:21, INFO: Coordinates: -1.7450056970119476 -8.742110278457403
2025-04-15 16:35:21, INFO: Stops times: 0

2025-04-15 16:35:24, INFO: human number: 8
2025-04-15 16:35:24, INFO: running 249/3600 episode, simulation environment: circle_static
2025-04-15 16:35:25, INFO: 249/3600 episode: Success! Total Reward: 7.226, R_dan: 6.93, R_goal: 10.0, R_col: 0, R_km: -16.45, R_col_wall: 0, R_wall_min_dist: -10.27, R_way_point_dist: 5.31, R_wp: 11.7, timeout: 0
2025-04-15 16:35:25, INFO: Path length: 79.28853057955409
2025-04-15 16:35:25, INFO: Path left: 0
2025-04-15 16:35:25, INFO: Actions: 177
2025-04-15 16:35:25, INFO: Coordinates: -9.223089681181591 30.821998772444203
2025-04-15 16:35:25, INFO: Stops times: 2

2025-04-15 16:35:27, INFO: human number: 8
2025-04-15 16:35:27, INFO: running 250/3600 episode, simulation environment: no
2025-04-15 16:35:28, INFO: 250/3600 episode: Success! Total Reward: 20.56, R_dan: 4.9, R_goal: 10.0, R_col: 0, R_km: 3.25, R_col_wall: 0, R_wall_min_dist: -12.228, R_way_point_dist: 2.94, R_wp: 11.7, timeout: 0
2025-04-15 16:35:28, INFO: Path length: 72.2339464304474
2025-04-15 16:35:28, INFO: Path left: 0
2025-04-15 16:35:28, INFO: Actions: 98
2025-04-15 16:35:28, INFO: Coordinates: -8.48644938133657 30.50919485837221
2025-04-15 16:35:28, INFO: Stops times: 3

2025-04-15 16:35:30, INFO: human number: 8
2025-04-15 16:35:31, INFO: running 251/3600 episode, simulation environment: circle_crossing
2025-04-15 16:35:31, INFO: 251/3600 episode: Success! Total Reward: 37.908, R_dan: 7.37, R_goal: 10.0, R_col: 0, R_km: 5.25, R_col_wall: 0, R_wall_min_dist: -0.91, R_way_point_dist: 4.47, R_wp: 11.7, timeout: 0
2025-04-15 16:35:31, INFO: Path length: 78.98498891722178
2025-04-15 16:35:31, INFO: Path left: 0
2025-04-15 16:35:31, INFO: Actions: 149
2025-04-15 16:35:31, INFO: Coordinates: -8.76988706085831 31.00788026303053
2025-04-15 16:35:31, INFO: Stops times: 1

2025-04-15 16:35:34, INFO: human number: 8
2025-04-15 16:35:34, INFO: running 252/3600 episode, simulation environment: circle_static
2025-04-15 16:35:35, INFO: 252/3600 episode: Collision! Total Reward: -24.142, R_dan: 0.23, R_goal: 0, R_col: -25.0, R_km: 0.8, R_col_wall: 0, R_wall_min_dist: -1.814, R_way_point_dist: 0.81, R_wp: 0.825, timeout: 0
2025-04-15 16:35:35, INFO: Path length: 16.62926467500869
2025-04-15 16:35:35, INFO: Path left: 62.619698758640034
2025-04-15 16:35:35, INFO: Actions: 27
2025-04-15 16:35:35, INFO: Coordinates: -5.5117210149765015 -5.101700492203236
2025-04-15 16:35:35, INFO: Stops times: 0

2025-04-15 16:35:37, INFO: human number: 8
2025-04-15 16:35:37, INFO: running 253/3600 episode, simulation environment: no
2025-04-15 16:35:37, INFO: 253/3600 episode: Success! Total Reward: 20.56, R_dan: 4.9, R_goal: 10.0, R_col: 0, R_km: 3.25, R_col_wall: 0, R_wall_min_dist: -12.228, R_way_point_dist: 2.94, R_wp: 11.7, timeout: 0
2025-04-15 16:35:37, INFO: Path length: 72.2339464304474
2025-04-15 16:35:37, INFO: Path left: 0
2025-04-15 16:35:37, INFO: Actions: 98
2025-04-15 16:35:37, INFO: Coordinates: -8.48644938133657 30.50919485837221
2025-04-15 16:35:37, INFO: Stops times: 3

2025-04-15 16:35:40, INFO: human number: 8
2025-04-15 16:35:40, INFO: running 254/3600 episode, simulation environment: circle_crossing
2025-04-15 16:35:41, INFO: 254/3600 episode: Success! Total Reward: 32.29, R_dan: 6.9, R_goal: 10.0, R_col: 0, R_km: 3.6, R_col_wall: 0, R_wall_min_dist: -3.94, R_way_point_dist: 4.0, R_wp: 11.7, timeout: 0
2025-04-15 16:35:41, INFO: Path length: 78.16279361670912
2025-04-15 16:35:41, INFO: Path left: 0
2025-04-15 16:35:41, INFO: Actions: 138
2025-04-15 16:35:41, INFO: Coordinates: -8.673280640970916 30.80776494089514
2025-04-15 16:35:41, INFO: Stops times: 2

2025-04-15 16:35:44, INFO: human number: 8
2025-04-15 16:35:44, INFO: running 255/3600 episode, simulation environment: circle_static
2025-04-15 16:35:45, INFO: 255/3600 episode: Collision! Total Reward: -21.726, R_dan: 3.18, R_goal: 0, R_col: -25.0, R_km: -2.55, R_col_wall: 0, R_wall_min_dist: -1.513, R_way_point_dist: 2.1, R_wp: 2.04, timeout: 0
2025-04-15 16:35:45, INFO: Path length: 29.676432777918183
2025-04-15 16:35:45, INFO: Path left: 50.79533715984274
2025-04-15 16:35:45, INFO: Actions: 70
2025-04-15 16:35:45, INFO: Coordinates: -7.618772640824318 3.8126635141670704
2025-04-15 16:35:45, INFO: Stops times: 1

2025-04-15 16:35:47, INFO: human number: 8
2025-04-15 16:35:47, INFO: running 256/3600 episode, simulation environment: no
2025-04-15 16:35:47, INFO: 256/3600 episode: Success! Total Reward: 20.56, R_dan: 4.9, R_goal: 10.0, R_col: 0, R_km: 3.25, R_col_wall: 0, R_wall_min_dist: -12.228, R_way_point_dist: 2.94, R_wp: 11.7, timeout: 0
2025-04-15 16:35:47, INFO: Path length: 72.2339464304474
2025-04-15 16:35:47, INFO: Path left: 0
2025-04-15 16:35:47, INFO: Actions: 98
2025-04-15 16:35:47, INFO: Coordinates: -8.48644938133657 30.50919485837221
2025-04-15 16:35:47, INFO: Stops times: 3

2025-04-15 16:35:50, INFO: human number: 8
2025-04-15 16:35:50, INFO: running 257/3600 episode, simulation environment: circle_crossing
2025-04-15 16:35:51, INFO: 257/3600 episode: Success! Total Reward: 30.042, R_dan: 6.04, R_goal: 10.0, R_col: 0, R_km: 3.55, R_col_wall: 0, R_wall_min_dist: -5.717, R_way_point_dist: 4.44, R_wp: 11.7, timeout: 0
2025-04-15 16:35:51, INFO: Path length: 77.43923621447311
2025-04-15 16:35:51, INFO: Path left: 0
2025-04-15 16:35:51, INFO: Actions: 148
2025-04-15 16:35:51, INFO: Coordinates: -8.998442869633436 31.34599120169878
2025-04-15 16:35:51, INFO: Stops times: 1

2025-04-15 16:35:54, INFO: human number: 8
2025-04-15 16:35:54, INFO: running 258/3600 episode, simulation environment: circle_static
2025-04-15 16:35:54, INFO: 258/3600 episode: Collision! Total Reward: -22.1, R_dan: 0.6, R_goal: 0, R_col: -25.0, R_km: 0.85, R_col_wall: 0, R_wall_min_dist: 0.066, R_way_point_dist: 0.84, R_wp: 0.54, timeout: 0
2025-04-15 16:35:54, INFO: Path length: 13.380172807593224
2025-04-15 16:35:54, INFO: Path left: 66.65212244245724
2025-04-15 16:35:54, INFO: Actions: 28
2025-04-15 16:35:54, INFO: Coordinates: -3.5133571475744247 -8.353478986769915
2025-04-15 16:35:54, INFO: Stops times: 0

2025-04-15 16:35:57, INFO: human number: 8
2025-04-15 16:35:57, INFO: running 259/3600 episode, simulation environment: no
2025-04-15 16:35:57, INFO: 259/3600 episode: Success! Total Reward: 20.56, R_dan: 4.9, R_goal: 10.0, R_col: 0, R_km: 3.25, R_col_wall: 0, R_wall_min_dist: -12.228, R_way_point_dist: 2.94, R_wp: 11.7, timeout: 0
2025-04-15 16:35:57, INFO: Path length: 72.2339464304474
2025-04-15 16:35:57, INFO: Path left: 0
2025-04-15 16:35:57, INFO: Actions: 98
2025-04-15 16:35:57, INFO: Coordinates: -8.48644938133657 30.50919485837221
2025-04-15 16:35:57, INFO: Stops times: 3

2025-04-15 16:35:59, INFO: human number: 8
2025-04-15 16:36:00, INFO: running 260/3600 episode, simulation environment: circle_crossing
2025-04-15 16:36:01, INFO: 260/3600 episode: Success! Total Reward: 34.234, R_dan: 6.09, R_goal: 10.0, R_col: 0, R_km: 4.7, R_col_wall: 0, R_wall_min_dist: -2.596, R_way_point_dist: 4.33, R_wp: 11.7, timeout: 0
2025-04-15 16:36:01, INFO: Path length: 78.70558106471813
2025-04-15 16:36:01, INFO: Path left: 0
2025-04-15 16:36:01, INFO: Actions: 149
2025-04-15 16:36:01, INFO: Coordinates: -9.67378206551075 30.586932473815978
2025-04-15 16:36:01, INFO: Stops times: 1

2025-04-15 16:36:03, INFO: human number: 8
2025-04-15 16:36:04, INFO: running 261/3600 episode, simulation environment: circle_static
2025-04-15 16:36:04, INFO: 261/3600 episode: Collision! Total Reward: -22.043, R_dan: 1.07, R_goal: 0, R_col: -25.0, R_km: 0.6, R_col_wall: 0, R_wall_min_dist: 0.054, R_way_point_dist: 0.69, R_wp: 0.54, timeout: 0
2025-04-15 16:36:04, INFO: Path length: 12.409068947330633
2025-04-15 16:36:04, INFO: Path left: 67.70554292114677
2025-04-15 16:36:04, INFO: Actions: 23
2025-04-15 16:36:04, INFO: Coordinates: -2.6387113630771637 -8.942354921251535
2025-04-15 16:36:04, INFO: Stops times: 0

2025-04-15 16:36:06, INFO: human number: 8
2025-04-15 16:36:06, INFO: running 262/3600 episode, simulation environment: no
2025-04-15 16:36:07, INFO: 262/3600 episode: Success! Total Reward: 20.56, R_dan: 4.9, R_goal: 10.0, R_col: 0, R_km: 3.25, R_col_wall: 0, R_wall_min_dist: -12.228, R_way_point_dist: 2.94, R_wp: 11.7, timeout: 0
2025-04-15 16:36:07, INFO: Path length: 72.2339464304474
2025-04-15 16:36:07, INFO: Path left: 0
2025-04-15 16:36:07, INFO: Actions: 98
2025-04-15 16:36:07, INFO: Coordinates: -8.48644938133657 30.50919485837221
2025-04-15 16:36:07, INFO: Stops times: 3

2025-04-15 16:36:09, INFO: human number: 8
2025-04-15 16:36:10, INFO: running 263/3600 episode, simulation environment: circle_crossing
2025-04-15 16:36:10, INFO: 263/3600 episode: Collision! Total Reward: -17.03, R_dan: 3.82, R_goal: 0, R_col: -25.0, R_km: 0.6, R_col_wall: 0, R_wall_min_dist: -2.266, R_way_point_dist: 2.34, R_wp: 3.465, timeout: 0
2025-04-15 16:36:10, INFO: Path length: 39.14050797411502
2025-04-15 16:36:10, INFO: Path left: 39.6508548347978
2025-04-15 16:36:10, INFO: Actions: 78
2025-04-15 16:36:10, INFO: Coordinates: 0.10636239405721426 10.384125979617238
2025-04-15 16:36:10, INFO: Stops times: 0

2025-04-15 16:36:13, INFO: human number: 8
2025-04-15 16:36:13, INFO: running 264/3600 episode, simulation environment: circle_static
2025-04-15 16:36:14, INFO: 264/3600 episode: Collision! Total Reward: -26.273, R_dan: -0.08, R_goal: 0, R_col: -25.0, R_km: -1.15, R_col_wall: 0, R_wall_min_dist: -1.683, R_way_point_dist: 0.96, R_wp: 0.675, timeout: 0
2025-04-15 16:36:14, INFO: Path length: 14.752601631058099
2025-04-15 16:36:14, INFO: Path left: 64.42420282367921
2025-04-15 16:36:14, INFO: Actions: 32
2025-04-15 16:36:14, INFO: Coordinates: -4.5032897889614105 -6.010815686546266
2025-04-15 16:36:14, INFO: Stops times: 0

2025-04-15 16:36:16, INFO: human number: 8
2025-04-15 16:36:16, INFO: running 265/3600 episode, simulation environment: no
2025-04-15 16:36:16, INFO: 265/3600 episode: Success! Total Reward: 20.56, R_dan: 4.9, R_goal: 10.0, R_col: 0, R_km: 3.25, R_col_wall: 0, R_wall_min_dist: -12.228, R_way_point_dist: 2.94, R_wp: 11.7, timeout: 0
2025-04-15 16:36:16, INFO: Path length: 72.2339464304474
2025-04-15 16:36:16, INFO: Path left: 0
2025-04-15 16:36:16, INFO: Actions: 98
2025-04-15 16:36:16, INFO: Coordinates: -8.48644938133657 30.50919485837221
2025-04-15 16:36:16, INFO: Stops times: 3

2025-04-15 16:36:19, INFO: human number: 8
2025-04-15 16:36:19, INFO: running 266/3600 episode, simulation environment: circle_crossing
2025-04-15 16:36:20, INFO: 266/3600 episode: Success! Total Reward: 38.329, R_dan: 6.9, R_goal: 10.0, R_col: 0, R_km: 7.3, R_col_wall: 0, R_wall_min_dist: -1.991, R_way_point_dist: 4.38, R_wp: 11.7, timeout: 0
2025-04-15 16:36:20, INFO: Path length: 78.1429889811536
2025-04-15 16:36:20, INFO: Path left: 0
2025-04-15 16:36:20, INFO: Actions: 146
2025-04-15 16:36:20, INFO: Coordinates: -9.08744666352868 30.53435690701008
2025-04-15 16:36:20, INFO: Stops times: 0

2025-04-15 16:36:22, INFO: human number: 8
2025-04-15 16:36:23, INFO: running 267/3600 episode, simulation environment: circle_static
2025-04-15 16:36:23, INFO: 267/3600 episode: Collision! Total Reward: -24.215, R_dan: 0.14, R_goal: 0, R_col: -25.0, R_km: 0.3, R_col_wall: 0, R_wall_min_dist: 0.013, R_way_point_dist: 0.18, R_wp: 0.15, timeout: 0
2025-04-15 16:36:23, INFO: Path length: 6.642181142185233
2025-04-15 16:36:23, INFO: Path left: 74.45838275863137
2025-04-15 16:36:23, INFO: Actions: 6
2025-04-15 16:36:23, INFO: Coordinates: 3.8953824639320374 -9.368208900094032
2025-04-15 16:36:23, INFO: Stops times: 0

2025-04-15 16:36:25, INFO: human number: 8
2025-04-15 16:36:25, INFO: running 268/3600 episode, simulation environment: no
2025-04-15 16:36:26, INFO: 268/3600 episode: Success! Total Reward: 20.56, R_dan: 4.9, R_goal: 10.0, R_col: 0, R_km: 3.25, R_col_wall: 0, R_wall_min_dist: -12.228, R_way_point_dist: 2.94, R_wp: 11.7, timeout: 0
2025-04-15 16:36:26, INFO: Path length: 72.2339464304474
2025-04-15 16:36:26, INFO: Path left: 0
2025-04-15 16:36:26, INFO: Actions: 98
2025-04-15 16:36:26, INFO: Coordinates: -8.48644938133657 30.50919485837221
2025-04-15 16:36:26, INFO: Stops times: 3

2025-04-15 16:36:28, INFO: human number: 8
2025-04-15 16:36:29, INFO: running 269/3600 episode, simulation environment: circle_crossing
2025-04-15 16:36:30, INFO: 269/3600 episode: Success! Total Reward: 38.768, R_dan: 7.02, R_goal: 10.0, R_col: 0, R_km: 6.95, R_col_wall: 0, R_wall_min_dist: -1.428, R_way_point_dist: 4.5, R_wp: 11.7, timeout: 0
2025-04-15 16:36:30, INFO: Path length: 77.70772880608465
2025-04-15 16:36:30, INFO: Path left: 0
2025-04-15 16:36:30, INFO: Actions: 150
2025-04-15 16:36:30, INFO: Coordinates: -9.068223686888814 31.044172500260174
2025-04-15 16:36:30, INFO: Stops times: 0

2025-04-15 16:36:32, INFO: human number: 8
2025-04-15 16:36:33, INFO: running 270/3600 episode, simulation environment: circle_static
2025-04-15 16:36:33, INFO: 270/3600 episode: Collision! Total Reward: -22.988, R_dan: 1.81, R_goal: 0, R_col: -25.0, R_km: 1.5, R_col_wall: 0, R_wall_min_dist: -3.896, R_way_point_dist: 1.23, R_wp: 1.365, timeout: 0
2025-04-15 16:36:33, INFO: Path length: 22.03229094699665
2025-04-15 16:36:33, INFO: Path left: 56.5056999301111
2025-04-15 16:36:33, INFO: Actions: 41
2025-04-15 16:36:33, INFO: Coordinates: -8.418953448534012 -0.7292358428239822
2025-04-15 16:36:33, INFO: Stops times: 0

2025-04-15 16:36:35, INFO: human number: 8
2025-04-15 16:36:35, INFO: running 271/3600 episode, simulation environment: no
2025-04-15 16:36:36, INFO: 271/3600 episode: Success! Total Reward: 20.56, R_dan: 4.9, R_goal: 10.0, R_col: 0, R_km: 3.25, R_col_wall: 0, R_wall_min_dist: -12.228, R_way_point_dist: 2.94, R_wp: 11.7, timeout: 0
2025-04-15 16:36:36, INFO: Path length: 72.2339464304474
2025-04-15 16:36:36, INFO: Path left: 0
2025-04-15 16:36:36, INFO: Actions: 98
2025-04-15 16:36:36, INFO: Coordinates: -8.48644938133657 30.50919485837221
2025-04-15 16:36:36, INFO: Stops times: 3

2025-04-15 16:36:38, INFO: human number: 8
2025-04-15 16:36:39, INFO: running 272/3600 episode, simulation environment: circle_crossing
2025-04-15 16:36:39, INFO: 272/3600 episode: Collision! Total Reward: -13.989, R_dan: 2.99, R_goal: 0, R_col: -25.0, R_km: 2.0, R_col_wall: 0, R_wall_min_dist: -0.982, R_way_point_dist: 2.85, R_wp: 4.14, timeout: 0
2025-04-15 16:36:39, INFO: Path length: 44.792275444984014
2025-04-15 16:36:39, INFO: Path left: 34.54140584703849
2025-04-15 16:36:39, INFO: Actions: 95
2025-04-15 16:36:39, INFO: Coordinates: 4.263737158849835 13.236432614736259
2025-04-15 16:36:39, INFO: Stops times: 1

2025-04-15 16:36:42, INFO: human number: 8
2025-04-15 16:36:42, INFO: running 273/3600 episode, simulation environment: circle_static
2025-04-15 16:36:43, INFO: 273/3600 episode: Success! Total Reward: 14.472, R_dan: 4.47, R_goal: 10.0, R_col: 0, R_km: -7.55, R_col_wall: 0, R_wall_min_dist: -9.514, R_way_point_dist: 5.37, R_wp: 11.7, timeout: 0
2025-04-15 16:36:43, INFO: Path length: 76.56232088935703
2025-04-15 16:36:43, INFO: Path left: 0
2025-04-15 16:36:43, INFO: Actions: 179
2025-04-15 16:36:43, INFO: Coordinates: -8.492731008678675 31.5486270133988
2025-04-15 16:36:43, INFO: Stops times: 1

2025-04-15 16:36:45, INFO: human number: 8
2025-04-15 16:36:45, INFO: running 274/3600 episode, simulation environment: no
2025-04-15 16:36:46, INFO: 274/3600 episode: Success! Total Reward: 20.56, R_dan: 4.9, R_goal: 10.0, R_col: 0, R_km: 3.25, R_col_wall: 0, R_wall_min_dist: -12.228, R_way_point_dist: 2.94, R_wp: 11.7, timeout: 0
2025-04-15 16:36:46, INFO: Path length: 72.2339464304474
2025-04-15 16:36:46, INFO: Path left: 0
2025-04-15 16:36:46, INFO: Actions: 98
2025-04-15 16:36:46, INFO: Coordinates: -8.48644938133657 30.50919485837221
2025-04-15 16:36:46, INFO: Stops times: 3

2025-04-15 16:36:48, INFO: human number: 8
2025-04-15 16:36:49, INFO: running 275/3600 episode, simulation environment: circle_crossing
2025-04-15 16:36:50, INFO: 275/3600 episode: Success! Total Reward: 32.004, R_dan: 5.42, R_goal: 10.0, R_col: 0, R_km: 3.8, R_col_wall: 0, R_wall_min_dist: -3.186, R_way_point_dist: 4.26, R_wp: 11.7, timeout: 0
2025-04-15 16:36:50, INFO: Path length: 76.6150463779088
2025-04-15 16:36:50, INFO: Path left: 0
2025-04-15 16:36:50, INFO: Actions: 142
2025-04-15 16:36:50, INFO: Coordinates: -8.519562432542443 31.11795684695244
2025-04-15 16:36:50, INFO: Stops times: 2

2025-04-15 16:36:52, INFO: human number: 8
2025-04-15 16:36:52, INFO: running 276/3600 episode, simulation environment: circle_static
2025-04-15 16:36:53, INFO: 276/3600 episode: Success! Total Reward: 34.94, R_dan: 6.57, R_goal: 10.0, R_col: 0, R_km: 5.4, R_col_wall: 0, R_wall_min_dist: -2.968, R_way_point_dist: 4.23, R_wp: 11.7, timeout: 0
2025-04-15 16:36:53, INFO: Path length: 77.10245925517376
2025-04-15 16:36:53, INFO: Path left: 0
2025-04-15 16:36:53, INFO: Actions: 141
2025-04-15 16:36:53, INFO: Coordinates: -8.73479096032679 30.788286143913865
2025-04-15 16:36:53, INFO: Stops times: 1

2025-04-15 16:36:56, INFO: human number: 8
2025-04-15 16:36:56, INFO: running 277/3600 episode, simulation environment: no
2025-04-15 16:36:56, INFO: 277/3600 episode: Success! Total Reward: 20.56, R_dan: 4.9, R_goal: 10.0, R_col: 0, R_km: 3.25, R_col_wall: 0, R_wall_min_dist: -12.228, R_way_point_dist: 2.94, R_wp: 11.7, timeout: 0
2025-04-15 16:36:56, INFO: Path length: 72.2339464304474
2025-04-15 16:36:56, INFO: Path left: 0
2025-04-15 16:36:56, INFO: Actions: 98
2025-04-15 16:36:56, INFO: Coordinates: -8.48644938133657 30.50919485837221
2025-04-15 16:36:56, INFO: Stops times: 3

2025-04-15 16:36:58, INFO: human number: 8
2025-04-15 16:36:59, INFO: running 278/3600 episode, simulation environment: circle_crossing
2025-04-15 16:36:59, INFO: 278/3600 episode: Collision! Total Reward: -24.073, R_dan: 0.51, R_goal: 0, R_col: -25.0, R_km: 1.4, R_col_wall: 0, R_wall_min_dist: -3.151, R_way_point_dist: 1.17, R_wp: 0.99, timeout: 0
2025-04-15 16:36:59, INFO: Path length: 18.349256326583404
2025-04-15 16:36:59, INFO: Path left: 60.36057166523444
2025-04-15 16:36:59, INFO: Actions: 39
2025-04-15 16:36:59, INFO: Coordinates: -7.068426206707954 -3.947758063673973
2025-04-15 16:36:59, INFO: Stops times: 0

2025-04-15 16:37:02, INFO: human number: 8
2025-04-15 16:37:02, INFO: running 279/3600 episode, simulation environment: circle_static
2025-04-15 16:37:03, INFO: 279/3600 episode: Success! Total Reward: 28.75, R_dan: 5.86, R_goal: 10.0, R_col: 0, R_km: 4.15, R_col_wall: 0, R_wall_min_dist: -6.882, R_way_point_dist: 3.93, R_wp: 11.7, timeout: 0
2025-04-15 16:37:03, INFO: Path length: 78.22563402696842
2025-04-15 16:37:03, INFO: Path left: 0
2025-04-15 16:37:03, INFO: Actions: 138
2025-04-15 16:37:03, INFO: Coordinates: -10.732039309223182 30.69529385305941
2025-04-15 16:37:03, INFO: Stops times: 1

2025-04-15 16:37:05, INFO: human number: 8
2025-04-15 16:37:05, INFO: running 280/3600 episode, simulation environment: no
2025-04-15 16:37:06, INFO: 280/3600 episode: Success! Total Reward: 20.56, R_dan: 4.9, R_goal: 10.0, R_col: 0, R_km: 3.25, R_col_wall: 0, R_wall_min_dist: -12.228, R_way_point_dist: 2.94, R_wp: 11.7, timeout: 0
2025-04-15 16:37:06, INFO: Path length: 72.2339464304474
2025-04-15 16:37:06, INFO: Path left: 0
2025-04-15 16:37:06, INFO: Actions: 98
2025-04-15 16:37:06, INFO: Coordinates: -8.48644938133657 30.50919485837221
2025-04-15 16:37:06, INFO: Stops times: 3

2025-04-15 16:37:08, INFO: human number: 8
2025-04-15 16:37:09, INFO: running 281/3600 episode, simulation environment: circle_crossing
2025-04-15 16:37:09, INFO: 281/3600 episode: Collision! Total Reward: -14.646, R_dan: 3.36, R_goal: 0, R_col: -25.0, R_km: 2.75, R_col_wall: 0, R_wall_min_dist: -3.286, R_way_point_dist: 2.64, R_wp: 4.875, timeout: 0
2025-04-15 16:37:09, INFO: Path length: 45.95274559596039
2025-04-15 16:37:09, INFO: Path left: 31.57357249573749
2025-04-15 16:37:09, INFO: Actions: 88
2025-04-15 16:37:09, INFO: Coordinates: 5.740035711787641 15.302872261032462
2025-04-15 16:37:09, INFO: Stops times: 0

2025-04-15 16:37:12, INFO: human number: 8
2025-04-15 16:37:12, INFO: running 282/3600 episode, simulation environment: circle_static
2025-04-15 16:37:13, INFO: 282/3600 episode: Success! Total Reward: 34.91, R_dan: 6.55, R_goal: 10.0, R_col: 0, R_km: 6.0, R_col_wall: 0, R_wall_min_dist: -3.28, R_way_point_dist: 3.93, R_wp: 11.7, timeout: 0
2025-04-15 16:37:13, INFO: Path length: 76.76468686125169
2025-04-15 16:37:13, INFO: Path left: 0
2025-04-15 16:37:13, INFO: Actions: 131
2025-04-15 16:37:13, INFO: Coordinates: -8.472479690099135 31.191112748812884
2025-04-15 16:37:13, INFO: Stops times: 0

2025-04-15 16:37:15, INFO: human number: 8
2025-04-15 16:37:15, INFO: running 283/3600 episode, simulation environment: no
2025-04-15 16:37:16, INFO: 283/3600 episode: Success! Total Reward: 20.56, R_dan: 4.9, R_goal: 10.0, R_col: 0, R_km: 3.25, R_col_wall: 0, R_wall_min_dist: -12.228, R_way_point_dist: 2.94, R_wp: 11.7, timeout: 0
2025-04-15 16:37:16, INFO: Path length: 72.2339464304474
2025-04-15 16:37:16, INFO: Path left: 0
2025-04-15 16:37:16, INFO: Actions: 98
2025-04-15 16:37:16, INFO: Coordinates: -8.48644938133657 30.50919485837221
2025-04-15 16:37:16, INFO: Stops times: 3

2025-04-15 16:37:18, INFO: human number: 8
2025-04-15 16:37:19, INFO: running 284/3600 episode, simulation environment: circle_crossing
2025-04-15 16:37:20, INFO: 284/3600 episode: Success! Total Reward: 21.386, R_dan: 6.74, R_goal: 10.0, R_col: 0, R_km: -3.3, R_col_wall: 0, R_wall_min_dist: -7.826, R_way_point_dist: 4.06, R_wp: 11.7, timeout: 0
2025-04-15 16:37:20, INFO: Path length: 78.83872186864743
2025-04-15 16:37:20, INFO: Path left: 0
2025-04-15 16:37:20, INFO: Actions: 154
2025-04-15 16:37:20, INFO: Coordinates: -9.521339994622394 30.835962508805096
2025-04-15 16:37:20, INFO: Stops times: 1

2025-04-15 16:37:22, INFO: human number: 8
2025-04-15 16:37:22, INFO: running 285/3600 episode, simulation environment: circle_static
2025-04-15 16:37:23, INFO: 285/3600 episode: Collision! Total Reward: -18.566, R_dan: 1.82, R_goal: 0, R_col: -25.0, R_km: 1.75, R_col_wall: 0, R_wall_min_dist: 0.114, R_way_point_dist: 1.38, R_wp: 1.365, timeout: 0
2025-04-15 16:37:23, INFO: Path length: 23.089031847818365
2025-04-15 16:37:23, INFO: Path left: 56.77258491744795
2025-04-15 16:37:23, INFO: Actions: 46
2025-04-15 16:37:23, INFO: Coordinates: -9.532416865229607 -1.149523053318262
2025-04-15 16:37:23, INFO: Stops times: 0

2025-04-15 16:37:25, INFO: human number: 8
2025-04-15 16:37:25, INFO: running 286/3600 episode, simulation environment: no
2025-04-15 16:37:26, INFO: 286/3600 episode: Success! Total Reward: 20.56, R_dan: 4.9, R_goal: 10.0, R_col: 0, R_km: 3.25, R_col_wall: 0, R_wall_min_dist: -12.228, R_way_point_dist: 2.94, R_wp: 11.7, timeout: 0
2025-04-15 16:37:26, INFO: Path length: 72.2339464304474
2025-04-15 16:37:26, INFO: Path left: 0
2025-04-15 16:37:26, INFO: Actions: 98
2025-04-15 16:37:26, INFO: Coordinates: -8.48644938133657 30.50919485837221
2025-04-15 16:37:26, INFO: Stops times: 3

2025-04-15 16:37:28, INFO: human number: 8
2025-04-15 16:37:29, INFO: running 287/3600 episode, simulation environment: circle_crossing
2025-04-15 16:37:29, INFO: 287/3600 episode: Collision! Total Reward: -12.347, R_dan: 3.49, R_goal: 0, R_col: -25.0, R_km: 2.25, R_col_wall: 0, R_wall_min_dist: 0.088, R_way_point_dist: 2.67, R_wp: 4.14, timeout: 0
2025-04-15 16:37:29, INFO: Path length: 44.541886225356976
2025-04-15 16:37:29, INFO: Path left: 35.656164994753446
2025-04-15 16:37:29, INFO: Actions: 89
2025-04-15 16:37:29, INFO: Coordinates: 3.3216923547443002 12.61752636777237
2025-04-15 16:37:29, INFO: Stops times: 1

2025-04-15 16:37:32, INFO: human number: 8
2025-04-15 16:37:32, INFO: running 288/3600 episode, simulation environment: circle_static
2025-04-15 16:37:32, INFO: 288/3600 episode: Collision! Total Reward: -20.045, R_dan: 2.33, R_goal: 0, R_col: -25.0, R_km: 2.1, R_col_wall: 0, R_wall_min_dist: -2.652, R_way_point_dist: 1.59, R_wp: 1.575, timeout: 0
2025-04-15 16:37:32, INFO: Path length: 24.994982246777944
2025-04-15 16:37:32, INFO: Path left: 53.89406164263607
2025-04-15 16:37:32, INFO: Actions: 53
2025-04-15 16:37:32, INFO: Coordinates: -9.448144272901118 1.6466367579996586
2025-04-15 16:37:32, INFO: Stops times: 0

2025-04-15 16:37:35, INFO: human number: 8
2025-04-15 16:37:35, INFO: running 289/3600 episode, simulation environment: no
2025-04-15 16:37:35, INFO: 289/3600 episode: Success! Total Reward: 20.56, R_dan: 4.9, R_goal: 10.0, R_col: 0, R_km: 3.25, R_col_wall: 0, R_wall_min_dist: -12.228, R_way_point_dist: 2.94, R_wp: 11.7, timeout: 0
2025-04-15 16:37:35, INFO: Path length: 72.2339464304474
2025-04-15 16:37:35, INFO: Path left: 0
2025-04-15 16:37:35, INFO: Actions: 98
2025-04-15 16:37:35, INFO: Coordinates: -8.48644938133657 30.50919485837221
2025-04-15 16:37:35, INFO: Stops times: 3

2025-04-15 16:37:38, INFO: human number: 8
2025-04-15 16:37:38, INFO: running 290/3600 episode, simulation environment: circle_crossing
2025-04-15 16:37:39, INFO: 290/3600 episode: Success! Total Reward: 31.74, R_dan: 4.51, R_goal: 10.0, R_col: 0, R_km: 5.35, R_col_wall: 0, R_wall_min_dist: -4.142, R_way_point_dist: 4.32, R_wp: 11.7, timeout: 0
2025-04-15 16:37:39, INFO: Path length: 80.39999917455866
2025-04-15 16:37:39, INFO: Path left: 0
2025-04-15 16:37:39, INFO: Actions: 151
2025-04-15 16:37:39, INFO: Coordinates: -10.765571489930153 30.696611857507378
2025-04-15 16:37:39, INFO: Stops times: 0

2025-04-15 16:37:41, INFO: human number: 8
2025-04-15 16:37:42, INFO: running 291/3600 episode, simulation environment: circle_static
2025-04-15 16:37:43, INFO: 291/3600 episode: Success! Total Reward: 32.954, R_dan: 7.15, R_goal: 10.0, R_col: 0, R_km: 4.95, R_col_wall: 0, R_wall_min_dist: -5.145, R_way_point_dist: 4.29, R_wp: 11.7, timeout: 0
2025-04-15 16:37:43, INFO: Path length: 76.09222316227225
2025-04-15 16:37:43, INFO: Path left: 0
2025-04-15 16:37:43, INFO: Actions: 143
2025-04-15 16:37:43, INFO: Coordinates: -9.612888794392347 30.650076549500227
2025-04-15 16:37:43, INFO: Stops times: 2

2025-04-15 16:37:45, INFO: human number: 8
2025-04-15 16:37:45, INFO: running 292/3600 episode, simulation environment: no
2025-04-15 16:37:45, INFO: 292/3600 episode: Success! Total Reward: 20.56, R_dan: 4.9, R_goal: 10.0, R_col: 0, R_km: 3.25, R_col_wall: 0, R_wall_min_dist: -12.228, R_way_point_dist: 2.94, R_wp: 11.7, timeout: 0
2025-04-15 16:37:45, INFO: Path length: 72.2339464304474
2025-04-15 16:37:45, INFO: Path left: 0
2025-04-15 16:37:45, INFO: Actions: 98
2025-04-15 16:37:45, INFO: Coordinates: -8.48644938133657 30.50919485837221
2025-04-15 16:37:45, INFO: Stops times: 3

2025-04-15 16:37:48, INFO: human number: 8
2025-04-15 16:37:48, INFO: running 293/3600 episode, simulation environment: circle_crossing
2025-04-15 16:37:49, INFO: 293/3600 episode: Collision! Total Reward: -22.126, R_dan: 0.59, R_goal: 0, R_col: -25.0, R_km: 1.15, R_col_wall: 0, R_wall_min_dist: -0.1, R_way_point_dist: 0.69, R_wp: 0.54, timeout: 0
2025-04-15 16:37:49, INFO: Path length: 13.441753471470589
2025-04-15 16:37:49, INFO: Path left: 66.48204808169997
2025-04-15 16:37:49, INFO: Actions: 23
2025-04-15 16:37:49, INFO: Coordinates: -3.615171864628792 -8.191651607863605
2025-04-15 16:37:49, INFO: Stops times: 0

2025-04-15 16:37:51, INFO: human number: 8
2025-04-15 16:37:52, INFO: running 294/3600 episode, simulation environment: circle_static
2025-04-15 16:37:52, INFO: 294/3600 episode: Collision! Total Reward: -24.194, R_dan: 0.22, R_goal: 0, R_col: -25.0, R_km: 0.3, R_col_wall: 0, R_wall_min_dist: 0.013, R_way_point_dist: 0.18, R_wp: 0.09, timeout: 0
2025-04-15 16:37:52, INFO: Path length: 5.296231667748759
2025-04-15 16:37:52, INFO: Path left: 75.8895797374616
2025-04-15 16:37:52, INFO: Actions: 6
2025-04-15 16:37:52, INFO: Coordinates: 5.292484641075134 -10.024988479912281
2025-04-15 16:37:52, INFO: Stops times: 0

2025-04-15 16:37:54, INFO: human number: 8
2025-04-15 16:37:54, INFO: running 295/3600 episode, simulation environment: no
2025-04-15 16:37:54, INFO: 295/3600 episode: Success! Total Reward: 20.56, R_dan: 4.9, R_goal: 10.0, R_col: 0, R_km: 3.25, R_col_wall: 0, R_wall_min_dist: -12.228, R_way_point_dist: 2.94, R_wp: 11.7, timeout: 0
2025-04-15 16:37:54, INFO: Path length: 72.2339464304474
2025-04-15 16:37:54, INFO: Path left: 0
2025-04-15 16:37:54, INFO: Actions: 98
2025-04-15 16:37:54, INFO: Coordinates: -8.48644938133657 30.50919485837221
2025-04-15 16:37:54, INFO: Stops times: 3

2025-04-15 16:37:57, INFO: human number: 8
2025-04-15 16:37:57, INFO: running 296/3600 episode, simulation environment: circle_crossing
2025-04-15 16:37:58, INFO: 296/3600 episode: Collision! Total Reward: -24.135, R_dan: 0.14, R_goal: 0, R_col: -25.0, R_km: 0.15, R_col_wall: 0, R_wall_min_dist: -0.163, R_way_point_dist: 0.42, R_wp: 0.315, timeout: 0
2025-04-15 16:37:58, INFO: Path length: 9.782835537177576
2025-04-15 16:37:58, INFO: Path left: 70.58818684825359
2025-04-15 16:37:58, INFO: Actions: 14
2025-04-15 16:37:58, INFO: Coordinates: 0.13232192397117615 -8.534919071942568
2025-04-15 16:37:58, INFO: Stops times: 0

2025-04-15 16:38:00, INFO: human number: 8
2025-04-15 16:38:01, INFO: running 297/3600 episode, simulation environment: circle_static
2025-04-15 16:38:01, INFO: 297/3600 episode: Collision! Total Reward: -23.756, R_dan: 0.57, R_goal: 0, R_col: -25.0, R_km: 0.1, R_col_wall: 0, R_wall_min_dist: 0.028, R_way_point_dist: 0.39, R_wp: 0.15, timeout: 0
2025-04-15 16:38:01, INFO: Path length: 6.740736824765429
2025-04-15 16:38:01, INFO: Path left: 74.53133132007673
2025-04-15 16:38:01, INFO: Actions: 13
2025-04-15 16:38:01, INFO: Coordinates: 3.945829391479492 -9.042557820677757
2025-04-15 16:38:01, INFO: Stops times: 0

2025-04-15 16:38:03, INFO: human number: 8
2025-04-15 16:38:03, INFO: running 298/3600 episode, simulation environment: no
2025-04-15 16:38:03, INFO: 298/3600 episode: Success! Total Reward: 20.56, R_dan: 4.9, R_goal: 10.0, R_col: 0, R_km: 3.25, R_col_wall: 0, R_wall_min_dist: -12.228, R_way_point_dist: 2.94, R_wp: 11.7, timeout: 0
2025-04-15 16:38:03, INFO: Path length: 72.2339464304474
2025-04-15 16:38:03, INFO: Path left: 0
2025-04-15 16:38:03, INFO: Actions: 98
2025-04-15 16:38:03, INFO: Coordinates: -8.48644938133657 30.50919485837221
2025-04-15 16:38:03, INFO: Stops times: 3

2025-04-15 16:38:06, INFO: human number: 8
2025-04-15 16:38:06, INFO: running 299/3600 episode, simulation environment: circle_crossing
2025-04-15 16:38:07, INFO: 299/3600 episode: Success! Total Reward: 34.238, R_dan: 6.67, R_goal: 10.0, R_col: 0, R_km: 5.1, R_col_wall: 0, R_wall_min_dist: -3.304, R_way_point_dist: 4.05, R_wp: 11.7, timeout: 0
2025-04-15 16:38:07, INFO: Path length: 76.46928715521757
2025-04-15 16:38:07, INFO: Path left: 0
2025-04-15 16:38:07, INFO: Actions: 135
2025-04-15 16:38:07, INFO: Coordinates: -8.157404430676252 30.77779931947589
2025-04-15 16:38:07, INFO: Stops times: 1

2025-04-15 16:38:10, INFO: human number: 8
2025-04-15 16:38:10, INFO: running 300/3600 episode, simulation environment: circle_static
2025-04-15 16:38:11, INFO: 300/3600 episode: Success! Total Reward: 27.9, R_dan: 8.6, R_goal: 10.0, R_col: 0, R_km: -1.85, R_col_wall: 0, R_wall_min_dist: -5.722, R_way_point_dist: 5.16, R_wp: 11.7, timeout: 0
2025-04-15 16:38:11, INFO: Path length: 77.22084624459453
2025-04-15 16:38:11, INFO: Path left: 0
2025-04-15 16:38:11, INFO: Actions: 172
2025-04-15 16:38:11, INFO: Coordinates: -9.503771451301873 30.87722708005458
2025-04-15 16:38:11, INFO: Stops times: 1

2025-04-15 16:38:13, INFO: human number: 8
2025-04-15 16:38:13, INFO: running 301/3600 episode, simulation environment: no
2025-04-15 16:38:14, INFO: 301/3600 episode: Success! Total Reward: 20.56, R_dan: 4.9, R_goal: 10.0, R_col: 0, R_km: 3.25, R_col_wall: 0, R_wall_min_dist: -12.228, R_way_point_dist: 2.94, R_wp: 11.7, timeout: 0
2025-04-15 16:38:14, INFO: Path length: 72.2339464304474
2025-04-15 16:38:14, INFO: Path left: 0
2025-04-15 16:38:14, INFO: Actions: 98
2025-04-15 16:38:14, INFO: Coordinates: -8.48644938133657 30.50919485837221
2025-04-15 16:38:14, INFO: Stops times: 3

2025-04-15 16:38:16, INFO: human number: 8
2025-04-15 16:38:17, INFO: running 302/3600 episode, simulation environment: circle_crossing
2025-04-15 16:38:18, INFO: 302/3600 episode: Success! Total Reward: 33.264, R_dan: 6.67, R_goal: 10.0, R_col: 0, R_km: 6.05, R_col_wall: 0, R_wall_min_dist: -5.475, R_way_point_dist: 4.29, R_wp: 11.7, timeout: 0
2025-04-15 16:38:18, INFO: Path length: 77.56435250171651
2025-04-15 16:38:18, INFO: Path left: 0
2025-04-15 16:38:18, INFO: Actions: 143
2025-04-15 16:38:18, INFO: Coordinates: -8.923286924138665 30.54809370264411
2025-04-15 16:38:18, INFO: Stops times: 1

2025-04-15 16:38:20, INFO: human number: 8
2025-04-15 16:38:20, INFO: running 303/3600 episode, simulation environment: circle_static
2025-04-15 16:38:21, INFO: 303/3600 episode: Collision! Total Reward: -24.543, R_dan: 0.82, R_goal: 0, R_col: -25.0, R_km: -1.3, R_col_wall: 0, R_wall_min_dist: -0.03, R_way_point_dist: 0.54, R_wp: 0.42, timeout: 0
2025-04-15 16:38:21, INFO: Path length: 12.471735972009242
2025-04-15 16:38:21, INFO: Path left: 68.37558434119242
2025-04-15 16:38:21, INFO: Actions: 18
2025-04-15 16:38:21, INFO: Coordinates: -1.8703491538763046 -8.493931207805872
2025-04-15 16:38:21, INFO: Stops times: 0

2025-04-15 16:38:23, INFO: human number: 8
2025-04-15 16:38:23, INFO: running 304/3600 episode, simulation environment: no
2025-04-15 16:38:23, INFO: 304/3600 episode: Success! Total Reward: 20.56, R_dan: 4.9, R_goal: 10.0, R_col: 0, R_km: 3.25, R_col_wall: 0, R_wall_min_dist: -12.228, R_way_point_dist: 2.94, R_wp: 11.7, timeout: 0
2025-04-15 16:38:23, INFO: Path length: 72.2339464304474
2025-04-15 16:38:23, INFO: Path left: 0
2025-04-15 16:38:23, INFO: Actions: 98
2025-04-15 16:38:23, INFO: Coordinates: -8.48644938133657 30.50919485837221
2025-04-15 16:38:23, INFO: Stops times: 3

2025-04-15 16:38:26, INFO: human number: 8
2025-04-15 16:38:26, INFO: running 305/3600 episode, simulation environment: circle_crossing
2025-04-15 16:38:27, INFO: 305/3600 episode: Collision! Total Reward: -24.073, R_dan: 0.08, R_goal: 0, R_col: -25.0, R_km: 0.4, R_col_wall: 0, R_wall_min_dist: -0.022, R_way_point_dist: 0.24, R_wp: 0.225, timeout: 0
2025-04-15 16:38:27, INFO: Path length: 8.143640881601245
2025-04-15 16:38:27, INFO: Path left: 73.0288261264015
2025-04-15 16:38:27, INFO: Actions: 8
2025-04-15 16:38:27, INFO: Coordinates: 2.455685243010521 -8.838784486055374
2025-04-15 16:38:27, INFO: Stops times: 0

2025-04-15 16:38:29, INFO: human number: 8
2025-04-15 16:38:29, INFO: running 306/3600 episode, simulation environment: circle_static
2025-04-15 16:38:30, INFO: 306/3600 episode: Collision! Total Reward: -24.362, R_dan: 0.52, R_goal: 0, R_col: -25.0, R_km: -0.5, R_col_wall: 0, R_wall_min_dist: 0.026, R_way_point_dist: 0.36, R_wp: 0.225, timeout: 0
2025-04-15 16:38:30, INFO: Path length: 7.10918338814701
2025-04-15 16:38:30, INFO: Path left: 72.84644363099962
2025-04-15 16:38:30, INFO: Actions: 12
2025-04-15 16:38:30, INFO: Coordinates: 2.29576875269413 -9.215032806620002
2025-04-15 16:38:30, INFO: Stops times: 1

2025-04-15 16:38:32, INFO: human number: 8
2025-04-15 16:38:32, INFO: running 307/3600 episode, simulation environment: no
2025-04-15 16:38:32, INFO: 307/3600 episode: Success! Total Reward: 20.56, R_dan: 4.9, R_goal: 10.0, R_col: 0, R_km: 3.25, R_col_wall: 0, R_wall_min_dist: -12.228, R_way_point_dist: 2.94, R_wp: 11.7, timeout: 0
2025-04-15 16:38:32, INFO: Path length: 72.2339464304474
2025-04-15 16:38:32, INFO: Path left: 0
2025-04-15 16:38:32, INFO: Actions: 98
2025-04-15 16:38:32, INFO: Coordinates: -8.48644938133657 30.50919485837221
2025-04-15 16:38:32, INFO: Stops times: 3

2025-04-15 16:38:35, INFO: human number: 8
2025-04-15 16:38:35, INFO: running 308/3600 episode, simulation environment: circle_crossing
2025-04-15 16:38:36, INFO: 308/3600 episode: Collision! Total Reward: -24.081, R_dan: 0.19, R_goal: 0, R_col: -25.0, R_km: 0.35, R_col_wall: 0, R_wall_min_dist: 0.015, R_way_point_dist: 0.21, R_wp: 0.15, timeout: 0
2025-04-15 16:38:36, INFO: Path length: 7.459042913421906
2025-04-15 16:38:36, INFO: Path left: 73.66600155609432
2025-04-15 16:38:36, INFO: Actions: 7
2025-04-15 16:38:36, INFO: Coordinates: 3.084847927093506 -9.129444554448128
2025-04-15 16:38:36, INFO: Stops times: 0

2025-04-15 16:38:38, INFO: human number: 8
2025-04-15 16:38:38, INFO: running 309/3600 episode, simulation environment: circle_static
2025-04-15 16:38:39, INFO: 309/3600 episode: Success! Total Reward: 23.236, R_dan: 6.97, R_goal: 10.0, R_col: 0, R_km: -1.65, R_col_wall: 0, R_wall_min_dist: -8.484, R_way_point_dist: 4.67, R_wp: 11.7, timeout: 0
2025-04-15 16:38:39, INFO: Path length: 80.02124624123736
2025-04-15 16:38:39, INFO: Path left: 0
2025-04-15 16:38:39, INFO: Actions: 165
2025-04-15 16:38:39, INFO: Coordinates: -9.493397990241647 31.486123222857714
2025-04-15 16:38:39, INFO: Stops times: 3

2025-04-15 16:38:42, INFO: human number: 8
2025-04-15 16:38:42, INFO: running 310/3600 episode, simulation environment: no
2025-04-15 16:38:42, INFO: 310/3600 episode: Success! Total Reward: 20.56, R_dan: 4.9, R_goal: 10.0, R_col: 0, R_km: 3.25, R_col_wall: 0, R_wall_min_dist: -12.228, R_way_point_dist: 2.94, R_wp: 11.7, timeout: 0
2025-04-15 16:38:42, INFO: Path length: 72.2339464304474
2025-04-15 16:38:42, INFO: Path left: 0
2025-04-15 16:38:42, INFO: Actions: 98
2025-04-15 16:38:42, INFO: Coordinates: -8.48644938133657 30.50919485837221
2025-04-15 16:38:42, INFO: Stops times: 3

2025-04-15 16:38:44, INFO: human number: 8
2025-04-15 16:38:45, INFO: running 311/3600 episode, simulation environment: circle_crossing
2025-04-15 16:38:45, INFO: 311/3600 episode: Collision! Total Reward: -24.233, R_dan: 0.57, R_goal: 0, R_col: -25.0, R_km: -0.45, R_col_wall: 0, R_wall_min_dist: 0.028, R_way_point_dist: 0.39, R_wp: 0.225, timeout: 0
2025-04-15 16:38:45, INFO: Path length: 7.28081206897264
2025-04-15 16:38:45, INFO: Path left: 73.28721687808672
2025-04-15 16:38:45, INFO: Actions: 13
2025-04-15 16:38:45, INFO: Coordinates: 2.734684504568577 -9.139041867107153
2025-04-15 16:38:45, INFO: Stops times: 0

2025-04-15 16:38:48, INFO: human number: 8
2025-04-15 16:38:48, INFO: running 312/3600 episode, simulation environment: circle_static
2025-04-15 16:38:48, INFO: 312/3600 episode: Collision! Total Reward: -23.037, R_dan: 0.62, R_goal: 0, R_col: -25.0, R_km: 0.7, R_col_wall: 0, R_wall_min_dist: -0.01, R_way_point_dist: 0.42, R_wp: 0.225, timeout: 0
2025-04-15 16:38:48, INFO: Path length: 8.249878323443404
2025-04-15 16:38:48, INFO: Path left: 72.34786775740777
2025-04-15 16:38:48, INFO: Actions: 14
2025-04-15 16:38:48, INFO: Coordinates: 1.770128756761551 -8.834579326212406
2025-04-15 16:38:48, INFO: Stops times: 0

2025-04-15 16:38:51, INFO: human number: 8
2025-04-15 16:38:51, INFO: running 313/3600 episode, simulation environment: no
2025-04-15 16:38:51, INFO: 313/3600 episode: Success! Total Reward: 20.56, R_dan: 4.9, R_goal: 10.0, R_col: 0, R_km: 3.25, R_col_wall: 0, R_wall_min_dist: -12.228, R_way_point_dist: 2.94, R_wp: 11.7, timeout: 0
2025-04-15 16:38:51, INFO: Path length: 72.2339464304474
2025-04-15 16:38:51, INFO: Path left: 0
2025-04-15 16:38:51, INFO: Actions: 98
2025-04-15 16:38:51, INFO: Coordinates: -8.48644938133657 30.50919485837221
2025-04-15 16:38:51, INFO: Stops times: 3

2025-04-15 16:38:54, INFO: human number: 8
2025-04-15 16:38:54, INFO: running 314/3600 episode, simulation environment: circle_crossing
2025-04-15 16:38:55, INFO: 314/3600 episode: Success! Total Reward: 31.436, R_dan: 6.82, R_goal: 10.0, R_col: 0, R_km: 1.8, R_col_wall: 0, R_wall_min_dist: -3.284, R_way_point_dist: 4.38, R_wp: 11.7, timeout: 0
2025-04-15 16:38:55, INFO: Path length: 77.99342391407488
2025-04-15 16:38:55, INFO: Path left: 0
2025-04-15 16:38:55, INFO: Actions: 146
2025-04-15 16:38:55, INFO: Coordinates: -8.874229410663247 30.845994221046567
2025-04-15 16:38:55, INFO: Stops times: 3

2025-04-15 16:38:57, INFO: human number: 8
2025-04-15 16:38:58, INFO: running 315/3600 episode, simulation environment: circle_static
2025-04-15 16:38:59, INFO: 315/3600 episode: Success! Total Reward: 14.132, R_dan: 6.28, R_goal: 10.0, R_col: 0, R_km: -13.55, R_col_wall: 0, R_wall_min_dist: -5.352, R_way_point_dist: 5.05, R_wp: 11.7, timeout: 0
2025-04-15 16:38:59, INFO: Path length: 83.55980723064332
2025-04-15 16:38:59, INFO: Path left: 0
2025-04-15 16:38:59, INFO: Actions: 180
2025-04-15 16:38:59, INFO: Coordinates: -10.959013424813747 30.61800374276936
2025-04-15 16:38:59, INFO: Stops times: 1

2025-04-15 16:39:01, INFO: human number: 8
2025-04-15 16:39:01, INFO: running 316/3600 episode, simulation environment: no
2025-04-15 16:39:02, INFO: 316/3600 episode: Success! Total Reward: 20.56, R_dan: 4.9, R_goal: 10.0, R_col: 0, R_km: 3.25, R_col_wall: 0, R_wall_min_dist: -12.228, R_way_point_dist: 2.94, R_wp: 11.7, timeout: 0
2025-04-15 16:39:02, INFO: Path length: 72.2339464304474
2025-04-15 16:39:02, INFO: Path left: 0
2025-04-15 16:39:02, INFO: Actions: 98
2025-04-15 16:39:02, INFO: Coordinates: -8.48644938133657 30.50919485837221
2025-04-15 16:39:02, INFO: Stops times: 3

2025-04-15 16:39:04, INFO: human number: 8
2025-04-15 16:39:05, INFO: running 317/3600 episode, simulation environment: circle_crossing
2025-04-15 16:39:05, INFO: 317/3600 episode: Collision! Total Reward: -21.339, R_dan: 0.87, R_goal: 0, R_col: -25.0, R_km: -0.2, R_col_wall: 0, R_wall_min_dist: 0.082, R_way_point_dist: 1.53, R_wp: 1.365, timeout: 0
2025-04-15 16:39:05, INFO: Path length: 23.56265046090658
2025-04-15 16:39:05, INFO: Path left: 57.13510594291679
2025-04-15 16:39:05, INFO: Actions: 51
2025-04-15 16:39:05, INFO: Coordinates: -8.75952149182558 -1.4509971924126148
2025-04-15 16:39:05, INFO: Stops times: 0

2025-04-15 16:39:07, INFO: human number: 8
2025-04-15 16:39:08, INFO: running 318/3600 episode, simulation environment: circle_static
2025-04-15 16:39:09, INFO: 318/3600 episode: Success! Total Reward: 20.88, R_dan: 7.03, R_goal: 10.0, R_col: 0, R_km: -7.65, R_col_wall: 0, R_wall_min_dist: -4.876, R_way_point_dist: 4.65, R_wp: 11.7, timeout: 0
2025-04-15 16:39:09, INFO: Path length: 78.32461183180865
2025-04-15 16:39:09, INFO: Path left: 0
2025-04-15 16:39:09, INFO: Actions: 155
2025-04-15 16:39:09, INFO: Coordinates: -8.390670221298933 30.767061271704733
2025-04-15 16:39:09, INFO: Stops times: 1

2025-04-15 16:39:11, INFO: human number: 8
2025-04-15 16:39:11, INFO: running 319/3600 episode, simulation environment: no
2025-04-15 16:39:11, INFO: 319/3600 episode: Success! Total Reward: 20.56, R_dan: 4.9, R_goal: 10.0, R_col: 0, R_km: 3.25, R_col_wall: 0, R_wall_min_dist: -12.228, R_way_point_dist: 2.94, R_wp: 11.7, timeout: 0
2025-04-15 16:39:11, INFO: Path length: 72.2339464304474
2025-04-15 16:39:11, INFO: Path left: 0
2025-04-15 16:39:11, INFO: Actions: 98
2025-04-15 16:39:11, INFO: Coordinates: -8.48644938133657 30.50919485837221
2025-04-15 16:39:11, INFO: Stops times: 3

2025-04-15 16:39:14, INFO: human number: 8
2025-04-15 16:39:14, INFO: running 320/3600 episode, simulation environment: circle_crossing
2025-04-15 16:39:15, INFO: 320/3600 episode: Success! Total Reward: 32.436, R_dan: 5.71, R_goal: 10.0, R_col: 0, R_km: 5.35, R_col_wall: 0, R_wall_min_dist: -4.844, R_way_point_dist: 4.53, R_wp: 11.7, timeout: 0
2025-04-15 16:39:15, INFO: Path length: 77.6397693837604
2025-04-15 16:39:15, INFO: Path left: 0
2025-04-15 16:39:15, INFO: Actions: 151
2025-04-15 16:39:15, INFO: Coordinates: -8.346874908544123 30.95576424896717
2025-04-15 16:39:15, INFO: Stops times: 1

2025-04-15 16:39:18, INFO: human number: 8
2025-04-15 16:39:18, INFO: running 321/3600 episode, simulation environment: circle_static
2025-04-15 16:39:19, INFO: 321/3600 episode: Success! Total Reward: 27.718, R_dan: 6.34, R_goal: 10.0, R_col: 0, R_km: -2.5, R_col_wall: 0, R_wall_min_dist: -2.956, R_way_point_dist: 5.1, R_wp: 11.7, timeout: 0
2025-04-15 16:39:19, INFO: Path length: 79.64121607921342
2025-04-15 16:39:19, INFO: Path left: 0
2025-04-15 16:39:19, INFO: Actions: 170
2025-04-15 16:39:19, INFO: Coordinates: -8.334195909556001 30.815726473927498
2025-04-15 16:39:19, INFO: Stops times: 1

2025-04-15 16:39:21, INFO: human number: 8
2025-04-15 16:39:21, INFO: running 322/3600 episode, simulation environment: no
2025-04-15 16:39:22, INFO: 322/3600 episode: Success! Total Reward: 20.56, R_dan: 4.9, R_goal: 10.0, R_col: 0, R_km: 3.25, R_col_wall: 0, R_wall_min_dist: -12.228, R_way_point_dist: 2.94, R_wp: 11.7, timeout: 0
2025-04-15 16:39:22, INFO: Path length: 72.2339464304474
2025-04-15 16:39:22, INFO: Path left: 0
2025-04-15 16:39:22, INFO: Actions: 98
2025-04-15 16:39:22, INFO: Coordinates: -8.48644938133657 30.50919485837221
2025-04-15 16:39:22, INFO: Stops times: 3

2025-04-15 16:39:24, INFO: human number: 8
2025-04-15 16:39:25, INFO: running 323/3600 episode, simulation environment: circle_crossing
2025-04-15 16:39:26, INFO: 323/3600 episode: Success! Total Reward: 29.286, R_dan: 5.21, R_goal: 10.0, R_col: 0, R_km: 4.15, R_col_wall: 0, R_wall_min_dist: -6.052, R_way_point_dist: 4.26, R_wp: 11.7, timeout: 0
2025-04-15 16:39:26, INFO: Path length: 77.66589817256691
2025-04-15 16:39:26, INFO: Path left: 0
2025-04-15 16:39:26, INFO: Actions: 149
2025-04-15 16:39:26, INFO: Coordinates: -9.622230306267738 30.590641270158812
2025-04-15 16:39:26, INFO: Stops times: 2

2025-04-15 16:39:28, INFO: human number: 8
2025-04-15 16:39:29, INFO: running 324/3600 episode, simulation environment: circle_static
2025-04-15 16:39:29, INFO: 324/3600 episode: Success! Total Reward: 33.18, R_dan: 7.6, R_goal: 10.0, R_col: 0, R_km: 4.3, R_col_wall: 0, R_wall_min_dist: -4.696, R_way_point_dist: 4.28, R_wp: 11.7, timeout: 0
2025-04-15 16:39:29, INFO: Path length: 80.04609871623194
2025-04-15 16:39:29, INFO: Path left: 0
2025-04-15 16:39:29, INFO: Actions: 152
2025-04-15 16:39:29, INFO: Coordinates: -10.682758689392358 30.494249791372567
2025-04-15 16:39:29, INFO: Stops times: 0

2025-04-15 16:39:32, INFO: human number: 8
2025-04-15 16:39:32, INFO: running 325/3600 episode, simulation environment: no
2025-04-15 16:39:32, INFO: 325/3600 episode: Success! Total Reward: 20.56, R_dan: 4.9, R_goal: 10.0, R_col: 0, R_km: 3.25, R_col_wall: 0, R_wall_min_dist: -12.228, R_way_point_dist: 2.94, R_wp: 11.7, timeout: 0
2025-04-15 16:39:32, INFO: Path length: 72.2339464304474
2025-04-15 16:39:32, INFO: Path left: 0
2025-04-15 16:39:32, INFO: Actions: 98
2025-04-15 16:39:32, INFO: Coordinates: -8.48644938133657 30.50919485837221
2025-04-15 16:39:32, INFO: Stops times: 3

2025-04-15 16:39:35, INFO: human number: 8
2025-04-15 16:39:35, INFO: running 326/3600 episode, simulation environment: circle_crossing
2025-04-15 16:39:36, INFO: 326/3600 episode: Success! Total Reward: 27.466, R_dan: 7.18, R_goal: 10.0, R_col: 0, R_km: -1.6, R_col_wall: 0, R_wall_min_dist: -3.916, R_way_point_dist: 4.07, R_wp: 11.7, timeout: 0
2025-04-15 16:39:36, INFO: Path length: 89.77614388137667
2025-04-15 16:39:36, INFO: Path left: 0
2025-04-15 16:39:36, INFO: Actions: 166
2025-04-15 16:39:36, INFO: Coordinates: -9.628593668341637 31.429131071083248
2025-04-15 16:39:36, INFO: Stops times: 2

2025-04-15 16:39:38, INFO: human number: 8
2025-04-15 16:39:39, INFO: running 327/3600 episode, simulation environment: circle_static
2025-04-15 16:39:40, INFO: 327/3600 episode: Success! Total Reward: 10.158, R_dan: 7.67, R_goal: 10.0, R_col: 0, R_km: -16.5, R_col_wall: 0, R_wall_min_dist: -8.306, R_way_point_dist: 5.61, R_wp: 11.7, timeout: 0
2025-04-15 16:39:40, INFO: Path length: 80.88955418258489
2025-04-15 16:39:40, INFO: Path left: 0
2025-04-15 16:39:40, INFO: Actions: 187
2025-04-15 16:39:40, INFO: Coordinates: -8.8970150295645 30.465919866692275
2025-04-15 16:39:40, INFO: Stops times: 1

2025-04-15 16:39:42, INFO: human number: 8
2025-04-15 16:39:42, INFO: running 328/3600 episode, simulation environment: no
2025-04-15 16:39:43, INFO: 328/3600 episode: Success! Total Reward: 20.56, R_dan: 4.9, R_goal: 10.0, R_col: 0, R_km: 3.25, R_col_wall: 0, R_wall_min_dist: -12.228, R_way_point_dist: 2.94, R_wp: 11.7, timeout: 0
2025-04-15 16:39:43, INFO: Path length: 72.2339464304474
2025-04-15 16:39:43, INFO: Path left: 0
2025-04-15 16:39:43, INFO: Actions: 98
2025-04-15 16:39:43, INFO: Coordinates: -8.48644938133657 30.50919485837221
2025-04-15 16:39:43, INFO: Stops times: 3

2025-04-15 16:39:45, INFO: human number: 8
2025-04-15 16:39:46, INFO: running 329/3600 episode, simulation environment: circle_crossing
2025-04-15 16:39:46, INFO: 329/3600 episode: Success! Total Reward: 30.796, R_dan: 5.5, R_goal: 10.0, R_col: 0, R_km: 3.25, R_col_wall: 0, R_wall_min_dist: -3.946, R_way_point_dist: 4.26, R_wp: 11.7, timeout: 0
2025-04-15 16:39:46, INFO: Path length: 76.7088264208135
2025-04-15 16:39:46, INFO: Path left: 0
2025-04-15 16:39:46, INFO: Actions: 142
2025-04-15 16:39:46, INFO: Coordinates: -9.129854694008827 30.740766692906618
2025-04-15 16:39:46, INFO: Stops times: 3

2025-04-15 16:39:49, INFO: human number: 8
2025-04-15 16:39:49, INFO: running 330/3600 episode, simulation environment: circle_static
2025-04-15 16:39:50, INFO: 330/3600 episode: Success! Total Reward: 25.508, R_dan: 5.26, R_goal: 10.0, R_col: 0, R_km: 4.8, R_col_wall: 0, R_wall_min_dist: -9.798, R_way_point_dist: 3.54, R_wp: 11.7, timeout: 0
2025-04-15 16:39:50, INFO: Path length: 73.88258158247199
2025-04-15 16:39:50, INFO: Path left: 0
2025-04-15 16:39:50, INFO: Actions: 118
2025-04-15 16:39:50, INFO: Coordinates: -8.6437578368932 30.672992572188377
2025-04-15 16:39:50, INFO: Stops times: 1

2025-04-15 16:39:52, INFO: human number: 8
2025-04-15 16:39:52, INFO: running 331/3600 episode, simulation environment: no
2025-04-15 16:39:53, INFO: 331/3600 episode: Success! Total Reward: 20.56, R_dan: 4.9, R_goal: 10.0, R_col: 0, R_km: 3.25, R_col_wall: 0, R_wall_min_dist: -12.228, R_way_point_dist: 2.94, R_wp: 11.7, timeout: 0
2025-04-15 16:39:53, INFO: Path length: 72.2339464304474
2025-04-15 16:39:53, INFO: Path left: 0
2025-04-15 16:39:53, INFO: Actions: 98
2025-04-15 16:39:53, INFO: Coordinates: -8.48644938133657 30.50919485837221
2025-04-15 16:39:53, INFO: Stops times: 3

2025-04-15 16:39:55, INFO: human number: 8
2025-04-15 16:39:56, INFO: running 332/3600 episode, simulation environment: circle_crossing
2025-04-15 16:39:57, INFO: 332/3600 episode: Success! Total Reward: 29.608, R_dan: 7.16, R_goal: 10.0, R_col: 0, R_km: 0.25, R_col_wall: 0, R_wall_min_dist: -3.536, R_way_point_dist: 4.02, R_wp: 11.7, timeout: 0
2025-04-15 16:39:57, INFO: Path length: 79.70858050142265
2025-04-15 16:39:57, INFO: Path left: 0
2025-04-15 16:39:57, INFO: Actions: 148
2025-04-15 16:39:57, INFO: Coordinates: -9.425177874974906 30.959331712685525
2025-04-15 16:39:57, INFO: Stops times: 2

2025-04-15 16:39:59, INFO: human number: 8
2025-04-15 16:40:00, INFO: running 333/3600 episode, simulation environment: circle_static
2025-04-15 16:40:00, INFO: 333/3600 episode: Success! Total Reward: 22.239, R_dan: 4.55, R_goal: 10.0, R_col: 0, R_km: -7.55, R_col_wall: 0, R_wall_min_dist: -1.318, R_way_point_dist: 4.81, R_wp: 11.7, timeout: 0
2025-04-15 16:40:00, INFO: Path length: 85.54518104951501
2025-04-15 16:40:00, INFO: Path left: 0
2025-04-15 16:40:00, INFO: Actions: 179
2025-04-15 16:40:00, INFO: Coordinates: -9.624742965213954 30.61788295954466
2025-04-15 16:40:00, INFO: Stops times: 1

2025-04-15 16:40:03, INFO: human number: 8
2025-04-15 16:40:03, INFO: running 334/3600 episode, simulation environment: no
2025-04-15 16:40:03, INFO: 334/3600 episode: Success! Total Reward: 20.56, R_dan: 4.9, R_goal: 10.0, R_col: 0, R_km: 3.25, R_col_wall: 0, R_wall_min_dist: -12.228, R_way_point_dist: 2.94, R_wp: 11.7, timeout: 0
2025-04-15 16:40:03, INFO: Path length: 72.2339464304474
2025-04-15 16:40:03, INFO: Path left: 0
2025-04-15 16:40:03, INFO: Actions: 98
2025-04-15 16:40:03, INFO: Coordinates: -8.48644938133657 30.50919485837221
2025-04-15 16:40:03, INFO: Stops times: 3

2025-04-15 16:40:06, INFO: human number: 8
2025-04-15 16:40:06, INFO: running 335/3600 episode, simulation environment: circle_crossing
2025-04-15 16:40:07, INFO: 335/3600 episode: Collision! Total Reward: -24.782, R_dan: 0.34, R_goal: 0, R_col: -25.0, R_km: -0.6, R_col_wall: 0, R_wall_min_dist: 0.021, R_way_point_dist: 0.3, R_wp: 0.15, timeout: 0
2025-04-15 16:40:07, INFO: Path length: 4.987048519902783
2025-04-15 16:40:07, INFO: Path left: 75.13616413158253
2025-04-15 16:40:07, INFO: Actions: 10
2025-04-15 16:40:07, INFO: Coordinates: 4.533199340105057 -10.138814635574818
2025-04-15 16:40:07, INFO: Stops times: 1

2025-04-15 16:40:09, INFO: human number: 8
2025-04-15 16:40:09, INFO: running 336/3600 episode, simulation environment: circle_static
2025-04-15 16:40:10, INFO: 336/3600 episode: Success! Total Reward: 30.021, R_dan: 5.79, R_goal: 10.0, R_col: 0, R_km: 1.35, R_col_wall: 0, R_wall_min_dist: -3.622, R_way_point_dist: 4.77, R_wp: 11.7, timeout: 0
2025-04-15 16:40:10, INFO: Path length: 78.38371064043432
2025-04-15 16:40:10, INFO: Path left: 0
2025-04-15 16:40:10, INFO: Actions: 159
2025-04-15 16:40:10, INFO: Coordinates: -9.039626233628951 30.612901682965457
2025-04-15 16:40:10, INFO: Stops times: 0

2025-04-15 16:40:13, INFO: human number: 8
2025-04-15 16:40:13, INFO: running 337/3600 episode, simulation environment: no
2025-04-15 16:40:13, INFO: 337/3600 episode: Success! Total Reward: 20.56, R_dan: 4.9, R_goal: 10.0, R_col: 0, R_km: 3.25, R_col_wall: 0, R_wall_min_dist: -12.228, R_way_point_dist: 2.94, R_wp: 11.7, timeout: 0
2025-04-15 16:40:13, INFO: Path length: 72.2339464304474
2025-04-15 16:40:13, INFO: Path left: 0
2025-04-15 16:40:13, INFO: Actions: 98
2025-04-15 16:40:13, INFO: Coordinates: -8.48644938133657 30.50919485837221
2025-04-15 16:40:13, INFO: Stops times: 3

2025-04-15 16:40:15, INFO: human number: 8
2025-04-15 16:40:16, INFO: running 338/3600 episode, simulation environment: circle_crossing
2025-04-15 16:40:17, INFO: 338/3600 episode: Success! Total Reward: 28.59, R_dan: 6.66, R_goal: 10.0, R_col: 0, R_km: 1.1, R_col_wall: 0, R_wall_min_dist: -5.23, R_way_point_dist: 4.34, R_wp: 11.7, timeout: 0
2025-04-15 16:40:17, INFO: Path length: 79.46104307488234
2025-04-15 16:40:17, INFO: Path left: 0
2025-04-15 16:40:17, INFO: Actions: 154
2025-04-15 16:40:17, INFO: Coordinates: -9.48030672967434 31.2297440264374
2025-04-15 16:40:17, INFO: Stops times: 2

2025-04-15 16:40:19, INFO: human number: 8
2025-04-15 16:40:20, INFO: running 339/3600 episode, simulation environment: circle_static
2025-04-15 16:40:21, INFO: 339/3600 episode: Success! Total Reward: 4.839, R_dan: 5.97, R_goal: 10.0, R_col: 0, R_km: -18.1, R_col_wall: 0, R_wall_min_dist: -10.056, R_way_point_dist: 5.31, R_wp: 11.7, timeout: 0
2025-04-15 16:40:21, INFO: Path length: 79.30252952034837
2025-04-15 16:40:21, INFO: Path left: 0
2025-04-15 16:40:21, INFO: Actions: 177
2025-04-15 16:40:21, INFO: Coordinates: -9.662037367001176 31.50008360017091
2025-04-15 16:40:21, INFO: Stops times: 3

2025-04-15 16:40:23, INFO: human number: 8
2025-04-15 16:40:23, INFO: running 340/3600 episode, simulation environment: no
2025-04-15 16:40:23, INFO: 340/3600 episode: Success! Total Reward: 20.56, R_dan: 4.9, R_goal: 10.0, R_col: 0, R_km: 3.25, R_col_wall: 0, R_wall_min_dist: -12.228, R_way_point_dist: 2.94, R_wp: 11.7, timeout: 0
2025-04-15 16:40:23, INFO: Path length: 72.2339464304474
2025-04-15 16:40:23, INFO: Path left: 0
2025-04-15 16:40:23, INFO: Actions: 98
2025-04-15 16:40:23, INFO: Coordinates: -8.48644938133657 30.50919485837221
2025-04-15 16:40:23, INFO: Stops times: 3

2025-04-15 16:40:26, INFO: human number: 8
2025-04-15 16:40:26, INFO: running 341/3600 episode, simulation environment: circle_crossing
2025-04-15 16:40:27, INFO: 341/3600 episode: Collision! Total Reward: -24.07, R_dan: 0.16, R_goal: 0, R_col: -25.0, R_km: 0.4, R_col_wall: 0, R_wall_min_dist: -0.098, R_way_point_dist: 0.24, R_wp: 0.225, timeout: 0
2025-04-15 16:40:27, INFO: Path length: 9.028200121886282
2025-04-15 16:40:27, INFO: Path left: 72.18693202421593
2025-04-15 16:40:27, INFO: Actions: 8
2025-04-15 16:40:27, INFO: Coordinates: 1.5578143000602722 -8.534396722912788
2025-04-15 16:40:27, INFO: Stops times: 0

2025-04-15 16:40:29, INFO: human number: 8
2025-04-15 16:40:29, INFO: running 342/3600 episode, simulation environment: circle_static
2025-04-15 16:40:30, INFO: 342/3600 episode: Collision! Total Reward: -23.529, R_dan: 0.91, R_goal: 0, R_col: -25.0, R_km: 0.45, R_col_wall: 0, R_wall_min_dist: -1.501, R_way_point_dist: 0.93, R_wp: 0.675, timeout: 0
2025-04-15 16:40:30, INFO: Path length: 14.892004361916472
2025-04-15 16:40:30, INFO: Path left: 64.73266772373809
2025-04-15 16:40:30, INFO: Actions: 31
2025-04-15 16:40:30, INFO: Coordinates: -5.00498989969492 -7.3617106303572655
2025-04-15 16:40:30, INFO: Stops times: 0

2025-04-15 16:40:32, INFO: human number: 8
2025-04-15 16:40:32, INFO: running 343/3600 episode, simulation environment: no
2025-04-15 16:40:32, INFO: 343/3600 episode: Success! Total Reward: 20.56, R_dan: 4.9, R_goal: 10.0, R_col: 0, R_km: 3.25, R_col_wall: 0, R_wall_min_dist: -12.228, R_way_point_dist: 2.94, R_wp: 11.7, timeout: 0
2025-04-15 16:40:32, INFO: Path length: 72.2339464304474
2025-04-15 16:40:32, INFO: Path left: 0
2025-04-15 16:40:32, INFO: Actions: 98
2025-04-15 16:40:32, INFO: Coordinates: -8.48644938133657 30.50919485837221
2025-04-15 16:40:32, INFO: Stops times: 3

2025-04-15 16:40:35, INFO: human number: 8
2025-04-15 16:40:35, INFO: running 344/3600 episode, simulation environment: circle_crossing
2025-04-15 16:40:36, INFO: 344/3600 episode: Collision! Total Reward: -17.494, R_dan: 2.29, R_goal: 0, R_col: -25.0, R_km: 1.05, R_col_wall: 0, R_wall_min_dist: 0.163, R_way_point_dist: 1.95, R_wp: 2.04, timeout: 0
2025-04-15 16:40:36, INFO: Path length: 29.447782431694918
2025-04-15 16:40:36, INFO: Path left: 51.01507721866187
2025-04-15 16:40:36, INFO: Actions: 65
2025-04-15 16:40:36, INFO: Coordinates: -8.565255496650934 4.189523592591286
2025-04-15 16:40:36, INFO: Stops times: 0

2025-04-15 16:40:38, INFO: human number: 8
2025-04-15 16:40:39, INFO: running 345/3600 episode, simulation environment: circle_static
2025-04-15 16:40:39, INFO: 345/3600 episode: Collision! Total Reward: -23.076, R_dan: 0.54, R_goal: 0, R_col: -25.0, R_km: 0.7, R_col_wall: 0, R_wall_min_dist: 0.03, R_way_point_dist: 0.42, R_wp: 0.225, timeout: 0
2025-04-15 16:40:39, INFO: Path length: 7.513072228151804
2025-04-15 16:40:39, INFO: Path left: 72.869770813645
2025-04-15 16:40:39, INFO: Actions: 14
2025-04-15 16:40:39, INFO: Coordinates: 2.2918759882450104 -9.797083415091038
2025-04-15 16:40:39, INFO: Stops times: 0

2025-04-15 16:40:41, INFO: human number: 8
2025-04-15 16:40:41, INFO: running 346/3600 episode, simulation environment: no
2025-04-15 16:40:42, INFO: 346/3600 episode: Success! Total Reward: 20.56, R_dan: 4.9, R_goal: 10.0, R_col: 0, R_km: 3.25, R_col_wall: 0, R_wall_min_dist: -12.228, R_way_point_dist: 2.94, R_wp: 11.7, timeout: 0
2025-04-15 16:40:42, INFO: Path length: 72.2339464304474
2025-04-15 16:40:42, INFO: Path left: 0
2025-04-15 16:40:42, INFO: Actions: 98
2025-04-15 16:40:42, INFO: Coordinates: -8.48644938133657 30.50919485837221
2025-04-15 16:40:42, INFO: Stops times: 3

2025-04-15 16:40:44, INFO: human number: 8
2025-04-15 16:40:45, INFO: running 347/3600 episode, simulation environment: circle_crossing
2025-04-15 16:40:45, INFO: 347/3600 episode: Success! Total Reward: 31.893, R_dan: 6.4, R_goal: 10.0, R_col: 0, R_km: 3.5, R_col_wall: 0, R_wall_min_dist: -3.808, R_way_point_dist: 4.08, R_wp: 11.7, timeout: 0
2025-04-15 16:40:45, INFO: Path length: 76.65813013238822
2025-04-15 16:40:45, INFO: Path left: 0
2025-04-15 16:40:45, INFO: Actions: 136
2025-04-15 16:40:45, INFO: Coordinates: -9.010411839932203 30.458849847316742
2025-04-15 16:40:45, INFO: Stops times: 0

2025-04-15 16:40:48, INFO: human number: 8
2025-04-15 16:40:48, INFO: running 348/3600 episode, simulation environment: circle_static
2025-04-15 16:40:49, INFO: 348/3600 episode: Collision! Total Reward: -24.502, R_dan: 0.22, R_goal: 0, R_col: -25.0, R_km: -0.4, R_col_wall: 0, R_wall_min_dist: 0.03, R_way_point_dist: 0.42, R_wp: 0.225, timeout: 0
2025-04-15 16:40:49, INFO: Path length: 7.443422872153612
2025-04-15 16:40:49, INFO: Path left: 73.17385343086559
2025-04-15 16:40:49, INFO: Actions: 14
2025-04-15 16:40:49, INFO: Coordinates: 2.6192647591233253 -9.088545819744468
2025-04-15 16:40:49, INFO: Stops times: 0

2025-04-15 16:40:51, INFO: human number: 8
2025-04-15 16:40:51, INFO: running 349/3600 episode, simulation environment: no
2025-04-15 16:40:51, INFO: 349/3600 episode: Success! Total Reward: 20.56, R_dan: 4.9, R_goal: 10.0, R_col: 0, R_km: 3.25, R_col_wall: 0, R_wall_min_dist: -12.228, R_way_point_dist: 2.94, R_wp: 11.7, timeout: 0
2025-04-15 16:40:51, INFO: Path length: 72.2339464304474
2025-04-15 16:40:51, INFO: Path left: 0
2025-04-15 16:40:51, INFO: Actions: 98
2025-04-15 16:40:51, INFO: Coordinates: -8.48644938133657 30.50919485837221
2025-04-15 16:40:51, INFO: Stops times: 3

2025-04-15 16:40:54, INFO: human number: 8
2025-04-15 16:40:54, INFO: running 350/3600 episode, simulation environment: circle_crossing
2025-04-15 16:40:55, INFO: 350/3600 episode: Collision! Total Reward: -23.921, R_dan: 0.33, R_goal: 0, R_col: -25.0, R_km: 0.1, R_col_wall: 0, R_wall_min_dist: 0.028, R_way_point_dist: 0.39, R_wp: 0.225, timeout: 0
2025-04-15 16:40:55, INFO: Path length: 7.080242038088895
2025-04-15 16:40:55, INFO: Path left: 73.11997603349586
2025-04-15 16:40:55, INFO: Actions: 13
2025-04-15 16:40:55, INFO: Coordinates: 2.5655872374773026 -9.09423890709877
2025-04-15 16:40:55, INFO: Stops times: 0

2025-04-15 16:40:57, INFO: human number: 8
2025-04-15 16:40:57, INFO: running 351/3600 episode, simulation environment: circle_static
2025-04-15 16:40:58, INFO: 351/3600 episode: Collision! Total Reward: -13.533, R_dan: 3.07, R_goal: 0, R_col: -25.0, R_km: 2.7, R_col_wall: 0, R_wall_min_dist: -1.42, R_way_point_dist: 2.61, R_wp: 4.5, timeout: 0
2025-04-15 16:40:58, INFO: Path length: 43.2351532339323
2025-04-15 16:40:58, INFO: Path left: 34.825062811695226
2025-04-15 16:40:58, INFO: Actions: 87
2025-04-15 16:40:58, INFO: Coordinates: 4.613327048718929 12.095772741362453
2025-04-15 16:40:58, INFO: Stops times: 0

2025-04-15 16:41:00, INFO: human number: 8
2025-04-15 16:41:00, INFO: running 352/3600 episode, simulation environment: no
2025-04-15 16:41:01, INFO: 352/3600 episode: Success! Total Reward: 20.56, R_dan: 4.9, R_goal: 10.0, R_col: 0, R_km: 3.25, R_col_wall: 0, R_wall_min_dist: -12.228, R_way_point_dist: 2.94, R_wp: 11.7, timeout: 0
2025-04-15 16:41:01, INFO: Path length: 72.2339464304474
2025-04-15 16:41:01, INFO: Path left: 0
2025-04-15 16:41:01, INFO: Actions: 98
2025-04-15 16:41:01, INFO: Coordinates: -8.48644938133657 30.50919485837221
2025-04-15 16:41:01, INFO: Stops times: 3

2025-04-15 16:41:03, INFO: human number: 8
2025-04-15 16:41:04, INFO: running 353/3600 episode, simulation environment: circle_crossing
2025-04-15 16:41:04, INFO: 353/3600 episode: Success! Total Reward: 35.094, R_dan: 6.82, R_goal: 10.0, R_col: 0, R_km: 5.8, R_col_wall: 0, R_wall_min_dist: -3.396, R_way_point_dist: 4.14, R_wp: 11.7, timeout: 0
2025-04-15 16:41:04, INFO: Path length: 76.84994246703612
2025-04-15 16:41:04, INFO: Path left: 0
2025-04-15 16:41:04, INFO: Actions: 138
2025-04-15 16:41:04, INFO: Coordinates: -8.510100175859407 30.780376091599464
2025-04-15 16:41:04, INFO: Stops times: 1

2025-04-15 16:41:07, INFO: human number: 8
2025-04-15 16:41:07, INFO: running 354/3600 episode, simulation environment: circle_static
2025-04-15 16:41:08, INFO: 354/3600 episode: Collision! Total Reward: -24.436, R_dan: 0.67, R_goal: 0, R_col: -25.0, R_km: -0.9, R_col_wall: 0, R_wall_min_dist: 0.022, R_way_point_dist: 0.45, R_wp: 0.315, timeout: 0
2025-04-15 16:41:08, INFO: Path length: 9.082688024353155
2025-04-15 16:41:08, INFO: Path left: 71.30896192293993
2025-04-15 16:41:08, INFO: Actions: 15
2025-04-15 16:41:08, INFO: Coordinates: 0.8494921214878559 -8.957636501640081
2025-04-15 16:41:08, INFO: Stops times: 1

2025-04-15 16:41:10, INFO: human number: 8
2025-04-15 16:41:10, INFO: running 355/3600 episode, simulation environment: no
2025-04-15 16:41:10, INFO: 355/3600 episode: Success! Total Reward: 20.56, R_dan: 4.9, R_goal: 10.0, R_col: 0, R_km: 3.25, R_col_wall: 0, R_wall_min_dist: -12.228, R_way_point_dist: 2.94, R_wp: 11.7, timeout: 0
2025-04-15 16:41:10, INFO: Path length: 72.2339464304474
2025-04-15 16:41:10, INFO: Path left: 0
2025-04-15 16:41:10, INFO: Actions: 98
2025-04-15 16:41:10, INFO: Coordinates: -8.48644938133657 30.50919485837221
2025-04-15 16:41:10, INFO: Stops times: 3

2025-04-15 16:41:13, INFO: human number: 8
2025-04-15 16:41:13, INFO: running 356/3600 episode, simulation environment: circle_crossing
2025-04-15 16:41:14, INFO: 356/3600 episode: Success! Total Reward: 34.624, R_dan: 7.1, R_goal: 10.0, R_col: 0, R_km: 5.85, R_col_wall: 0, R_wall_min_dist: -4.278, R_way_point_dist: 4.22, R_wp: 11.7, timeout: 0
2025-04-15 16:41:14, INFO: Path length: 81.24613851519511
2025-04-15 16:41:14, INFO: Path left: 0
2025-04-15 16:41:14, INFO: Actions: 150
2025-04-15 16:41:14, INFO: Coordinates: -10.585834705270827 31.50829694326967
2025-04-15 16:41:14, INFO: Stops times: 1

2025-04-15 16:41:17, INFO: human number: 8
2025-04-15 16:41:17, INFO: running 357/3600 episode, simulation environment: circle_static
2025-04-15 16:41:18, INFO: 357/3600 episode: Collision! Total Reward: -23.806, R_dan: 1.77, R_goal: 0, R_col: -25.0, R_km: 0.0, R_col_wall: 0, R_wall_min_dist: -5.733, R_way_point_dist: 2.31, R_wp: 2.85, timeout: 0
2025-04-15 16:41:18, INFO: Path length: 33.871914922871134
2025-04-15 16:41:18, INFO: Path left: 43.4392173832884
2025-04-15 16:41:18, INFO: Actions: 77
2025-04-15 16:41:18, INFO: Coordinates: -3.710630758025218 9.975824039429426
2025-04-15 16:41:18, INFO: Stops times: 1

2025-04-15 16:41:20, INFO: human number: 8
2025-04-15 16:41:20, INFO: running 358/3600 episode, simulation environment: no
2025-04-15 16:41:20, INFO: 358/3600 episode: Success! Total Reward: 20.56, R_dan: 4.9, R_goal: 10.0, R_col: 0, R_km: 3.25, R_col_wall: 0, R_wall_min_dist: -12.228, R_way_point_dist: 2.94, R_wp: 11.7, timeout: 0
2025-04-15 16:41:20, INFO: Path length: 72.2339464304474
2025-04-15 16:41:20, INFO: Path left: 0
2025-04-15 16:41:20, INFO: Actions: 98
2025-04-15 16:41:20, INFO: Coordinates: -8.48644938133657 30.50919485837221
2025-04-15 16:41:20, INFO: Stops times: 3

2025-04-15 16:41:23, INFO: human number: 8
2025-04-15 16:41:23, INFO: running 359/3600 episode, simulation environment: circle_crossing
2025-04-15 16:41:24, INFO: 359/3600 episode: Collision! Total Reward: -21.697, R_dan: 0.45, R_goal: 0, R_col: -25.0, R_km: 1.1, R_col_wall: 0, R_wall_min_dist: 0.08, R_way_point_dist: 0.99, R_wp: 0.675, timeout: 0
2025-04-15 16:41:24, INFO: Path length: 15.933656020292926
2025-04-15 16:41:24, INFO: Path left: 64.88116803758871
2025-04-15 16:41:24, INFO: Actions: 33
2025-04-15 16:41:24, INFO: Coordinates: -6.100283175706863 -8.456275532022119
2025-04-15 16:41:24, INFO: Stops times: 0

2025-04-15 16:41:26, INFO: human number: 8
2025-04-15 16:41:26, INFO: running 360/3600 episode, simulation environment: circle_static
2025-04-15 16:41:27, INFO: 360/3600 episode: Collision! Total Reward: -25.47, R_dan: 0.04, R_goal: 0, R_col: -25.0, R_km: -1.05, R_col_wall: 0, R_wall_min_dist: 0.026, R_way_point_dist: 0.36, R_wp: 0.15, timeout: 0
2025-04-15 16:41:27, INFO: Path length: 5.4100611861767245
2025-04-15 16:41:27, INFO: Path left: 74.94893923373274
2025-04-15 16:41:27, INFO: Actions: 12
2025-04-15 16:41:27, INFO: Coordinates: 4.236460819840431 -10.682347778230906
2025-04-15 16:41:27, INFO: Stops times: 0

2025-04-15 16:41:29, INFO: human number: 8
2025-04-15 16:41:29, INFO: running 361/3600 episode, simulation environment: no
2025-04-15 16:41:29, INFO: 361/3600 episode: Success! Total Reward: 20.56, R_dan: 4.9, R_goal: 10.0, R_col: 0, R_km: 3.25, R_col_wall: 0, R_wall_min_dist: -12.228, R_way_point_dist: 2.94, R_wp: 11.7, timeout: 0
2025-04-15 16:41:29, INFO: Path length: 72.2339464304474
2025-04-15 16:41:29, INFO: Path left: 0
2025-04-15 16:41:29, INFO: Actions: 98
2025-04-15 16:41:29, INFO: Coordinates: -8.48644938133657 30.50919485837221
2025-04-15 16:41:29, INFO: Stops times: 3

2025-04-15 16:41:32, INFO: human number: 8
2025-04-15 16:41:32, INFO: running 362/3600 episode, simulation environment: circle_crossing
2025-04-15 16:41:33, INFO: 362/3600 episode: Collision! Total Reward: -24.246, R_dan: 1.04, R_goal: 0, R_col: -25.0, R_km: -0.45, R_col_wall: 0, R_wall_min_dist: -1.101, R_way_point_dist: 0.72, R_wp: 0.54, timeout: 0
2025-04-15 16:41:33, INFO: Path length: 14.008200989088698
2025-04-15 16:41:33, INFO: Path left: 65.82573012802187
2025-04-15 16:41:33, INFO: Actions: 24
2025-04-15 16:41:33, INFO: Coordinates: -3.816886320710182 -6.989638030529022
2025-04-15 16:41:33, INFO: Stops times: 1

2025-04-15 16:41:35, INFO: human number: 8
2025-04-15 16:41:36, INFO: running 363/3600 episode, simulation environment: circle_static
2025-04-15 16:41:36, INFO: 363/3600 episode: Collision! Total Reward: -20.954, R_dan: 2.31, R_goal: 0, R_col: -25.0, R_km: -1.45, R_col_wall: 0, R_wall_min_dist: 0.044, R_way_point_dist: 1.77, R_wp: 1.365, timeout: 0
2025-04-15 16:41:36, INFO: Path length: 25.099235191130976
2025-04-15 16:41:36, INFO: Path left: 56.27353236055462
2025-04-15 16:41:36, INFO: Actions: 59
2025-04-15 16:41:36, INFO: Coordinates: -8.681814506649971 -0.5577284628525376
2025-04-15 16:41:36, INFO: Stops times: 0

2025-04-15 16:41:38, INFO: human number: 8
2025-04-15 16:41:38, INFO: running 364/3600 episode, simulation environment: no
2025-04-15 16:41:39, INFO: 364/3600 episode: Success! Total Reward: 20.56, R_dan: 4.9, R_goal: 10.0, R_col: 0, R_km: 3.25, R_col_wall: 0, R_wall_min_dist: -12.228, R_way_point_dist: 2.94, R_wp: 11.7, timeout: 0
2025-04-15 16:41:39, INFO: Path length: 72.2339464304474
2025-04-15 16:41:39, INFO: Path left: 0
2025-04-15 16:41:39, INFO: Actions: 98
2025-04-15 16:41:39, INFO: Coordinates: -8.48644938133657 30.50919485837221
2025-04-15 16:41:39, INFO: Stops times: 3

2025-04-15 16:41:41, INFO: human number: 8
2025-04-15 16:41:42, INFO: running 365/3600 episode, simulation environment: circle_crossing
2025-04-15 16:41:42, INFO: 365/3600 episode: Success! Total Reward: 26.996, R_dan: 6.37, R_goal: 10.0, R_col: 0, R_km: 1.9, R_col_wall: 0, R_wall_min_dist: -6.959, R_way_point_dist: 3.97, R_wp: 11.7, timeout: 0
2025-04-15 16:41:42, INFO: Path length: 75.10105774349954
2025-04-15 16:41:42, INFO: Path left: 0
2025-04-15 16:41:42, INFO: Actions: 137
2025-04-15 16:41:42, INFO: Coordinates: -8.339533707126975 31.000342379207723
2025-04-15 16:41:42, INFO: Stops times: 2

2025-04-15 16:41:45, INFO: human number: 8
2025-04-15 16:41:45, INFO: running 366/3600 episode, simulation environment: circle_static
2025-04-15 16:41:46, INFO: 366/3600 episode: Success! Total Reward: 33.707, R_dan: 6.8, R_goal: 10.0, R_col: 0, R_km: 4.6, R_col_wall: 0, R_wall_min_dist: -3.498, R_way_point_dist: 4.08, R_wp: 11.7, timeout: 0
2025-04-15 16:41:46, INFO: Path length: 76.69881407276029
2025-04-15 16:41:46, INFO: Path left: 0
2025-04-15 16:41:46, INFO: Actions: 136
2025-04-15 16:41:46, INFO: Coordinates: -8.662635115440935 30.71993364021182
2025-04-15 16:41:46, INFO: Stops times: 0

2025-04-15 16:41:48, INFO: human number: 8
2025-04-15 16:41:49, INFO: running 367/3600 episode, simulation environment: no
2025-04-15 16:41:49, INFO: 367/3600 episode: Success! Total Reward: 20.56, R_dan: 4.9, R_goal: 10.0, R_col: 0, R_km: 3.25, R_col_wall: 0, R_wall_min_dist: -12.228, R_way_point_dist: 2.94, R_wp: 11.7, timeout: 0
2025-04-15 16:41:49, INFO: Path length: 72.2339464304474
2025-04-15 16:41:49, INFO: Path left: 0
2025-04-15 16:41:49, INFO: Actions: 98
2025-04-15 16:41:49, INFO: Coordinates: -8.48644938133657 30.50919485837221
2025-04-15 16:41:49, INFO: Stops times: 3

2025-04-15 16:41:51, INFO: human number: 8
2025-04-15 16:41:52, INFO: running 368/3600 episode, simulation environment: circle_crossing
2025-04-15 16:41:53, INFO: 368/3600 episode: Success! Total Reward: 28.136, R_dan: 4.83, R_goal: 10.0, R_col: 0, R_km: 4.8, R_col_wall: 0, R_wall_min_dist: -7.512, R_way_point_dist: 4.32, R_wp: 11.7, timeout: 0
2025-04-15 16:41:53, INFO: Path length: 77.84007075555301
2025-04-15 16:41:53, INFO: Path left: 0
2025-04-15 16:41:53, INFO: Actions: 151
2025-04-15 16:41:53, INFO: Coordinates: -9.63553025200963 31.45985844358802
2025-04-15 16:41:53, INFO: Stops times: 0

2025-04-15 16:41:55, INFO: human number: 8
2025-04-15 16:41:56, INFO: running 369/3600 episode, simulation environment: circle_static
2025-04-15 16:41:56, INFO: 369/3600 episode: Collision! Total Reward: -24.882, R_dan: 0.57, R_goal: 0, R_col: -25.0, R_km: -1.0, R_col_wall: 0, R_wall_min_dist: -0.158, R_way_point_dist: 0.39, R_wp: 0.315, timeout: 0
2025-04-15 16:41:56, INFO: Path length: 9.142954168186737
2025-04-15 16:41:56, INFO: Path left: 70.77338914036126
2025-04-15 16:41:56, INFO: Actions: 13
2025-04-15 16:41:56, INFO: Coordinates: 0.3053269311785698 -8.337731094565243
2025-04-15 16:41:56, INFO: Stops times: 1

2025-04-15 16:41:58, INFO: human number: 8
2025-04-15 16:41:58, INFO: running 370/3600 episode, simulation environment: no
2025-04-15 16:41:59, INFO: 370/3600 episode: Success! Total Reward: 20.56, R_dan: 4.9, R_goal: 10.0, R_col: 0, R_km: 3.25, R_col_wall: 0, R_wall_min_dist: -12.228, R_way_point_dist: 2.94, R_wp: 11.7, timeout: 0
2025-04-15 16:41:59, INFO: Path length: 72.2339464304474
2025-04-15 16:41:59, INFO: Path left: 0
2025-04-15 16:41:59, INFO: Actions: 98
2025-04-15 16:41:59, INFO: Coordinates: -8.48644938133657 30.50919485837221
2025-04-15 16:41:59, INFO: Stops times: 3

2025-04-15 16:42:01, INFO: human number: 8
2025-04-15 16:42:02, INFO: running 371/3600 episode, simulation environment: circle_crossing
2025-04-15 16:42:02, INFO: 371/3600 episode: Collision! Total Reward: -25.76, R_dan: 0.31, R_goal: 0, R_col: -25.0, R_km: -1.95, R_col_wall: 0, R_wall_min_dist: -0.475, R_way_point_dist: 0.81, R_wp: 0.54, timeout: 0
2025-04-15 16:42:02, INFO: Path length: 13.330089949136507
2025-04-15 16:42:02, INFO: Path left: 66.56430060860409
2025-04-15 16:42:02, INFO: Actions: 27
2025-04-15 16:42:02, INFO: Coordinates: -3.3388077951967716 -7.833363372832537
2025-04-15 16:42:02, INFO: Stops times: 0

2025-04-15 16:42:04, INFO: human number: 8
2025-04-15 16:42:05, INFO: running 372/3600 episode, simulation environment: circle_static
2025-04-15 16:42:05, INFO: 372/3600 episode: Success! Total Reward: 32.486, R_dan: 7.6, R_goal: 10.0, R_col: 0, R_km: 2.65, R_col_wall: 0, R_wall_min_dist: -4.025, R_way_point_dist: 4.56, R_wp: 11.7, timeout: 0
2025-04-15 16:42:05, INFO: Path length: 78.1612740138789
2025-04-15 16:42:05, INFO: Path left: 0
2025-04-15 16:42:05, INFO: Actions: 152
2025-04-15 16:42:05, INFO: Coordinates: -8.905161227099597 30.796505205798894
2025-04-15 16:42:05, INFO: Stops times: 0

2025-04-15 16:42:08, INFO: human number: 8
2025-04-15 16:42:08, INFO: running 373/3600 episode, simulation environment: no
2025-04-15 16:42:08, INFO: 373/3600 episode: Success! Total Reward: 20.56, R_dan: 4.9, R_goal: 10.0, R_col: 0, R_km: 3.25, R_col_wall: 0, R_wall_min_dist: -12.228, R_way_point_dist: 2.94, R_wp: 11.7, timeout: 0
2025-04-15 16:42:08, INFO: Path length: 72.2339464304474
2025-04-15 16:42:08, INFO: Path left: 0
2025-04-15 16:42:08, INFO: Actions: 98
2025-04-15 16:42:08, INFO: Coordinates: -8.48644938133657 30.50919485837221
2025-04-15 16:42:08, INFO: Stops times: 3

2025-04-15 16:42:11, INFO: human number: 8
2025-04-15 16:42:11, INFO: running 374/3600 episode, simulation environment: circle_crossing
2025-04-15 16:42:12, INFO: 374/3600 episode: Collision! Total Reward: -24.103, R_dan: 0.36, R_goal: 0, R_col: -25.0, R_km: 0.6, R_col_wall: 0, R_wall_min_dist: -0.846, R_way_point_dist: 0.36, R_wp: 0.42, timeout: 0
2025-04-15 16:42:12, INFO: Path length: 13.315188166633304
2025-04-15 16:42:12, INFO: Path left: 67.7366449744847
2025-04-15 16:42:12, INFO: Actions: 12
2025-04-15 16:42:12, INFO: Coordinates: -2.443422257900238 -7.1071528643369675
2025-04-15 16:42:12, INFO: Stops times: 0

2025-04-15 16:42:14, INFO: human number: 8
2025-04-15 16:42:14, INFO: running 375/3600 episode, simulation environment: circle_static
2025-04-15 16:42:15, INFO: 375/3600 episode: Collision! Total Reward: -23.851, R_dan: 0.53, R_goal: 0, R_col: -25.0, R_km: -0.25, R_col_wall: 0, R_wall_min_dist: 0.038, R_way_point_dist: 0.51, R_wp: 0.315, timeout: 0
2025-04-15 16:42:15, INFO: Path length: 9.073320275553403
2025-04-15 16:42:15, INFO: Path left: 71.21619440757864
2025-04-15 16:42:15, INFO: Actions: 17
2025-04-15 16:42:15, INFO: Coordinates: 0.6750079840421677 -9.605244193226099
2025-04-15 16:42:15, INFO: Stops times: 0

2025-04-15 16:42:17, INFO: human number: 8
2025-04-15 16:42:17, INFO: running 376/3600 episode, simulation environment: no
2025-04-15 16:42:17, INFO: 376/3600 episode: Success! Total Reward: 20.56, R_dan: 4.9, R_goal: 10.0, R_col: 0, R_km: 3.25, R_col_wall: 0, R_wall_min_dist: -12.228, R_way_point_dist: 2.94, R_wp: 11.7, timeout: 0
2025-04-15 16:42:17, INFO: Path length: 72.2339464304474
2025-04-15 16:42:17, INFO: Path left: 0
2025-04-15 16:42:17, INFO: Actions: 98
2025-04-15 16:42:17, INFO: Coordinates: -8.48644938133657 30.50919485837221
2025-04-15 16:42:17, INFO: Stops times: 3

2025-04-15 16:42:20, INFO: human number: 8
2025-04-15 16:42:20, INFO: running 377/3600 episode, simulation environment: circle_crossing
2025-04-15 16:42:21, INFO: 377/3600 episode: Collision! Total Reward: -25.317, R_dan: 1.01, R_goal: 0, R_col: -25.0, R_km: -1.65, R_col_wall: 0, R_wall_min_dist: -1.277, R_way_point_dist: 0.92, R_wp: 0.675, timeout: 0
2025-04-15 16:42:21, INFO: Path length: 14.980403848387128
2025-04-15 16:42:21, INFO: Path left: 64.26701544857058
2025-04-15 16:42:21, INFO: Actions: 33
2025-04-15 16:42:21, INFO: Coordinates: -4.656719133257866 -5.968961466103792
2025-04-15 16:42:21, INFO: Stops times: 1

2025-04-15 16:42:23, INFO: human number: 8
2025-04-15 16:42:23, INFO: running 378/3600 episode, simulation environment: circle_static
2025-04-15 16:42:24, INFO: 378/3600 episode: Success! Total Reward: 25.12, R_dan: 6.58, R_goal: 10.0, R_col: 0, R_km: 1.8, R_col_wall: 0, R_wall_min_dist: -8.65, R_way_point_dist: 3.68, R_wp: 11.7, timeout: 0
2025-04-15 16:42:24, INFO: Path length: 85.45991231777413
2025-04-15 16:42:24, INFO: Path left: 0
2025-04-15 16:42:24, INFO: Actions: 146
2025-04-15 16:42:24, INFO: Coordinates: -11.63723699375987 31.281298861838877
2025-04-15 16:42:24, INFO: Stops times: 1

2025-04-15 16:42:27, INFO: human number: 8
2025-04-15 16:42:27, INFO: running 379/3600 episode, simulation environment: no
2025-04-15 16:42:27, INFO: 379/3600 episode: Success! Total Reward: 20.56, R_dan: 4.9, R_goal: 10.0, R_col: 0, R_km: 3.25, R_col_wall: 0, R_wall_min_dist: -12.228, R_way_point_dist: 2.94, R_wp: 11.7, timeout: 0
2025-04-15 16:42:27, INFO: Path length: 72.2339464304474
2025-04-15 16:42:27, INFO: Path left: 0
2025-04-15 16:42:27, INFO: Actions: 98
2025-04-15 16:42:27, INFO: Coordinates: -8.48644938133657 30.50919485837221
2025-04-15 16:42:27, INFO: Stops times: 3

2025-04-15 16:42:29, INFO: human number: 8
2025-04-15 16:42:30, INFO: running 380/3600 episode, simulation environment: circle_crossing
2025-04-15 16:42:31, INFO: 380/3600 episode: Success! Total Reward: 32.757, R_dan: 5.94, R_goal: 10.0, R_col: 0, R_km: 4.15, R_col_wall: 0, R_wall_min_dist: -3.186, R_way_point_dist: 4.14, R_wp: 11.7, timeout: 0
2025-04-15 16:42:31, INFO: Path length: 77.10934138133405
2025-04-15 16:42:31, INFO: Path left: 0
2025-04-15 16:42:31, INFO: Actions: 138
2025-04-15 16:42:31, INFO: Coordinates: -9.093775148503482 30.48794900998473
2025-04-15 16:42:31, INFO: Stops times: 0

2025-04-15 16:42:33, INFO: human number: 8
2025-04-15 16:42:34, INFO: running 381/3600 episode, simulation environment: circle_static
2025-04-15 16:42:34, INFO: 381/3600 episode: Collision! Total Reward: -23.917, R_dan: 0.24, R_goal: 0, R_col: -25.0, R_km: 0.4, R_col_wall: 0, R_wall_min_dist: -0.025, R_way_point_dist: 0.24, R_wp: 0.225, timeout: 0
2025-04-15 16:42:34, INFO: Path length: 8.287602301444881
2025-04-15 16:42:34, INFO: Path left: 72.79688913812299
2025-04-15 16:42:34, INFO: Actions: 8
2025-04-15 16:42:34, INFO: Coordinates: 2.221137762069702 -8.826201647520065
2025-04-15 16:42:34, INFO: Stops times: 0

2025-04-15 16:42:36, INFO: human number: 8
2025-04-15 16:42:36, INFO: running 382/3600 episode, simulation environment: no
2025-04-15 16:42:37, INFO: 382/3600 episode: Success! Total Reward: 20.56, R_dan: 4.9, R_goal: 10.0, R_col: 0, R_km: 3.25, R_col_wall: 0, R_wall_min_dist: -12.228, R_way_point_dist: 2.94, R_wp: 11.7, timeout: 0
2025-04-15 16:42:37, INFO: Path length: 72.2339464304474
2025-04-15 16:42:37, INFO: Path left: 0
2025-04-15 16:42:37, INFO: Actions: 98
2025-04-15 16:42:37, INFO: Coordinates: -8.48644938133657 30.50919485837221
2025-04-15 16:42:37, INFO: Stops times: 3

2025-04-15 16:42:39, INFO: human number: 8
2025-04-15 16:42:40, INFO: running 383/3600 episode, simulation environment: circle_crossing
2025-04-15 16:42:40, INFO: 383/3600 episode: Collision! Total Reward: -22.293, R_dan: 1.17, R_goal: 0, R_col: -25.0, R_km: 1.25, R_col_wall: 0, R_wall_min_dist: -1.011, R_way_point_dist: 0.75, R_wp: 0.54, timeout: 0
2025-04-15 16:42:40, INFO: Path length: 13.436234993062532
2025-04-15 16:42:40, INFO: Path left: 66.19008601245238
2025-04-15 16:42:40, INFO: Actions: 25
2025-04-15 16:42:40, INFO: Coordinates: -3.598644882440567 -7.48639128357172
2025-04-15 16:42:40, INFO: Stops times: 0

2025-04-15 16:42:42, INFO: human number: 8
2025-04-15 16:42:43, INFO: running 384/3600 episode, simulation environment: circle_static
2025-04-15 16:42:43, INFO: 384/3600 episode: Collision! Total Reward: -34.049, R_dan: 1.49, R_goal: 0, R_col: -25.0, R_km: -14.0, R_col_wall: 0, R_wall_min_dist: -1.714, R_way_point_dist: 2.31, R_wp: 2.85, timeout: 0
2025-04-15 16:42:43, INFO: Path length: 36.40758590554073
2025-04-15 16:42:43, INFO: Path left: 44.31681797214631
2025-04-15 16:42:43, INFO: Actions: 105
2025-04-15 16:42:43, INFO: Coordinates: -3.5411230507306755 7.832637230865657
2025-04-15 16:42:43, INFO: Stops times: 2

2025-04-15 16:42:46, INFO: human number: 8
2025-04-15 16:42:46, INFO: running 385/3600 episode, simulation environment: no
2025-04-15 16:42:46, INFO: 385/3600 episode: Success! Total Reward: 20.56, R_dan: 4.9, R_goal: 10.0, R_col: 0, R_km: 3.25, R_col_wall: 0, R_wall_min_dist: -12.228, R_way_point_dist: 2.94, R_wp: 11.7, timeout: 0
2025-04-15 16:42:46, INFO: Path length: 72.2339464304474
2025-04-15 16:42:46, INFO: Path left: 0
2025-04-15 16:42:46, INFO: Actions: 98
2025-04-15 16:42:46, INFO: Coordinates: -8.48644938133657 30.50919485837221
2025-04-15 16:42:46, INFO: Stops times: 3

2025-04-15 16:42:48, INFO: human number: 8
2025-04-15 16:42:49, INFO: running 386/3600 episode, simulation environment: circle_crossing
2025-04-15 16:42:50, INFO: 386/3600 episode: Collision! Total Reward: -14.968, R_dan: 3.59, R_goal: 0, R_col: -25.0, R_km: 1.0, R_col_wall: 0, R_wall_min_dist: -0.208, R_way_point_dist: 2.18, R_wp: 3.465, timeout: 0
2025-04-15 16:42:50, INFO: Path length: 38.150994671353565
2025-04-15 16:42:50, INFO: Path left: 40.05882297064285
2025-04-15 16:42:50, INFO: Actions: 75
2025-04-15 16:42:50, INFO: Coordinates: -0.35987967997789383 10.470749730244279
2025-04-15 16:42:50, INFO: Stops times: 2

2025-04-15 16:42:52, INFO: human number: 8
2025-04-15 16:42:53, INFO: running 387/3600 episode, simulation environment: circle_static
2025-04-15 16:42:53, INFO: 387/3600 episode: Success! Total Reward: 35.692, R_dan: 7.79, R_goal: 10.0, R_col: 0, R_km: 2.85, R_col_wall: 0, R_wall_min_dist: -0.902, R_way_point_dist: 4.24, R_wp: 11.7, timeout: 0
2025-04-15 16:42:53, INFO: Path length: 88.22912461285011
2025-04-15 16:42:53, INFO: Path left: 0
2025-04-15 16:42:53, INFO: Actions: 167
2025-04-15 16:42:53, INFO: Coordinates: -10.858027784153819 31.409033538773656
2025-04-15 16:42:53, INFO: Stops times: 1

2025-04-15 16:42:56, INFO: human number: 8
2025-04-15 16:42:56, INFO: running 388/3600 episode, simulation environment: no
2025-04-15 16:42:56, INFO: 388/3600 episode: Success! Total Reward: 20.56, R_dan: 4.9, R_goal: 10.0, R_col: 0, R_km: 3.25, R_col_wall: 0, R_wall_min_dist: -12.228, R_way_point_dist: 2.94, R_wp: 11.7, timeout: 0
2025-04-15 16:42:56, INFO: Path length: 72.2339464304474
2025-04-15 16:42:56, INFO: Path left: 0
2025-04-15 16:42:56, INFO: Actions: 98
2025-04-15 16:42:56, INFO: Coordinates: -8.48644938133657 30.50919485837221
2025-04-15 16:42:56, INFO: Stops times: 3

2025-04-15 16:42:59, INFO: human number: 8
2025-04-15 16:42:59, INFO: running 389/3600 episode, simulation environment: circle_crossing
2025-04-15 16:43:00, INFO: 389/3600 episode: Collision! Total Reward: -25.098, R_dan: 0.55, R_goal: 0, R_col: -25.0, R_km: 0.65, R_col_wall: 0, R_wall_min_dist: -3.345, R_way_point_dist: 1.05, R_wp: 0.99, timeout: 0
2025-04-15 16:43:00, INFO: Path length: 16.91688063458429
2025-04-15 16:43:00, INFO: Path left: 61.72888331218929
2025-04-15 16:43:00, INFO: Actions: 35
2025-04-15 16:43:00, INFO: Coordinates: -6.358592517673969 -5.1218384727835655
2025-04-15 16:43:00, INFO: Stops times: 0

2025-04-15 16:43:02, INFO: human number: 8
2025-04-15 16:43:02, INFO: running 390/3600 episode, simulation environment: circle_static
2025-04-15 16:43:03, INFO: 390/3600 episode: Collision! Total Reward: -20.667, R_dan: 3.12, R_goal: 0, R_col: -25.0, R_km: 1.55, R_col_wall: 0, R_wall_min_dist: -5.73, R_way_point_dist: 1.92, R_wp: 3.465, timeout: 0
2025-04-15 16:43:03, INFO: Path length: 36.148422114945056
2025-04-15 16:43:03, INFO: Path left: 39.99687916452425
2025-04-15 16:43:03, INFO: Actions: 64
2025-04-15 16:43:03, INFO: Coordinates: -0.2294465396553278 10.292461189441383
2025-04-15 16:43:03, INFO: Stops times: 1

2025-04-15 16:43:05, INFO: human number: 8
2025-04-15 16:43:05, INFO: running 391/3600 episode, simulation environment: no
2025-04-15 16:43:06, INFO: 391/3600 episode: Success! Total Reward: 20.56, R_dan: 4.9, R_goal: 10.0, R_col: 0, R_km: 3.25, R_col_wall: 0, R_wall_min_dist: -12.228, R_way_point_dist: 2.94, R_wp: 11.7, timeout: 0
2025-04-15 16:43:06, INFO: Path length: 72.2339464304474
2025-04-15 16:43:06, INFO: Path left: 0
2025-04-15 16:43:06, INFO: Actions: 98
2025-04-15 16:43:06, INFO: Coordinates: -8.48644938133657 30.50919485837221
2025-04-15 16:43:06, INFO: Stops times: 3

2025-04-15 16:43:08, INFO: human number: 8
2025-04-15 16:43:09, INFO: running 392/3600 episode, simulation environment: circle_crossing
2025-04-15 16:43:09, INFO: 392/3600 episode: Success! Total Reward: 34.454, R_dan: 6.95, R_goal: 10.0, R_col: 0, R_km: 3.65, R_col_wall: 0, R_wall_min_dist: -2.037, R_way_point_dist: 4.17, R_wp: 11.7, timeout: 0
2025-04-15 16:43:09, INFO: Path length: 77.32195919289785
2025-04-15 16:43:09, INFO: Path left: 0
2025-04-15 16:43:09, INFO: Actions: 139
2025-04-15 16:43:09, INFO: Coordinates: -9.133961041457951 31.237303695641458
2025-04-15 16:43:09, INFO: Stops times: 0

2025-04-15 16:43:12, INFO: human number: 8
2025-04-15 16:43:12, INFO: running 393/3600 episode, simulation environment: circle_static
2025-04-15 16:43:13, INFO: 393/3600 episode: Success! Total Reward: 35.686, R_dan: 8.2, R_goal: 10.0, R_col: 0, R_km: 4.75, R_col_wall: 0, R_wall_min_dist: -3.6, R_way_point_dist: 4.6, R_wp: 11.7, timeout: 0
2025-04-15 16:43:13, INFO: Path length: 85.7100172554338
2025-04-15 16:43:13, INFO: Path left: 0
2025-04-15 16:43:13, INFO: Actions: 172
2025-04-15 16:43:13, INFO: Coordinates: -9.489680523052812 30.754147752188146
2025-04-15 16:43:13, INFO: Stops times: 0

2025-04-15 16:43:16, INFO: human number: 8
2025-04-15 16:43:16, INFO: running 394/3600 episode, simulation environment: no
2025-04-15 16:43:16, INFO: 394/3600 episode: Success! Total Reward: 20.56, R_dan: 4.9, R_goal: 10.0, R_col: 0, R_km: 3.25, R_col_wall: 0, R_wall_min_dist: -12.228, R_way_point_dist: 2.94, R_wp: 11.7, timeout: 0
2025-04-15 16:43:16, INFO: Path length: 72.2339464304474
2025-04-15 16:43:16, INFO: Path left: 0
2025-04-15 16:43:16, INFO: Actions: 98
2025-04-15 16:43:16, INFO: Coordinates: -8.48644938133657 30.50919485837221
2025-04-15 16:43:16, INFO: Stops times: 3

2025-04-15 16:43:18, INFO: human number: 8
2025-04-15 16:43:19, INFO: running 395/3600 episode, simulation environment: circle_crossing
2025-04-15 16:43:19, INFO: 395/3600 episode: Collision! Total Reward: -23.874, R_dan: 0.24, R_goal: 0, R_col: -25.0, R_km: 0.4, R_col_wall: 0, R_wall_min_dist: 0.017, R_way_point_dist: 0.24, R_wp: 0.225, timeout: 0
2025-04-15 16:43:19, INFO: Path length: 8.309853012542865
2025-04-15 16:43:19, INFO: Path left: 72.7492928304539
2025-04-15 16:43:19, INFO: Actions: 8
2025-04-15 16:43:19, INFO: Coordinates: 2.18972148001194 -9.011095508933067
2025-04-15 16:43:19, INFO: Stops times: 0

2025-04-15 16:43:22, INFO: human number: 8
2025-04-15 16:43:22, INFO: running 396/3600 episode, simulation environment: circle_static
2025-04-15 16:43:22, INFO: 396/3600 episode: Collision! Total Reward: -23.151, R_dan: 0.89, R_goal: 0, R_col: -25.0, R_km: 1.05, R_col_wall: 0, R_wall_min_dist: -1.268, R_way_point_dist: 0.63, R_wp: 0.54, timeout: 0
2025-04-15 16:43:22, INFO: Path length: 14.139420165934027
2025-04-15 16:43:22, INFO: Path left: 65.86728724948152
2025-04-15 16:43:22, INFO: Actions: 21
2025-04-15 16:43:22, INFO: Coordinates: -3.7148680686950684 -6.740658283233643
2025-04-15 16:43:22, INFO: Stops times: 0

2025-04-15 16:43:25, INFO: human number: 8
2025-04-15 16:43:25, INFO: running 397/3600 episode, simulation environment: no
2025-04-15 16:43:25, INFO: 397/3600 episode: Success! Total Reward: 20.56, R_dan: 4.9, R_goal: 10.0, R_col: 0, R_km: 3.25, R_col_wall: 0, R_wall_min_dist: -12.228, R_way_point_dist: 2.94, R_wp: 11.7, timeout: 0
2025-04-15 16:43:25, INFO: Path length: 72.2339464304474
2025-04-15 16:43:25, INFO: Path left: 0
2025-04-15 16:43:25, INFO: Actions: 98
2025-04-15 16:43:25, INFO: Coordinates: -8.48644938133657 30.50919485837221
2025-04-15 16:43:25, INFO: Stops times: 3

2025-04-15 16:43:27, INFO: human number: 8
2025-04-15 16:43:28, INFO: running 398/3600 episode, simulation environment: circle_crossing
2025-04-15 16:43:29, INFO: 398/3600 episode: Success! Total Reward: 36.323, R_dan: 6.52, R_goal: 10.0, R_col: 0, R_km: 5.35, R_col_wall: 0, R_wall_min_dist: -1.47, R_way_point_dist: 4.2, R_wp: 11.7, timeout: 0
2025-04-15 16:43:29, INFO: Path length: 78.42624006788272
2025-04-15 16:43:29, INFO: Path left: 0
2025-04-15 16:43:29, INFO: Actions: 140
2025-04-15 16:43:29, INFO: Coordinates: -8.726387660950422 31.02953924331814
2025-04-15 16:43:29, INFO: Stops times: 1

2025-04-15 16:43:31, INFO: human number: 8
2025-04-15 16:43:32, INFO: running 399/3600 episode, simulation environment: circle_static
2025-04-15 16:43:33, INFO: 399/3600 episode: Timeout! Total Reward: -46.23, R_dan: 11.09, R_goal: 0, R_col: 0, R_km: -34.45, R_col_wall: 0, R_wall_min_dist: -16.754, R_way_point_dist: 7.15, R_wp: 11.7, timeout: -25
2025-04-15 16:43:33, INFO: Path length: 96.17215711865497
2025-04-15 16:43:33, INFO: Path left: 3.4181219935417175
2025-04-15 16:43:33, INFO: Actions: 257
2025-04-15 16:43:33, INFO: Coordinates: -10.000000013038516 27.081878006458282
2025-04-15 16:43:33, INFO: Stops times: 36

2025-04-15 16:43:35, INFO: human number: 8
2025-04-15 16:43:35, INFO: running 400/3600 episode, simulation environment: no
2025-04-15 16:43:35, INFO: 400/3600 episode: Success! Total Reward: 20.56, R_dan: 4.9, R_goal: 10.0, R_col: 0, R_km: 3.25, R_col_wall: 0, R_wall_min_dist: -12.228, R_way_point_dist: 2.94, R_wp: 11.7, timeout: 0
2025-04-15 16:43:35, INFO: Path length: 72.2339464304474
2025-04-15 16:43:35, INFO: Path left: 0
2025-04-15 16:43:35, INFO: Actions: 98
2025-04-15 16:43:35, INFO: Coordinates: -8.48644938133657 30.50919485837221
2025-04-15 16:43:35, INFO: Stops times: 3

2025-04-15 16:43:38, INFO: human number: 8
2025-04-15 16:43:38, INFO: running 401/3600 episode, simulation environment: circle_crossing
2025-04-15 16:43:39, INFO: 401/3600 episode: Collision! Total Reward: -23.405, R_dan: 0.59, R_goal: 0, R_col: -25.0, R_km: 0.2, R_col_wall: 0, R_wall_min_dist: 0.033, R_way_point_dist: 0.45, R_wp: 0.315, timeout: 0
2025-04-15 16:43:39, INFO: Path length: 9.345957596142242
2025-04-15 16:43:39, INFO: Path left: 70.97321725835847
2025-04-15 16:43:39, INFO: Actions: 15
2025-04-15 16:43:39, INFO: Coordinates: 0.4947151392698288 -9.178887533023953
2025-04-15 16:43:39, INFO: Stops times: 1

2025-04-15 16:43:41, INFO: human number: 8
2025-04-15 16:43:41, INFO: running 402/3600 episode, simulation environment: circle_static
2025-04-15 16:43:42, INFO: 402/3600 episode: Success! Total Reward: 30.232, R_dan: 7.23, R_goal: 10.0, R_col: 0, R_km: 2.6, R_col_wall: 0, R_wall_min_dist: -5.842, R_way_point_dist: 4.53, R_wp: 11.7, timeout: 0
2025-04-15 16:43:42, INFO: Path length: 76.58528526341654
2025-04-15 16:43:42, INFO: Path left: 0
2025-04-15 16:43:42, INFO: Actions: 151
2025-04-15 16:43:42, INFO: Coordinates: -9.500879812636413 30.725499387830496
2025-04-15 16:43:42, INFO: Stops times: 3

2025-04-15 16:43:45, INFO: human number: 8
2025-04-15 16:43:45, INFO: running 403/3600 episode, simulation environment: no
2025-04-15 16:43:45, INFO: 403/3600 episode: Success! Total Reward: 20.56, R_dan: 4.9, R_goal: 10.0, R_col: 0, R_km: 3.25, R_col_wall: 0, R_wall_min_dist: -12.228, R_way_point_dist: 2.94, R_wp: 11.7, timeout: 0
2025-04-15 16:43:45, INFO: Path length: 72.2339464304474
2025-04-15 16:43:45, INFO: Path left: 0
2025-04-15 16:43:45, INFO: Actions: 98
2025-04-15 16:43:45, INFO: Coordinates: -8.48644938133657 30.50919485837221
2025-04-15 16:43:45, INFO: Stops times: 3

2025-04-15 16:43:47, INFO: human number: 8
2025-04-15 16:43:48, INFO: running 404/3600 episode, simulation environment: circle_crossing
2025-04-15 16:43:49, INFO: 404/3600 episode: Collision! Total Reward: -18.643, R_dan: 1.64, R_goal: 0, R_col: -25.0, R_km: 2.05, R_col_wall: 0, R_wall_min_dist: -0.268, R_way_point_dist: 1.56, R_wp: 1.365, timeout: 0
2025-04-15 16:43:49, INFO: Path length: 23.724756205298576
2025-04-15 16:43:49, INFO: Path left: 56.68388772838328
2025-04-15 16:43:49, INFO: Actions: 52
2025-04-15 16:43:49, INFO: Coordinates: -8.58728301897645 -0.9570548143237829
2025-04-15 16:43:49, INFO: Stops times: 1

2025-04-15 16:43:51, INFO: human number: 8
2025-04-15 16:43:51, INFO: running 405/3600 episode, simulation environment: circle_static
2025-04-15 16:43:52, INFO: 405/3600 episode: Collision! Total Reward: -25.151, R_dan: 0.36, R_goal: 0, R_col: -25.0, R_km: -1.05, R_col_wall: 0, R_wall_min_dist: 0.026, R_way_point_dist: 0.36, R_wp: 0.15, timeout: 0
2025-04-15 16:43:52, INFO: Path length: 5.077927422560253
2025-04-15 16:43:52, INFO: Path left: 75.13072875936531
2025-04-15 16:43:52, INFO: Actions: 12
2025-04-15 16:43:52, INFO: Coordinates: 4.507675662636757 -10.275362399406731
2025-04-15 16:43:52, INFO: Stops times: 0

2025-04-15 16:43:54, INFO: human number: 8
2025-04-15 16:43:54, INFO: running 406/3600 episode, simulation environment: no
2025-04-15 16:43:54, INFO: 406/3600 episode: Success! Total Reward: 20.56, R_dan: 4.9, R_goal: 10.0, R_col: 0, R_km: 3.25, R_col_wall: 0, R_wall_min_dist: -12.228, R_way_point_dist: 2.94, R_wp: 11.7, timeout: 0
2025-04-15 16:43:54, INFO: Path length: 72.2339464304474
2025-04-15 16:43:54, INFO: Path left: 0
2025-04-15 16:43:54, INFO: Actions: 98
2025-04-15 16:43:54, INFO: Coordinates: -8.48644938133657 30.50919485837221
2025-04-15 16:43:54, INFO: Stops times: 3

2025-04-15 16:43:57, INFO: human number: 8
2025-04-15 16:43:57, INFO: running 407/3600 episode, simulation environment: circle_crossing
2025-04-15 16:43:58, INFO: 407/3600 episode: Success! Total Reward: 36.386, R_dan: 6.93, R_goal: 10.0, R_col: 0, R_km: 6.7, R_col_wall: 0, R_wall_min_dist: -3.32, R_way_point_dist: 4.35, R_wp: 11.7, timeout: 0
2025-04-15 16:43:58, INFO: Path length: 77.27924598920225
2025-04-15 16:43:58, INFO: Path left: 0
2025-04-15 16:43:58, INFO: Actions: 145
2025-04-15 16:43:58, INFO: Coordinates: -9.314388397848234 30.824369525536895
2025-04-15 16:43:58, INFO: Stops times: 0

2025-04-15 16:44:00, INFO: human number: 8
2025-04-15 16:44:01, INFO: running 408/3600 episode, simulation environment: circle_static
2025-04-15 16:44:01, INFO: 408/3600 episode: Collision! Total Reward: -24.378, R_dan: 0.51, R_goal: 0, R_col: -25.0, R_km: 0.2, R_col_wall: 0, R_wall_min_dist: -1.366, R_way_point_dist: 0.45, R_wp: 0.825, timeout: 0
2025-04-15 16:44:01, INFO: Path length: 15.690296618366983
2025-04-15 16:44:01, INFO: Path left: 62.90216308284156
2025-04-15 16:44:01, INFO: Actions: 15
2025-04-15 16:44:01, INFO: Coordinates: -5.833879828453064 -5.89777435362339
2025-04-15 16:44:01, INFO: Stops times: 1

2025-04-15 16:44:04, INFO: human number: 8
2025-04-15 16:44:04, INFO: running 409/3600 episode, simulation environment: no
2025-04-15 16:44:04, INFO: 409/3600 episode: Success! Total Reward: 20.56, R_dan: 4.9, R_goal: 10.0, R_col: 0, R_km: 3.25, R_col_wall: 0, R_wall_min_dist: -12.228, R_way_point_dist: 2.94, R_wp: 11.7, timeout: 0
2025-04-15 16:44:04, INFO: Path length: 72.2339464304474
2025-04-15 16:44:04, INFO: Path left: 0
2025-04-15 16:44:04, INFO: Actions: 98
2025-04-15 16:44:04, INFO: Coordinates: -8.48644938133657 30.50919485837221
2025-04-15 16:44:04, INFO: Stops times: 3

2025-04-15 16:44:06, INFO: human number: 8
2025-04-15 16:44:07, INFO: running 410/3600 episode, simulation environment: circle_crossing
2025-04-15 16:44:07, INFO: 410/3600 episode: Collision! Total Reward: -23.34, R_dan: 0.5, R_goal: 0, R_col: -25.0, R_km: 0.35, R_col_wall: 0, R_wall_min_dist: 0.041, R_way_point_dist: 0.54, R_wp: 0.225, timeout: 0
2025-04-15 16:44:07, INFO: Path length: 8.206519349900335
2025-04-15 16:44:07, INFO: Path left: 71.93964213878105
2025-04-15 16:44:07, INFO: Actions: 18
2025-04-15 16:44:07, INFO: Coordinates: 1.373324193060398 -9.638588046655059
2025-04-15 16:44:07, INFO: Stops times: 0

2025-04-15 16:44:10, INFO: human number: 8
2025-04-15 16:44:10, INFO: running 411/3600 episode, simulation environment: circle_static
2025-04-15 16:44:10, INFO: 411/3600 episode: Collision! Total Reward: -23.769, R_dan: 0.29, R_goal: 0, R_col: -25.0, R_km: 0.45, R_col_wall: 0, R_wall_min_dist: -0.008, R_way_point_dist: 0.27, R_wp: 0.225, timeout: 0
2025-04-15 16:44:10, INFO: Path length: 8.119549164715332
2025-04-15 16:44:10, INFO: Path left: 73.02940034644797
2025-04-15 16:44:10, INFO: Actions: 9
2025-04-15 16:44:10, INFO: Coordinates: 2.4611644372344017 -8.89009054005146
2025-04-15 16:44:10, INFO: Stops times: 0

2025-04-15 16:44:13, INFO: human number: 8
2025-04-15 16:44:13, INFO: running 412/3600 episode, simulation environment: no
2025-04-15 16:44:13, INFO: 412/3600 episode: Success! Total Reward: 20.56, R_dan: 4.9, R_goal: 10.0, R_col: 0, R_km: 3.25, R_col_wall: 0, R_wall_min_dist: -12.228, R_way_point_dist: 2.94, R_wp: 11.7, timeout: 0
2025-04-15 16:44:13, INFO: Path length: 72.2339464304474
2025-04-15 16:44:13, INFO: Path left: 0
2025-04-15 16:44:13, INFO: Actions: 98
2025-04-15 16:44:13, INFO: Coordinates: -8.48644938133657 30.50919485837221
2025-04-15 16:44:13, INFO: Stops times: 3

2025-04-15 16:44:15, INFO: human number: 8
2025-04-15 16:44:16, INFO: running 413/3600 episode, simulation environment: circle_crossing
2025-04-15 16:44:16, INFO: 413/3600 episode: Collision! Total Reward: -19.116, R_dan: 2.55, R_goal: 0, R_col: -25.0, R_km: 2.95, R_col_wall: 0, R_wall_min_dist: -4.858, R_way_point_dist: 1.77, R_wp: 3.465, timeout: 0
2025-04-15 16:44:16, INFO: Path length: 37.242542073120994
2025-04-15 16:44:16, INFO: Path left: 40.72780384949518
2025-04-15 16:44:16, INFO: Actions: 59
2025-04-15 16:44:16, INFO: Coordinates: -0.9813690693117678 10.220445111393929
2025-04-15 16:44:16, INFO: Stops times: 0

2025-04-15 16:44:19, INFO: human number: 8
2025-04-15 16:44:19, INFO: running 414/3600 episode, simulation environment: circle_static
2025-04-15 16:44:20, INFO: 414/3600 episode: Collision! Total Reward: -25.455, R_dan: 0.49, R_goal: 0, R_col: -25.0, R_km: -1.0, R_col_wall: 0, R_wall_min_dist: -0.584, R_way_point_dist: 0.32, R_wp: 0.315, timeout: 0
2025-04-15 16:44:20, INFO: Path length: 8.887185224706293
2025-04-15 16:44:20, INFO: Path left: 71.30119363883469
2025-04-15 16:44:20, INFO: Actions: 13
2025-04-15 16:44:20, INFO: Coordinates: 0.827733725309372 -8.254189666360617
2025-04-15 16:44:20, INFO: Stops times: 1

2025-04-15 16:44:22, INFO: human number: 8
2025-04-15 16:44:22, INFO: running 415/3600 episode, simulation environment: no
2025-04-15 16:44:22, INFO: 415/3600 episode: Success! Total Reward: 20.56, R_dan: 4.9, R_goal: 10.0, R_col: 0, R_km: 3.25, R_col_wall: 0, R_wall_min_dist: -12.228, R_way_point_dist: 2.94, R_wp: 11.7, timeout: 0
2025-04-15 16:44:22, INFO: Path length: 72.2339464304474
2025-04-15 16:44:22, INFO: Path left: 0
2025-04-15 16:44:22, INFO: Actions: 98
2025-04-15 16:44:22, INFO: Coordinates: -8.48644938133657 30.50919485837221
2025-04-15 16:44:22, INFO: Stops times: 3

2025-04-15 16:44:25, INFO: human number: 8
2025-04-15 16:44:25, INFO: running 416/3600 episode, simulation environment: circle_crossing
2025-04-15 16:44:26, INFO: 416/3600 episode: Success! Total Reward: 31.702, R_dan: 7.4, R_goal: 10.0, R_col: 0, R_km: 3.0, R_col_wall: 0, R_wall_min_dist: -4.717, R_way_point_dist: 4.3, R_wp: 11.7, timeout: 0
2025-04-15 16:44:26, INFO: Path length: 77.84736689343725
2025-04-15 16:44:26, INFO: Path left: 0
2025-04-15 16:44:26, INFO: Actions: 148
2025-04-15 16:44:26, INFO: Coordinates: -10.024873160524294 31.575206760317087
2025-04-15 16:44:26, INFO: Stops times: 1

2025-04-15 16:44:28, INFO: human number: 8
2025-04-15 16:44:29, INFO: running 417/3600 episode, simulation environment: circle_static
2025-04-15 16:44:30, INFO: 417/3600 episode: Timeout! Total Reward: -43.46, R_dan: 7.01, R_goal: 0, R_col: 0, R_km: -37.75, R_col_wall: 0, R_wall_min_dist: -6.602, R_way_point_dist: 7.15, R_wp: 11.7, timeout: -25
2025-04-15 16:44:30, INFO: Path length: 89.57788082730833
2025-04-15 16:44:30, INFO: Path left: 3.4432328522880935
2025-04-15 16:44:30, INFO: Actions: 257
2025-04-15 16:44:30, INFO: Coordinates: -13.37055893894285 33.04656242672354
2025-04-15 16:44:30, INFO: Stops times: 2

2025-04-15 16:44:32, INFO: human number: 8
2025-04-15 16:44:32, INFO: running 418/3600 episode, simulation environment: no
2025-04-15 16:44:33, INFO: 418/3600 episode: Success! Total Reward: 20.56, R_dan: 4.9, R_goal: 10.0, R_col: 0, R_km: 3.25, R_col_wall: 0, R_wall_min_dist: -12.228, R_way_point_dist: 2.94, R_wp: 11.7, timeout: 0
2025-04-15 16:44:33, INFO: Path length: 72.2339464304474
2025-04-15 16:44:33, INFO: Path left: 0
2025-04-15 16:44:33, INFO: Actions: 98
2025-04-15 16:44:33, INFO: Coordinates: -8.48644938133657 30.50919485837221
2025-04-15 16:44:33, INFO: Stops times: 3

2025-04-15 16:44:35, INFO: human number: 8
2025-04-15 16:44:36, INFO: running 419/3600 episode, simulation environment: circle_crossing
2025-04-15 16:44:36, INFO: 419/3600 episode: Collision! Total Reward: -24.572, R_dan: 0.47, R_goal: 0, R_col: -25.0, R_km: -0.55, R_col_wall: 0, R_wall_min_dist: 0.024, R_way_point_dist: 0.33, R_wp: 0.15, timeout: 0
2025-04-15 16:44:36, INFO: Path length: 5.328728719792396
2025-04-15 16:44:36, INFO: Path left: 75.06225993827154
2025-04-15 16:44:36, INFO: Actions: 11
2025-04-15 16:44:36, INFO: Coordinates: 4.463732063770294 -10.099681816995144
2025-04-15 16:44:36, INFO: Stops times: 1

2025-04-15 16:44:38, INFO: human number: 8
2025-04-15 16:44:39, INFO: running 420/3600 episode, simulation environment: circle_static
2025-04-15 16:44:39, INFO: 420/3600 episode: Success! Total Reward: 32.394, R_dan: 7.05, R_goal: 10.0, R_col: 0, R_km: 3.2, R_col_wall: 0, R_wall_min_dist: -3.804, R_way_point_dist: 4.23, R_wp: 11.7, timeout: 0
2025-04-15 16:44:39, INFO: Path length: 76.72578511338465
2025-04-15 16:44:39, INFO: Path left: 0
2025-04-15 16:44:39, INFO: Actions: 141
2025-04-15 16:44:39, INFO: Coordinates: -8.676967062987387 30.963092532008886
2025-04-15 16:44:39, INFO: Stops times: 1

2025-04-15 16:44:42, INFO: human number: 8
2025-04-15 16:44:42, INFO: running 421/3600 episode, simulation environment: no
2025-04-15 16:44:42, INFO: 421/3600 episode: Success! Total Reward: 20.56, R_dan: 4.9, R_goal: 10.0, R_col: 0, R_km: 3.25, R_col_wall: 0, R_wall_min_dist: -12.228, R_way_point_dist: 2.94, R_wp: 11.7, timeout: 0
2025-04-15 16:44:42, INFO: Path length: 72.2339464304474
2025-04-15 16:44:42, INFO: Path left: 0
2025-04-15 16:44:42, INFO: Actions: 98
2025-04-15 16:44:42, INFO: Coordinates: -8.48644938133657 30.50919485837221
2025-04-15 16:44:42, INFO: Stops times: 3

2025-04-15 16:44:44, INFO: human number: 8
2025-04-15 16:44:45, INFO: running 422/3600 episode, simulation environment: circle_crossing
2025-04-15 16:44:46, INFO: 422/3600 episode: Success! Total Reward: 34.034, R_dan: 6.27, R_goal: 10.0, R_col: 0, R_km: 4.8, R_col_wall: 0, R_wall_min_dist: -2.722, R_way_point_dist: 3.97, R_wp: 11.7, timeout: 0
2025-04-15 16:44:46, INFO: Path length: 84.84205871680142
2025-04-15 16:44:46, INFO: Path left: 0
2025-04-15 16:44:46, INFO: Actions: 151
2025-04-15 16:44:46, INFO: Coordinates: -11.023986264131963 30.88986619282514
2025-04-15 16:44:46, INFO: Stops times: 1

2025-04-15 16:44:48, INFO: human number: 8
2025-04-15 16:44:49, INFO: running 423/3600 episode, simulation environment: circle_static
2025-04-15 16:44:50, INFO: 423/3600 episode: Success! Total Reward: 33.856, R_dan: 6.9, R_goal: 10.0, R_col: 0, R_km: 4.55, R_col_wall: 0, R_wall_min_dist: -3.706, R_way_point_dist: 4.38, R_wp: 11.7, timeout: 0
2025-04-15 16:44:50, INFO: Path length: 76.95766309562451
2025-04-15 16:44:50, INFO: Path left: 0
2025-04-15 16:44:50, INFO: Actions: 146
2025-04-15 16:44:50, INFO: Coordinates: -8.713107896968722 30.74680596590042
2025-04-15 16:44:50, INFO: Stops times: 0

2025-04-15 16:44:52, INFO: human number: 8
2025-04-15 16:44:52, INFO: running 424/3600 episode, simulation environment: no
2025-04-15 16:44:52, INFO: 424/3600 episode: Success! Total Reward: 20.56, R_dan: 4.9, R_goal: 10.0, R_col: 0, R_km: 3.25, R_col_wall: 0, R_wall_min_dist: -12.228, R_way_point_dist: 2.94, R_wp: 11.7, timeout: 0
2025-04-15 16:44:52, INFO: Path length: 72.2339464304474
2025-04-15 16:44:52, INFO: Path left: 0
2025-04-15 16:44:52, INFO: Actions: 98
2025-04-15 16:44:52, INFO: Coordinates: -8.48644938133657 30.50919485837221
2025-04-15 16:44:52, INFO: Stops times: 3

2025-04-15 16:44:55, INFO: human number: 8
2025-04-15 16:44:55, INFO: running 425/3600 episode, simulation environment: circle_crossing
2025-04-15 16:44:56, INFO: 425/3600 episode: Collision! Total Reward: -23.34, R_dan: 0.5, R_goal: 0, R_col: -25.0, R_km: 0.2, R_col_wall: 0, R_wall_min_dist: -0.247, R_way_point_dist: 0.78, R_wp: 0.42, timeout: 0
2025-04-15 16:44:56, INFO: Path length: 12.235843190607085
2025-04-15 16:44:56, INFO: Path left: 67.9283926586148
2025-04-15 16:44:56, INFO: Actions: 26
2025-04-15 16:44:56, INFO: Coordinates: -2.2815385460853577 -8.279844649136066
2025-04-15 16:44:56, INFO: Stops times: 0

2025-04-15 16:44:58, INFO: human number: 8
2025-04-15 16:44:59, INFO: running 426/3600 episode, simulation environment: circle_static
2025-04-15 16:44:59, INFO: 426/3600 episode: Collision! Total Reward: -21.881, R_dan: 1.51, R_goal: 0, R_col: -25.0, R_km: 1.75, R_col_wall: 0, R_wall_min_dist: -2.37, R_way_point_dist: 1.05, R_wp: 1.17, timeout: 0
2025-04-15 16:44:59, INFO: Path length: 20.81893653968861
2025-04-15 16:44:59, INFO: Path left: 58.29132844769098
2025-04-15 16:44:59, INFO: Actions: 35
2025-04-15 16:44:59, INFO: Coordinates: -7.490598529577255 -2.1055667772889137
2025-04-15 16:44:59, INFO: Stops times: 0

2025-04-15 16:45:01, INFO: human number: 8
2025-04-15 16:45:01, INFO: running 427/3600 episode, simulation environment: no
2025-04-15 16:45:02, INFO: 427/3600 episode: Success! Total Reward: 20.56, R_dan: 4.9, R_goal: 10.0, R_col: 0, R_km: 3.25, R_col_wall: 0, R_wall_min_dist: -12.228, R_way_point_dist: 2.94, R_wp: 11.7, timeout: 0
2025-04-15 16:45:02, INFO: Path length: 72.2339464304474
2025-04-15 16:45:02, INFO: Path left: 0
2025-04-15 16:45:02, INFO: Actions: 98
2025-04-15 16:45:02, INFO: Coordinates: -8.48644938133657 30.50919485837221
2025-04-15 16:45:02, INFO: Stops times: 3

2025-04-15 16:45:04, INFO: human number: 8
2025-04-15 16:45:05, INFO: running 428/3600 episode, simulation environment: circle_crossing
2025-04-15 16:45:05, INFO: 428/3600 episode: Success! Total Reward: 33.476, R_dan: 6.72, R_goal: 10.0, R_col: 0, R_km: 4.6, R_col_wall: 0, R_wall_min_dist: -3.358, R_way_point_dist: 3.8, R_wp: 11.7, timeout: 0
2025-04-15 16:45:05, INFO: Path length: 78.84565813044108
2025-04-15 16:45:05, INFO: Path left: 0
2025-04-15 16:45:05, INFO: Actions: 136
2025-04-15 16:45:05, INFO: Coordinates: -10.671412181574851 30.73903971281834
2025-04-15 16:45:05, INFO: Stops times: 1

2025-04-15 16:45:08, INFO: human number: 8
2025-04-15 16:45:08, INFO: running 429/3600 episode, simulation environment: circle_static
2025-04-15 16:45:09, INFO: 429/3600 episode: Collision! Total Reward: -6.315, R_dan: 5.41, R_goal: 0, R_col: -25.0, R_km: 4.55, R_col_wall: 0, R_wall_min_dist: -1.217, R_way_point_dist: 3.39, R_wp: 6.525, timeout: 0
2025-04-15 16:45:09, INFO: Path length: 54.92676506926104
2025-04-15 16:45:09, INFO: Path left: 24.326377745023624
2025-04-15 16:45:09, INFO: Actions: 113
2025-04-15 16:45:09, INFO: Coordinates: 8.498906563967466 20.66268982551992
2025-04-15 16:45:09, INFO: Stops times: 1

2025-04-15 16:45:11, INFO: human number: 8
2025-04-15 16:45:11, INFO: running 430/3600 episode, simulation environment: no
2025-04-15 16:45:12, INFO: 430/3600 episode: Success! Total Reward: 20.56, R_dan: 4.9, R_goal: 10.0, R_col: 0, R_km: 3.25, R_col_wall: 0, R_wall_min_dist: -12.228, R_way_point_dist: 2.94, R_wp: 11.7, timeout: 0
2025-04-15 16:45:12, INFO: Path length: 72.2339464304474
2025-04-15 16:45:12, INFO: Path left: 0
2025-04-15 16:45:12, INFO: Actions: 98
2025-04-15 16:45:12, INFO: Coordinates: -8.48644938133657 30.50919485837221
2025-04-15 16:45:12, INFO: Stops times: 3

2025-04-15 16:45:14, INFO: human number: 8
2025-04-15 16:45:15, INFO: running 431/3600 episode, simulation environment: circle_crossing
2025-04-15 16:45:15, INFO: 431/3600 episode: Collision! Total Reward: -23.844, R_dan: 0.37, R_goal: 0, R_col: -25.0, R_km: 0.45, R_col_wall: 0, R_wall_min_dist: -0.252, R_way_point_dist: 0.27, R_wp: 0.315, timeout: 0
2025-04-15 16:45:15, INFO: Path length: 10.023976004672766
2025-04-15 16:45:15, INFO: Path left: 70.9299441230672
2025-04-15 16:45:15, INFO: Actions: 9
2025-04-15 16:45:15, INFO: Coordinates: 0.4409739375114441 -8.136019006371498
2025-04-15 16:45:15, INFO: Stops times: 0

2025-04-15 16:45:17, INFO: human number: 8
2025-04-15 16:45:18, INFO: running 432/3600 episode, simulation environment: circle_static
2025-04-15 16:45:19, INFO: 432/3600 episode: Success! Total Reward: 28.572, R_dan: 8.08, R_goal: 10.0, R_col: 0, R_km: -4.8, R_col_wall: 0, R_wall_min_dist: -1.402, R_way_point_dist: 4.97, R_wp: 11.7, timeout: 0
2025-04-15 16:45:19, INFO: Path length: 80.08738334661929
2025-04-15 16:45:19, INFO: Path left: 0
2025-04-15 16:45:19, INFO: Actions: 168
2025-04-15 16:45:19, INFO: Coordinates: -9.750807839911431 30.472648896859027
2025-04-15 16:45:19, INFO: Stops times: 0

2025-04-15 16:45:21, INFO: human number: 8
2025-04-15 16:45:21, INFO: running 433/3600 episode, simulation environment: no
2025-04-15 16:45:21, INFO: 433/3600 episode: Success! Total Reward: 20.56, R_dan: 4.9, R_goal: 10.0, R_col: 0, R_km: 3.25, R_col_wall: 0, R_wall_min_dist: -12.228, R_way_point_dist: 2.94, R_wp: 11.7, timeout: 0
2025-04-15 16:45:21, INFO: Path length: 72.2339464304474
2025-04-15 16:45:21, INFO: Path left: 0
2025-04-15 16:45:21, INFO: Actions: 98
2025-04-15 16:45:21, INFO: Coordinates: -8.48644938133657 30.50919485837221
2025-04-15 16:45:21, INFO: Stops times: 3

2025-04-15 16:45:24, INFO: human number: 8
2025-04-15 16:45:24, INFO: running 434/3600 episode, simulation environment: circle_crossing
2025-04-15 16:45:25, INFO: 434/3600 episode: Collision! Total Reward: -25.404, R_dan: 0.57, R_goal: 0, R_col: -25.0, R_km: -1.55, R_col_wall: 0, R_wall_min_dist: 0.028, R_way_point_dist: 0.39, R_wp: 0.15, timeout: 0
2025-04-15 16:45:25, INFO: Path length: 5.838669069921614
2025-04-15 16:45:25, INFO: Path left: 75.12604550805352
2025-04-15 16:45:25, INFO: Actions: 13
2025-04-15 16:45:25, INFO: Coordinates: 4.5481113865971565 -9.093604788184166
2025-04-15 16:45:25, INFO: Stops times: 0

2025-04-15 16:45:27, INFO: human number: 8
2025-04-15 16:45:27, INFO: running 435/3600 episode, simulation environment: circle_static
2025-04-15 16:45:28, INFO: 435/3600 episode: Timeout! Total Reward: -142.673, R_dan: -0.75, R_goal: 0, R_col: 0, R_km: -91.1, R_col_wall: 0, R_wall_min_dist: -35.853, R_way_point_dist: 7.71, R_wp: 2.295, timeout: -25
2025-04-15 16:45:28, INFO: Path length: 34.0292434021519
2025-04-15 16:45:28, INFO: Path left: 47.53911862707305
2025-04-15 16:45:28, INFO: Actions: 257
2025-04-15 16:45:28, INFO: Coordinates: -7.812645963567775 10.501522309234133
2025-04-15 16:45:28, INFO: Stops times: 93

2025-04-15 16:45:31, INFO: human number: 8
2025-04-15 16:45:31, INFO: running 436/3600 episode, simulation environment: no
2025-04-15 16:45:31, INFO: 436/3600 episode: Success! Total Reward: 20.56, R_dan: 4.9, R_goal: 10.0, R_col: 0, R_km: 3.25, R_col_wall: 0, R_wall_min_dist: -12.228, R_way_point_dist: 2.94, R_wp: 11.7, timeout: 0
2025-04-15 16:45:31, INFO: Path length: 72.2339464304474
2025-04-15 16:45:31, INFO: Path left: 0
2025-04-15 16:45:31, INFO: Actions: 98
2025-04-15 16:45:31, INFO: Coordinates: -8.48644938133657 30.50919485837221
2025-04-15 16:45:31, INFO: Stops times: 3

2025-04-15 16:45:33, INFO: human number: 8
2025-04-15 16:45:34, INFO: running 437/3600 episode, simulation environment: circle_crossing
2025-04-15 16:45:35, INFO: 437/3600 episode: Success! Total Reward: 30.912, R_dan: 7.2, R_goal: 10.0, R_col: 0, R_km: 2.8, R_col_wall: 0, R_wall_min_dist: -4.972, R_way_point_dist: 4.18, R_wp: 11.7, timeout: 0
2025-04-15 16:45:35, INFO: Path length: 78.38375339531602
2025-04-15 16:45:35, INFO: Path left: 0
2025-04-15 16:45:35, INFO: Actions: 144
2025-04-15 16:45:35, INFO: Coordinates: -9.767508086748421 31.6023222329095
2025-04-15 16:45:35, INFO: Stops times: 1

2025-04-15 16:45:37, INFO: human number: 8
2025-04-15 16:45:38, INFO: running 438/3600 episode, simulation environment: circle_static
2025-04-15 16:45:39, INFO: 438/3600 episode: Success! Total Reward: 30.292, R_dan: 5.52, R_goal: 10.0, R_col: 0, R_km: -0.4, R_col_wall: 0, R_wall_min_dist: -1.238, R_way_point_dist: 4.69, R_wp: 11.7, timeout: 0
2025-04-15 16:45:39, INFO: Path length: 83.19501228034088
2025-04-15 16:45:39, INFO: Path left: 0
2025-04-15 16:45:39, INFO: Actions: 168
2025-04-15 16:45:39, INFO: Coordinates: -10.332396935671568 30.417557167820632
2025-04-15 16:45:39, INFO: Stops times: 0

2025-04-15 16:45:41, INFO: human number: 8
2025-04-15 16:45:41, INFO: running 439/3600 episode, simulation environment: no
2025-04-15 16:45:41, INFO: 439/3600 episode: Success! Total Reward: 20.56, R_dan: 4.9, R_goal: 10.0, R_col: 0, R_km: 3.25, R_col_wall: 0, R_wall_min_dist: -12.228, R_way_point_dist: 2.94, R_wp: 11.7, timeout: 0
2025-04-15 16:45:41, INFO: Path length: 72.2339464304474
2025-04-15 16:45:41, INFO: Path left: 0
2025-04-15 16:45:41, INFO: Actions: 98
2025-04-15 16:45:41, INFO: Coordinates: -8.48644938133657 30.50919485837221
2025-04-15 16:45:41, INFO: Stops times: 3

2025-04-15 16:45:44, INFO: human number: 8
2025-04-15 16:45:44, INFO: running 440/3600 episode, simulation environment: circle_crossing
2025-04-15 16:45:45, INFO: 440/3600 episode: Success! Total Reward: 36.16, R_dan: 6.36, R_goal: 10.0, R_col: 0, R_km: 5.2, R_col_wall: 0, R_wall_min_dist: -1.554, R_way_point_dist: 4.44, R_wp: 11.7, timeout: 0
2025-04-15 16:45:45, INFO: Path length: 77.66787186658033
2025-04-15 16:45:45, INFO: Path left: 0
2025-04-15 16:45:45, INFO: Actions: 148
2025-04-15 16:45:45, INFO: Coordinates: -8.849843407049775 31.307935987599194
2025-04-15 16:45:45, INFO: Stops times: 0

2025-04-15 16:45:48, INFO: human number: 8
2025-04-15 16:45:48, INFO: running 441/3600 episode, simulation environment: circle_static
2025-04-15 16:45:49, INFO: 441/3600 episode: Collision! Total Reward: -12.781, R_dan: 4.51, R_goal: 0, R_col: -25.0, R_km: 2.55, R_col_wall: 0, R_wall_min_dist: -2.969, R_way_point_dist: 2.85, R_wp: 5.265, timeout: 0
2025-04-15 16:45:49, INFO: Path length: 47.379706734510926
2025-04-15 16:45:49, INFO: Path left: 30.12661270751467
2025-04-15 16:45:49, INFO: Actions: 95
2025-04-15 16:45:49, INFO: Coordinates: 7.383335627615452 15.59118409641087
2025-04-15 16:45:49, INFO: Stops times: 1

2025-04-15 16:45:51, INFO: human number: 8
2025-04-15 16:45:51, INFO: running 442/3600 episode, simulation environment: no
2025-04-15 16:45:52, INFO: 442/3600 episode: Success! Total Reward: 20.56, R_dan: 4.9, R_goal: 10.0, R_col: 0, R_km: 3.25, R_col_wall: 0, R_wall_min_dist: -12.228, R_way_point_dist: 2.94, R_wp: 11.7, timeout: 0
2025-04-15 16:45:52, INFO: Path length: 72.2339464304474
2025-04-15 16:45:52, INFO: Path left: 0
2025-04-15 16:45:52, INFO: Actions: 98
2025-04-15 16:45:52, INFO: Coordinates: -8.48644938133657 30.50919485837221
2025-04-15 16:45:52, INFO: Stops times: 3

2025-04-15 16:45:54, INFO: human number: 8
2025-04-15 16:45:55, INFO: running 443/3600 episode, simulation environment: circle_crossing
2025-04-15 16:45:55, INFO: 443/3600 episode: Collision! Total Reward: -25.157, R_dan: 0.53, R_goal: 0, R_col: -25.0, R_km: -1.5, R_col_wall: 0, R_wall_min_dist: -0.365, R_way_point_dist: 0.75, R_wp: 0.42, timeout: 0
2025-04-15 16:45:55, INFO: Path length: 12.317545620117517
2025-04-15 16:45:55, INFO: Path left: 67.76436301266419
2025-04-15 16:45:55, INFO: Actions: 25
2025-04-15 16:45:55, INFO: Coordinates: -2.449019741266966 -8.280205946415663
2025-04-15 16:45:55, INFO: Stops times: 0

2025-04-15 16:45:57, INFO: human number: 8
2025-04-15 16:45:58, INFO: running 444/3600 episode, simulation environment: circle_static
2025-04-15 16:45:58, INFO: 444/3600 episode: Success! Total Reward: 23.24, R_dan: 5.46, R_goal: 10.0, R_col: 0, R_km: 3.35, R_col_wall: 0, R_wall_min_dist: -10.87, R_way_point_dist: 3.59, R_wp: 11.7, timeout: 0
2025-04-15 16:45:58, INFO: Path length: 74.54919584832038
2025-04-15 16:45:58, INFO: Path left: 0
2025-04-15 16:45:58, INFO: Actions: 122
2025-04-15 16:45:58, INFO: Coordinates: -9.829469330608845 30.433699533343315
2025-04-15 16:45:58, INFO: Stops times: 1

2025-04-15 16:46:01, INFO: human number: 8
2025-04-15 16:46:01, INFO: running 445/3600 episode, simulation environment: no
2025-04-15 16:46:01, INFO: 445/3600 episode: Success! Total Reward: 20.56, R_dan: 4.9, R_goal: 10.0, R_col: 0, R_km: 3.25, R_col_wall: 0, R_wall_min_dist: -12.228, R_way_point_dist: 2.94, R_wp: 11.7, timeout: 0
2025-04-15 16:46:01, INFO: Path length: 72.2339464304474
2025-04-15 16:46:01, INFO: Path left: 0
2025-04-15 16:46:01, INFO: Actions: 98
2025-04-15 16:46:01, INFO: Coordinates: -8.48644938133657 30.50919485837221
2025-04-15 16:46:01, INFO: Stops times: 3

2025-04-15 16:46:04, INFO: human number: 8
2025-04-15 16:46:04, INFO: running 446/3600 episode, simulation environment: circle_crossing
2025-04-15 16:46:05, INFO: 446/3600 episode: Collision! Total Reward: -25.756, R_dan: 0.36, R_goal: 0, R_col: -25.0, R_km: -1.6, R_col_wall: 0, R_wall_min_dist: 0.026, R_way_point_dist: 0.36, R_wp: 0.09, timeout: 0
2025-04-15 16:46:05, INFO: Path length: 4.048977484201711
2025-04-15 16:46:05, INFO: Path left: 76.22928993765755
2025-04-15 16:46:05, INFO: Actions: 12
2025-04-15 16:46:05, INFO: Coordinates: 5.630539834499359 -10.060230795294046
2025-04-15 16:46:05, INFO: Stops times: 0

2025-04-15 16:46:07, INFO: human number: 8
2025-04-15 16:46:07, INFO: running 447/3600 episode, simulation environment: circle_static
2025-04-15 16:46:08, INFO: 447/3600 episode: Success! Total Reward: 15.658, R_dan: 5.59, R_goal: 10.0, R_col: 0, R_km: -9.6, R_col_wall: 0, R_wall_min_dist: -7.017, R_way_point_dist: 4.99, R_wp: 11.7, timeout: 0
2025-04-15 16:46:08, INFO: Path length: 80.7215094893995
2025-04-15 16:46:08, INFO: Path left: 0
2025-04-15 16:46:08, INFO: Actions: 171
2025-04-15 16:46:08, INFO: Coordinates: -9.696255386341363 31.432723599486053
2025-04-15 16:46:08, INFO: Stops times: 1

2025-04-15 16:46:11, INFO: human number: 8
2025-04-15 16:46:11, INFO: running 448/3600 episode, simulation environment: no
2025-04-15 16:46:11, INFO: 448/3600 episode: Success! Total Reward: 20.56, R_dan: 4.9, R_goal: 10.0, R_col: 0, R_km: 3.25, R_col_wall: 0, R_wall_min_dist: -12.228, R_way_point_dist: 2.94, R_wp: 11.7, timeout: 0
2025-04-15 16:46:11, INFO: Path length: 72.2339464304474
2025-04-15 16:46:11, INFO: Path left: 0
2025-04-15 16:46:11, INFO: Actions: 98
2025-04-15 16:46:11, INFO: Coordinates: -8.48644938133657 30.50919485837221
2025-04-15 16:46:11, INFO: Stops times: 3

2025-04-15 16:46:13, INFO: human number: 8
2025-04-15 16:46:14, INFO: running 449/3600 episode, simulation environment: circle_crossing
2025-04-15 16:46:14, INFO: 449/3600 episode: Collision! Total Reward: -24.286, R_dan: 0.37, R_goal: 0, R_col: -25.0, R_km: -0.1, R_col_wall: 0, R_wall_min_dist: 0.019, R_way_point_dist: 0.27, R_wp: 0.15, timeout: 0
2025-04-15 16:46:14, INFO: Path length: 7.289943437066653
2025-04-15 16:46:14, INFO: Path left: 73.80568158077767
2025-04-15 16:46:14, INFO: Actions: 9
2025-04-15 16:46:14, INFO: Coordinates: 3.244081139564514 -9.56889808923006
2025-04-15 16:46:14, INFO: Stops times: 0

2025-04-15 16:46:17, INFO: human number: 8
2025-04-15 16:46:17, INFO: running 450/3600 episode, simulation environment: circle_static
2025-04-15 16:46:18, INFO: 450/3600 episode: Success! Total Reward: 17.262, R_dan: 7.8, R_goal: 10.0, R_col: 0, R_km: -15.5, R_col_wall: 0, R_wall_min_dist: -2.015, R_way_point_dist: 5.25, R_wp: 11.7, timeout: 0
2025-04-15 16:46:18, INFO: Path length: 93.00154148973614
2025-04-15 16:46:18, INFO: Path left: 0
2025-04-15 16:46:18, INFO: Actions: 196
2025-04-15 16:46:18, INFO: Coordinates: -9.58149925339967 30.672116515692323
2025-04-15 16:46:18, INFO: Stops times: 2

2025-04-15 16:46:20, INFO: human number: 8
2025-04-15 16:46:20, INFO: running 451/3600 episode, simulation environment: no
2025-04-15 16:46:21, INFO: 451/3600 episode: Success! Total Reward: 20.56, R_dan: 4.9, R_goal: 10.0, R_col: 0, R_km: 3.25, R_col_wall: 0, R_wall_min_dist: -12.228, R_way_point_dist: 2.94, R_wp: 11.7, timeout: 0
2025-04-15 16:46:21, INFO: Path length: 72.2339464304474
2025-04-15 16:46:21, INFO: Path left: 0
2025-04-15 16:46:21, INFO: Actions: 98
2025-04-15 16:46:21, INFO: Coordinates: -8.48644938133657 30.50919485837221
2025-04-15 16:46:21, INFO: Stops times: 3

2025-04-15 16:46:23, INFO: human number: 8
2025-04-15 16:46:24, INFO: running 452/3600 episode, simulation environment: circle_crossing
2025-04-15 16:46:24, INFO: 452/3600 episode: Collision! Total Reward: -25.616, R_dan: 0.44, R_goal: 0, R_col: -25.0, R_km: -1.6, R_col_wall: 0, R_wall_min_dist: 0.026, R_way_point_dist: 0.36, R_wp: 0.15, timeout: 0
2025-04-15 16:46:24, INFO: Path length: 4.691153913492535
2025-04-15 16:46:24, INFO: Path left: 75.12853383612486
2025-04-15 16:46:24, INFO: Actions: 12
2025-04-15 16:46:24, INFO: Coordinates: 4.53943757340312 -10.022879769094288
2025-04-15 16:46:24, INFO: Stops times: 1

2025-04-15 16:46:26, INFO: human number: 8
2025-04-15 16:46:27, INFO: running 453/3600 episode, simulation environment: circle_static
2025-04-15 16:46:28, INFO: 453/3600 episode: Success! Total Reward: 21.42, R_dan: 4.68, R_goal: 10.0, R_col: 0, R_km: 2.5, R_col_wall: 0, R_wall_min_dist: -10.938, R_way_point_dist: 3.48, R_wp: 11.7, timeout: 0
2025-04-15 16:46:28, INFO: Path length: 74.02115058076501
2025-04-15 16:46:28, INFO: Path left: 0
2025-04-15 16:46:28, INFO: Actions: 116
2025-04-15 16:46:28, INFO: Coordinates: -8.96876308415085 30.72960354015231
2025-04-15 16:46:28, INFO: Stops times: 4

2025-04-15 16:46:30, INFO: human number: 8
2025-04-15 16:46:30, INFO: running 454/3600 episode, simulation environment: no
2025-04-15 16:46:30, INFO: 454/3600 episode: Success! Total Reward: 20.56, R_dan: 4.9, R_goal: 10.0, R_col: 0, R_km: 3.25, R_col_wall: 0, R_wall_min_dist: -12.228, R_way_point_dist: 2.94, R_wp: 11.7, timeout: 0
2025-04-15 16:46:30, INFO: Path length: 72.2339464304474
2025-04-15 16:46:30, INFO: Path left: 0
2025-04-15 16:46:30, INFO: Actions: 98
2025-04-15 16:46:30, INFO: Coordinates: -8.48644938133657 30.50919485837221
2025-04-15 16:46:30, INFO: Stops times: 3

2025-04-15 16:46:33, INFO: human number: 8
2025-04-15 16:46:33, INFO: running 455/3600 episode, simulation environment: circle_crossing
2025-04-15 16:46:34, INFO: 455/3600 episode: Collision! Total Reward: -23.925, R_dan: 0.44, R_goal: 0, R_col: -25.0, R_km: 0.6, R_col_wall: 0, R_wall_min_dist: -0.749, R_way_point_dist: 0.36, R_wp: 0.42, timeout: 0
2025-04-15 16:46:34, INFO: Path length: 13.083417031948883
2025-04-15 16:46:34, INFO: Path left: 67.95803316451698
2025-04-15 16:46:34, INFO: Actions: 12
2025-04-15 16:46:34, INFO: Coordinates: -2.2054448425769806 -7.220989748835564
2025-04-15 16:46:34, INFO: Stops times: 0

2025-04-15 16:46:36, INFO: human number: 8
2025-04-15 16:46:37, INFO: running 456/3600 episode, simulation environment: circle_static
2025-04-15 16:46:37, INFO: 456/3600 episode: Collision! Total Reward: -10.548, R_dan: 4.01, R_goal: 0, R_col: -25.0, R_km: 2.85, R_col_wall: 0, R_wall_min_dist: -0.718, R_way_point_dist: 3.03, R_wp: 5.265, timeout: 0
2025-04-15 16:46:37, INFO: Path length: 48.23461656710722
2025-04-15 16:46:37, INFO: Path left: 30.799024071088272
2025-04-15 16:46:37, INFO: Actions: 101
2025-04-15 16:46:37, INFO: Coordinates: 6.712657209485769 15.185670647304505
2025-04-15 16:46:37, INFO: Stops times: 1

2025-04-15 16:46:40, INFO: human number: 8
2025-04-15 16:46:40, INFO: running 457/3600 episode, simulation environment: no
2025-04-15 16:46:40, INFO: 457/3600 episode: Success! Total Reward: 20.56, R_dan: 4.9, R_goal: 10.0, R_col: 0, R_km: 3.25, R_col_wall: 0, R_wall_min_dist: -12.228, R_way_point_dist: 2.94, R_wp: 11.7, timeout: 0
2025-04-15 16:46:40, INFO: Path length: 72.2339464304474
2025-04-15 16:46:40, INFO: Path left: 0
2025-04-15 16:46:40, INFO: Actions: 98
2025-04-15 16:46:40, INFO: Coordinates: -8.48644938133657 30.50919485837221
2025-04-15 16:46:40, INFO: Stops times: 3

2025-04-15 16:46:42, INFO: human number: 8
2025-04-15 16:46:43, INFO: running 458/3600 episode, simulation environment: circle_crossing
2025-04-15 16:46:43, INFO: 458/3600 episode: Collision! Total Reward: -23.29, R_dan: 0.41, R_goal: 0, R_col: -25.0, R_km: 0.65, R_col_wall: 0, R_wall_min_dist: 0.028, R_way_point_dist: 0.39, R_wp: 0.225, timeout: 0
2025-04-15 16:46:43, INFO: Path length: 7.8133977421834295
2025-04-15 16:46:43, INFO: Path left: 72.65106538843638
2025-04-15 16:46:43, INFO: Actions: 13
2025-04-15 16:46:43, INFO: Coordinates: 2.1002096235752106 -9.208249639719725
2025-04-15 16:46:43, INFO: Stops times: 0

2025-04-15 16:46:45, INFO: human number: 8
2025-04-15 16:46:46, INFO: running 459/3600 episode, simulation environment: circle_static
2025-04-15 16:46:46, INFO: 459/3600 episode: Collision! Total Reward: -22.733, R_dan: 0.77, R_goal: 0, R_col: -25.0, R_km: 0.85, R_col_wall: 0, R_wall_min_dist: 0.038, R_way_point_dist: 0.51, R_wp: 0.09, timeout: 0
2025-04-15 16:46:46, INFO: Path length: 4.65434416281563
2025-04-15 16:46:46, INFO: Path left: 75.62908467231674
2025-04-15 16:46:46, INFO: Actions: 17
2025-04-15 16:46:46, INFO: Coordinates: 5.039158679544926 -9.046041995286942
2025-04-15 16:46:46, INFO: Stops times: 0

2025-04-15 16:46:49, INFO: human number: 8
2025-04-15 16:46:49, INFO: running 460/3600 episode, simulation environment: no
2025-04-15 16:46:49, INFO: 460/3600 episode: Success! Total Reward: 20.56, R_dan: 4.9, R_goal: 10.0, R_col: 0, R_km: 3.25, R_col_wall: 0, R_wall_min_dist: -12.228, R_way_point_dist: 2.94, R_wp: 11.7, timeout: 0
2025-04-15 16:46:49, INFO: Path length: 72.2339464304474
2025-04-15 16:46:49, INFO: Path left: 0
2025-04-15 16:46:49, INFO: Actions: 98
2025-04-15 16:46:49, INFO: Coordinates: -8.48644938133657 30.50919485837221
2025-04-15 16:46:49, INFO: Stops times: 3

2025-04-15 16:46:51, INFO: human number: 8
2025-04-15 16:46:52, INFO: running 461/3600 episode, simulation environment: circle_crossing
2025-04-15 16:46:53, INFO: 461/3600 episode: Success! Total Reward: 31.114, R_dan: 2.88, R_goal: 10.0, R_col: 0, R_km: 7.2, R_col_wall: 0, R_wall_min_dist: -5.009, R_way_point_dist: 4.32, R_wp: 11.7, timeout: 0
2025-04-15 16:46:53, INFO: Path length: 76.95033375814018
2025-04-15 16:46:53, INFO: Path left: 0
2025-04-15 16:46:53, INFO: Actions: 144
2025-04-15 16:46:53, INFO: Coordinates: -8.546763091348112 31.105819267220795
2025-04-15 16:46:53, INFO: Stops times: 0

2025-04-15 16:46:55, INFO: human number: 8
2025-04-15 16:46:56, INFO: running 462/3600 episode, simulation environment: circle_static
2025-04-15 16:46:56, INFO: 462/3600 episode: Collision! Total Reward: -18.241, R_dan: 2.26, R_goal: 0, R_col: -25.0, R_km: 1.4, R_col_wall: 0, R_wall_min_dist: 0.016, R_way_point_dist: 1.5, R_wp: 1.575, timeout: 0
2025-04-15 16:46:56, INFO: Path length: 24.926594271287083
2025-04-15 16:46:56, INFO: Path left: 54.99516007314402
2025-04-15 16:46:56, INFO: Actions: 50
2025-04-15 16:46:56, INFO: Coordinates: -8.824874680489302 0.459799662232399
2025-04-15 16:46:56, INFO: Stops times: 0

2025-04-15 16:46:58, INFO: human number: 8
2025-04-15 16:46:58, INFO: running 463/3600 episode, simulation environment: no
2025-04-15 16:46:59, INFO: 463/3600 episode: Success! Total Reward: 20.56, R_dan: 4.9, R_goal: 10.0, R_col: 0, R_km: 3.25, R_col_wall: 0, R_wall_min_dist: -12.228, R_way_point_dist: 2.94, R_wp: 11.7, timeout: 0
2025-04-15 16:46:59, INFO: Path length: 72.2339464304474
2025-04-15 16:46:59, INFO: Path left: 0
2025-04-15 16:46:59, INFO: Actions: 98
2025-04-15 16:46:59, INFO: Coordinates: -8.48644938133657 30.50919485837221
2025-04-15 16:46:59, INFO: Stops times: 3

2025-04-15 16:47:01, INFO: human number: 8
2025-04-15 16:47:02, INFO: running 464/3600 episode, simulation environment: circle_crossing
2025-04-15 16:47:02, INFO: 464/3600 episode: Collision! Total Reward: -24.498, R_dan: 0.52, R_goal: 0, R_col: -25.0, R_km: -0.5, R_col_wall: 0, R_wall_min_dist: 0.026, R_way_point_dist: 0.36, R_wp: 0.09, timeout: 0
2025-04-15 16:47:02, INFO: Path length: 4.874973380924904
2025-04-15 16:47:02, INFO: Path left: 75.53878084164405
2025-04-15 16:47:02, INFO: Actions: 12
2025-04-15 16:47:02, INFO: Coordinates: 4.914346758276224 -10.161571688950062
2025-04-15 16:47:02, INFO: Stops times: 0

2025-04-15 16:47:04, INFO: human number: 8
2025-04-15 16:47:05, INFO: running 465/3600 episode, simulation environment: circle_static
2025-04-15 16:47:05, INFO: 465/3600 episode: Collision! Total Reward: -26.205, R_dan: 0.97, R_goal: 0, R_col: -25.0, R_km: -2.25, R_col_wall: 0, R_wall_min_dist: -0.878, R_way_point_dist: 0.63, R_wp: 0.315, timeout: 0
2025-04-15 16:47:05, INFO: Path length: 9.78728256516894
2025-04-15 16:47:05, INFO: Path left: 70.4118357022334
2025-04-15 16:47:05, INFO: Actions: 21
2025-04-15 16:47:05, INFO: Coordinates: -0.11925113201141357 -7.925074834376574
2025-04-15 16:47:05, INFO: Stops times: 1

2025-04-15 16:47:07, INFO: human number: 8
2025-04-15 16:47:07, INFO: running 466/3600 episode, simulation environment: no
2025-04-15 16:47:08, INFO: 466/3600 episode: Success! Total Reward: 20.56, R_dan: 4.9, R_goal: 10.0, R_col: 0, R_km: 3.25, R_col_wall: 0, R_wall_min_dist: -12.228, R_way_point_dist: 2.94, R_wp: 11.7, timeout: 0
2025-04-15 16:47:08, INFO: Path length: 72.2339464304474
2025-04-15 16:47:08, INFO: Path left: 0
2025-04-15 16:47:08, INFO: Actions: 98
2025-04-15 16:47:08, INFO: Coordinates: -8.48644938133657 30.50919485837221
2025-04-15 16:47:08, INFO: Stops times: 3

2025-04-15 16:47:10, INFO: human number: 8
2025-04-15 16:47:11, INFO: running 467/3600 episode, simulation environment: circle_crossing
2025-04-15 16:47:12, INFO: 467/3600 episode: Success! Total Reward: 31.707, R_dan: 6.77, R_goal: 10.0, R_col: 0, R_km: 3.1, R_col_wall: 0, R_wall_min_dist: -4.422, R_way_point_dist: 4.55, R_wp: 11.7, timeout: 0
2025-04-15 16:47:12, INFO: Path length: 81.52256567501352
2025-04-15 16:47:12, INFO: Path left: 0
2025-04-15 16:47:12, INFO: Actions: 161
2025-04-15 16:47:12, INFO: Coordinates: -9.49652602802962 30.874127076007426
2025-04-15 16:47:12, INFO: Stops times: 0

2025-04-15 16:47:14, INFO: human number: 8
2025-04-15 16:47:15, INFO: running 468/3600 episode, simulation environment: circle_static
2025-04-15 16:47:16, INFO: 468/3600 episode: Success! Total Reward: 30.84, R_dan: 8.61, R_goal: 10.0, R_col: 0, R_km: -0.65, R_col_wall: 0, R_wall_min_dist: -3.838, R_way_point_dist: 4.99, R_wp: 11.7, timeout: 0
2025-04-15 16:47:16, INFO: Path length: 86.41906192195607
2025-04-15 16:47:16, INFO: Path left: 0
2025-04-15 16:47:16, INFO: Actions: 185
2025-04-15 16:47:16, INFO: Coordinates: -9.616731878835708 30.569372430676594
2025-04-15 16:47:16, INFO: Stops times: 1

2025-04-15 16:47:18, INFO: human number: 8
2025-04-15 16:47:18, INFO: running 469/3600 episode, simulation environment: no
2025-04-15 16:47:18, INFO: 469/3600 episode: Success! Total Reward: 20.56, R_dan: 4.9, R_goal: 10.0, R_col: 0, R_km: 3.25, R_col_wall: 0, R_wall_min_dist: -12.228, R_way_point_dist: 2.94, R_wp: 11.7, timeout: 0
2025-04-15 16:47:18, INFO: Path length: 72.2339464304474
2025-04-15 16:47:18, INFO: Path left: 0
2025-04-15 16:47:18, INFO: Actions: 98
2025-04-15 16:47:18, INFO: Coordinates: -8.48644938133657 30.50919485837221
2025-04-15 16:47:18, INFO: Stops times: 3

2025-04-15 16:47:21, INFO: human number: 8
2025-04-15 16:47:21, INFO: running 470/3600 episode, simulation environment: circle_crossing
2025-04-15 16:47:22, INFO: 470/3600 episode: Collision! Total Reward: -24.746, R_dan: 0.22, R_goal: 0, R_col: -25.0, R_km: -0.25, R_col_wall: 0, R_wall_min_dist: 0.013, R_way_point_dist: 0.18, R_wp: 0.09, timeout: 0
2025-04-15 16:47:22, INFO: Path length: 5.495908883821131
2025-04-15 16:47:22, INFO: Path left: 75.59736997635834
2025-04-15 16:47:22, INFO: Actions: 6
2025-04-15 16:47:22, INFO: Coordinates: 5.021778330206871 -9.821682162582874
2025-04-15 16:47:22, INFO: Stops times: 0

2025-04-15 16:47:24, INFO: human number: 8
2025-04-15 16:47:24, INFO: running 471/3600 episode, simulation environment: circle_static
2025-04-15 16:47:25, INFO: 471/3600 episode: Collision! Total Reward: -23.145, R_dan: 0.67, R_goal: 0, R_col: -25.0, R_km: 0.75, R_col_wall: 0, R_wall_min_dist: -0.336, R_way_point_dist: 0.45, R_wp: 0.315, timeout: 0
2025-04-15 16:47:25, INFO: Path length: 10.724200381968377
2025-04-15 16:47:25, INFO: Path left: 69.75640305867799
2025-04-15 16:47:25, INFO: Actions: 15
2025-04-15 16:47:25, INFO: Coordinates: -0.7194718718528748 -8.31358340755105
2025-04-15 16:47:25, INFO: Stops times: 0

2025-04-15 16:47:27, INFO: human number: 8
2025-04-15 16:47:27, INFO: running 472/3600 episode, simulation environment: no
2025-04-15 16:47:27, INFO: 472/3600 episode: Success! Total Reward: 20.56, R_dan: 4.9, R_goal: 10.0, R_col: 0, R_km: 3.25, R_col_wall: 0, R_wall_min_dist: -12.228, R_way_point_dist: 2.94, R_wp: 11.7, timeout: 0
2025-04-15 16:47:27, INFO: Path length: 72.2339464304474
2025-04-15 16:47:27, INFO: Path left: 0
2025-04-15 16:47:27, INFO: Actions: 98
2025-04-15 16:47:27, INFO: Coordinates: -8.48644938133657 30.50919485837221
2025-04-15 16:47:27, INFO: Stops times: 3

2025-04-15 16:47:30, INFO: human number: 8
2025-04-15 16:47:30, INFO: running 473/3600 episode, simulation environment: circle_crossing
2025-04-15 16:47:31, INFO: 473/3600 episode: Timeout! Total Reward: -68.854, R_dan: 3.25, R_goal: 0, R_col: 0, R_km: -53.15, R_col_wall: 0, R_wall_min_dist: -11.89, R_way_point_dist: 6.24, R_wp: 11.7, timeout: -25
2025-04-15 16:47:31, INFO: Path length: 83.52275071176551
2025-04-15 16:47:31, INFO: Path left: 3.752015950947513
2025-04-15 16:47:31, INFO: Actions: 257
2025-04-15 16:47:31, INFO: Coordinates: -13.766666289884597 29.02721904212376
2025-04-15 16:47:31, INFO: Stops times: 0

2025-04-15 16:47:34, INFO: human number: 8
2025-04-15 16:47:34, INFO: running 474/3600 episode, simulation environment: circle_static
2025-04-15 16:47:35, INFO: 474/3600 episode: Collision! Total Reward: -9.147, R_dan: 5.66, R_goal: 0, R_col: -25.0, R_km: 0.1, R_col_wall: 0, R_wall_min_dist: -0.944, R_way_point_dist: 4.02, R_wp: 6.975, timeout: 0
2025-04-15 16:47:35, INFO: Path length: 59.118636367242985
2025-04-15 16:47:35, INFO: Path left: 22.309647483419045
2025-04-15 16:47:35, INFO: Actions: 134
2025-04-15 16:47:35, INFO: Coordinates: 8.029726574197412 22.38027074187994
2025-04-15 16:47:35, INFO: Stops times: 1

2025-04-15 16:47:37, INFO: human number: 8
2025-04-15 16:47:37, INFO: running 475/3600 episode, simulation environment: no
2025-04-15 16:47:38, INFO: 475/3600 episode: Success! Total Reward: 20.56, R_dan: 4.9, R_goal: 10.0, R_col: 0, R_km: 3.25, R_col_wall: 0, R_wall_min_dist: -12.228, R_way_point_dist: 2.94, R_wp: 11.7, timeout: 0
2025-04-15 16:47:38, INFO: Path length: 72.2339464304474
2025-04-15 16:47:38, INFO: Path left: 0
2025-04-15 16:47:38, INFO: Actions: 98
2025-04-15 16:47:38, INFO: Coordinates: -8.48644938133657 30.50919485837221
2025-04-15 16:47:38, INFO: Stops times: 3

2025-04-15 16:47:40, INFO: human number: 8
2025-04-15 16:47:41, INFO: running 476/3600 episode, simulation environment: circle_crossing
2025-04-15 16:47:41, INFO: 476/3600 episode: Collision! Total Reward: -25.547, R_dan: 0.19, R_goal: 0, R_col: -25.0, R_km: -1.45, R_col_wall: 0, R_wall_min_dist: 0.033, R_way_point_dist: 0.45, R_wp: 0.225, timeout: 0
2025-04-15 16:47:41, INFO: Path length: 7.566610237934233
2025-04-15 16:47:41, INFO: Path left: 72.74310424124388
2025-04-15 16:47:41, INFO: Actions: 15
2025-04-15 16:47:41, INFO: Coordinates: 2.1927217692136765 -9.232625171542168
2025-04-15 16:47:41, INFO: Stops times: 1

2025-04-15 16:47:43, INFO: human number: 8
2025-04-15 16:47:44, INFO: running 477/3600 episode, simulation environment: circle_static
2025-04-15 16:47:44, INFO: 477/3600 episode: Collision! Total Reward: -23.548, R_dan: 0.62, R_goal: 0, R_col: -25.0, R_km: 0.15, R_col_wall: 0, R_wall_min_dist: 0.03, R_way_point_dist: 0.42, R_wp: 0.225, timeout: 0
2025-04-15 16:47:44, INFO: Path length: 7.829343877193258
2025-04-15 16:47:44, INFO: Path left: 72.6162640279908
2025-04-15 16:47:44, INFO: Actions: 14
2025-04-15 16:47:44, INFO: Coordinates: 2.063007280230522 -9.468359053134918
2025-04-15 16:47:44, INFO: Stops times: 1

2025-04-15 16:47:46, INFO: human number: 8
2025-04-15 16:47:46, INFO: running 478/3600 episode, simulation environment: no
2025-04-15 16:47:47, INFO: 478/3600 episode: Success! Total Reward: 20.56, R_dan: 4.9, R_goal: 10.0, R_col: 0, R_km: 3.25, R_col_wall: 0, R_wall_min_dist: -12.228, R_way_point_dist: 2.94, R_wp: 11.7, timeout: 0
2025-04-15 16:47:47, INFO: Path length: 72.2339464304474
2025-04-15 16:47:47, INFO: Path left: 0
2025-04-15 16:47:47, INFO: Actions: 98
2025-04-15 16:47:47, INFO: Coordinates: -8.48644938133657 30.50919485837221
2025-04-15 16:47:47, INFO: Stops times: 3

2025-04-15 16:47:49, INFO: human number: 8
2025-04-15 16:47:50, INFO: running 479/3600 episode, simulation environment: circle_crossing
2025-04-15 16:47:50, INFO: 479/3600 episode: Collision! Total Reward: -24.828, R_dan: 0.34, R_goal: 0, R_col: -25.0, R_km: -0.6, R_col_wall: 0, R_wall_min_dist: -0.187, R_way_point_dist: 0.3, R_wp: 0.315, timeout: 0
2025-04-15 16:47:50, INFO: Path length: 8.646815951587365
2025-04-15 16:47:50, INFO: Path left: 71.28805229535884
2025-04-15 16:47:50, INFO: Actions: 10
2025-04-15 16:47:50, INFO: Coordinates: 0.8200679868459702 -8.317200887948275
2025-04-15 16:47:50, INFO: Stops times: 1

2025-04-15 16:47:52, INFO: human number: 8
2025-04-15 16:47:53, INFO: running 480/3600 episode, simulation environment: circle_static
2025-04-15 16:47:53, INFO: 480/3600 episode: Collision! Total Reward: -25.181, R_dan: 0.47, R_goal: 0, R_col: -25.0, R_km: -1.1, R_col_wall: 0, R_wall_min_dist: 0.024, R_way_point_dist: 0.33, R_wp: 0.09, timeout: 0
2025-04-15 16:47:53, INFO: Path length: 3.8207005391558013
2025-04-15 16:47:53, INFO: Path left: 76.54064436194399
2025-04-15 16:47:53, INFO: Actions: 11
2025-04-15 16:47:53, INFO: Coordinates: 5.870508298277855 -10.483102628029883
2025-04-15 16:47:53, INFO: Stops times: 0

2025-04-15 16:47:55, INFO: human number: 8
2025-04-15 16:47:55, INFO: running 481/3600 episode, simulation environment: no
2025-04-15 16:47:56, INFO: 481/3600 episode: Success! Total Reward: 20.56, R_dan: 4.9, R_goal: 10.0, R_col: 0, R_km: 3.25, R_col_wall: 0, R_wall_min_dist: -12.228, R_way_point_dist: 2.94, R_wp: 11.7, timeout: 0
2025-04-15 16:47:56, INFO: Path length: 72.2339464304474
2025-04-15 16:47:56, INFO: Path left: 0
2025-04-15 16:47:56, INFO: Actions: 98
2025-04-15 16:47:56, INFO: Coordinates: -8.48644938133657 30.50919485837221
2025-04-15 16:47:56, INFO: Stops times: 3

2025-04-15 16:47:58, INFO: human number: 8
2025-04-15 16:47:59, INFO: running 482/3600 episode, simulation environment: circle_crossing
2025-04-15 16:47:59, INFO: 482/3600 episode: Collision! Total Reward: -23.567, R_dan: 0.72, R_goal: 0, R_col: -25.0, R_km: 1.05, R_col_wall: 0, R_wall_min_dist: -2.126, R_way_point_dist: 0.96, R_wp: 0.825, timeout: 0
2025-04-15 16:47:59, INFO: Path length: 18.977859070699505
2025-04-15 16:47:59, INFO: Path left: 62.017326530881
2025-04-15 16:47:59, INFO: Actions: 32
2025-04-15 16:47:59, INFO: Coordinates: -5.985232204198837 -4.728668007999659
2025-04-15 16:47:59, INFO: Stops times: 1

2025-04-15 16:48:01, INFO: human number: 8
2025-04-15 16:48:02, INFO: running 483/3600 episode, simulation environment: circle_static
2025-04-15 16:48:03, INFO: 483/3600 episode: Success! Total Reward: 33.858, R_dan: 6.09, R_goal: 10.0, R_col: 0, R_km: 3.6, R_col_wall: 0, R_wall_min_dist: -2.021, R_way_point_dist: 4.47, R_wp: 11.7, timeout: 0
2025-04-15 16:48:03, INFO: Path length: 79.27511833841345
2025-04-15 16:48:03, INFO: Path left: 0
2025-04-15 16:48:03, INFO: Actions: 149
2025-04-15 16:48:03, INFO: Coordinates: -8.60390882147476 30.61630255775526
2025-04-15 16:48:03, INFO: Stops times: 2

2025-04-15 16:48:05, INFO: human number: 8
2025-04-15 16:48:05, INFO: running 484/3600 episode, simulation environment: no
2025-04-15 16:48:05, INFO: 484/3600 episode: Success! Total Reward: 20.56, R_dan: 4.9, R_goal: 10.0, R_col: 0, R_km: 3.25, R_col_wall: 0, R_wall_min_dist: -12.228, R_way_point_dist: 2.94, R_wp: 11.7, timeout: 0
2025-04-15 16:48:05, INFO: Path length: 72.2339464304474
2025-04-15 16:48:05, INFO: Path left: 0
2025-04-15 16:48:05, INFO: Actions: 98
2025-04-15 16:48:05, INFO: Coordinates: -8.48644938133657 30.50919485837221
2025-04-15 16:48:05, INFO: Stops times: 3

2025-04-15 16:48:08, INFO: human number: 8
2025-04-15 16:48:08, INFO: running 485/3600 episode, simulation environment: circle_crossing
2025-04-15 16:48:09, INFO: 485/3600 episode: Success! Total Reward: 30.952, R_dan: 4.79, R_goal: 10.0, R_col: 0, R_km: 5.3, R_col_wall: 0, R_wall_min_dist: -5.022, R_way_point_dist: 4.17, R_wp: 11.7, timeout: 0
2025-04-15 16:48:09, INFO: Path length: 76.1707979354267
2025-04-15 16:48:09, INFO: Path left: 0
2025-04-15 16:48:09, INFO: Actions: 139
2025-04-15 16:48:09, INFO: Coordinates: -8.2854722160846 30.501682851463556
2025-04-15 16:48:09, INFO: Stops times: 0

2025-04-15 16:48:12, INFO: human number: 8
2025-04-15 16:48:12, INFO: running 486/3600 episode, simulation environment: circle_static
2025-04-15 16:48:12, INFO: 486/3600 episode: Collision! Total Reward: -25.366, R_dan: 0.59, R_goal: 0, R_col: -25.0, R_km: -0.35, R_col_wall: 0, R_wall_min_dist: -1.269, R_way_point_dist: 0.24, R_wp: 0.42, timeout: 0
2025-04-15 16:48:12, INFO: Path length: 12.259057341373975
2025-04-15 16:48:12, INFO: Path left: 68.65502297743576
2025-04-15 16:48:12, INFO: Actions: 15
2025-04-15 16:48:12, INFO: Coordinates: -1.4914662092924118 -7.42822002992034
2025-04-15 16:48:12, INFO: Stops times: 1

2025-04-15 16:48:15, INFO: human number: 8
2025-04-15 16:48:15, INFO: running 487/3600 episode, simulation environment: no
2025-04-15 16:48:15, INFO: 487/3600 episode: Success! Total Reward: 20.56, R_dan: 4.9, R_goal: 10.0, R_col: 0, R_km: 3.25, R_col_wall: 0, R_wall_min_dist: -12.228, R_way_point_dist: 2.94, R_wp: 11.7, timeout: 0
2025-04-15 16:48:15, INFO: Path length: 72.2339464304474
2025-04-15 16:48:15, INFO: Path left: 0
2025-04-15 16:48:15, INFO: Actions: 98
2025-04-15 16:48:15, INFO: Coordinates: -8.48644938133657 30.50919485837221
2025-04-15 16:48:15, INFO: Stops times: 3

2025-04-15 16:48:17, INFO: human number: 8
2025-04-15 16:48:18, INFO: running 488/3600 episode, simulation environment: circle_crossing
2025-04-15 16:48:18, INFO: 488/3600 episode: Collision! Total Reward: -23.217, R_dan: 0.5, R_goal: 0, R_col: -25.0, R_km: -0.5, R_col_wall: 0, R_wall_min_dist: 0.083, R_way_point_dist: 1.02, R_wp: 0.675, timeout: 0
2025-04-15 16:48:18, INFO: Path length: 15.518390083743338
2025-04-15 16:48:18, INFO: Path left: 64.51985060485136
2025-04-15 16:48:18, INFO: Actions: 34
2025-04-15 16:48:18, INFO: Coordinates: -5.443130157887936 -7.51092674973188
2025-04-15 16:48:18, INFO: Stops times: 1

2025-04-15 16:48:21, INFO: human number: 8
2025-04-15 16:48:21, INFO: running 489/3600 episode, simulation environment: circle_static
2025-04-15 16:48:22, INFO: 489/3600 episode: Success! Total Reward: 25.086, R_dan: 7.74, R_goal: 10.0, R_col: 0, R_km: -7.1, R_col_wall: 0, R_wall_min_dist: -2.282, R_way_point_dist: 4.98, R_wp: 11.7, timeout: 0
2025-04-15 16:48:22, INFO: Path length: 80.83536245291464
2025-04-15 16:48:22, INFO: Path left: 0
2025-04-15 16:48:22, INFO: Actions: 166
2025-04-15 16:48:22, INFO: Coordinates: -8.525230587925762 30.3777266535908
2025-04-15 16:48:22, INFO: Stops times: 3

2025-04-15 16:48:25, INFO: human number: 8
2025-04-15 16:48:25, INFO: running 490/3600 episode, simulation environment: no
2025-04-15 16:48:25, INFO: 490/3600 episode: Success! Total Reward: 20.56, R_dan: 4.9, R_goal: 10.0, R_col: 0, R_km: 3.25, R_col_wall: 0, R_wall_min_dist: -12.228, R_way_point_dist: 2.94, R_wp: 11.7, timeout: 0
2025-04-15 16:48:25, INFO: Path length: 72.2339464304474
2025-04-15 16:48:25, INFO: Path left: 0
2025-04-15 16:48:25, INFO: Actions: 98
2025-04-15 16:48:25, INFO: Coordinates: -8.48644938133657 30.50919485837221
2025-04-15 16:48:25, INFO: Stops times: 3

2025-04-15 16:48:27, INFO: human number: 8
2025-04-15 16:48:28, INFO: running 491/3600 episode, simulation environment: circle_crossing
2025-04-15 16:48:28, INFO: 491/3600 episode: Collision! Total Reward: -27.052, R_dan: 0.0, R_goal: 0, R_col: -25.0, R_km: -2.1, R_col_wall: 0, R_wall_min_dist: -1.096, R_way_point_dist: 0.72, R_wp: 0.42, timeout: 0
2025-04-15 16:48:28, INFO: Path length: 11.570674851177612
2025-04-15 16:48:28, INFO: Path left: 68.53044431902009
2025-04-15 16:48:28, INFO: Actions: 24
2025-04-15 16:48:28, INFO: Coordinates: -1.6467559188604355 -8.127766210585833
2025-04-15 16:48:28, INFO: Stops times: 1

2025-04-15 16:48:31, INFO: human number: 8
2025-04-15 16:48:31, INFO: running 492/3600 episode, simulation environment: circle_static
2025-04-15 16:48:31, INFO: 492/3600 episode: Collision! Total Reward: -24.648, R_dan: 0.62, R_goal: 0, R_col: -25.0, R_km: -0.95, R_col_wall: 0, R_wall_min_dist: 0.03, R_way_point_dist: 0.42, R_wp: 0.225, timeout: 0
2025-04-15 16:48:31, INFO: Path length: 7.882611941311594
2025-04-15 16:48:31, INFO: Path left: 73.25178994931363
2025-04-15 16:48:31, INFO: Actions: 14
2025-04-15 16:48:31, INFO: Coordinates: 2.689185246825218 -9.64970799535513
2025-04-15 16:48:31, INFO: Stops times: 0

2025-04-15 16:48:34, INFO: human number: 8
2025-04-15 16:48:34, INFO: running 493/3600 episode, simulation environment: no
2025-04-15 16:48:34, INFO: 493/3600 episode: Success! Total Reward: 20.56, R_dan: 4.9, R_goal: 10.0, R_col: 0, R_km: 3.25, R_col_wall: 0, R_wall_min_dist: -12.228, R_way_point_dist: 2.94, R_wp: 11.7, timeout: 0
2025-04-15 16:48:34, INFO: Path length: 72.2339464304474
2025-04-15 16:48:34, INFO: Path left: 0
2025-04-15 16:48:34, INFO: Actions: 98
2025-04-15 16:48:34, INFO: Coordinates: -8.48644938133657 30.50919485837221
2025-04-15 16:48:34, INFO: Stops times: 3

2025-04-15 16:48:37, INFO: human number: 8
2025-04-15 16:48:37, INFO: running 494/3600 episode, simulation environment: circle_crossing
2025-04-15 16:48:38, INFO: 494/3600 episode: Success! Total Reward: 37.386, R_dan: 6.7, R_goal: 10.0, R_col: 0, R_km: 4.75, R_col_wall: 0, R_wall_min_dist: -0.292, R_way_point_dist: 4.5, R_wp: 11.7, timeout: 0
2025-04-15 16:48:38, INFO: Path length: 79.267565234083
2025-04-15 16:48:38, INFO: Path left: 0
2025-04-15 16:48:38, INFO: Actions: 150
2025-04-15 16:48:38, INFO: Coordinates: -8.869779424741864 30.571588376071304
2025-04-15 16:48:38, INFO: Stops times: 0

2025-04-15 16:48:40, INFO: human number: 8
2025-04-15 16:48:41, INFO: running 495/3600 episode, simulation environment: circle_static
2025-04-15 16:48:42, INFO: 495/3600 episode: Success! Total Reward: 28.732, R_dan: 5.47, R_goal: 10.0, R_col: 0, R_km: -1.55, R_col_wall: 0, R_wall_min_dist: -1.93, R_way_point_dist: 5.01, R_wp: 11.7, timeout: 0
2025-04-15 16:48:42, INFO: Path length: 80.29416849892026
2025-04-15 16:48:42, INFO: Path left: 0
2025-04-15 16:48:42, INFO: Actions: 167
2025-04-15 16:48:42, INFO: Coordinates: -8.937758365646005 30.693680511321872
2025-04-15 16:48:42, INFO: Stops times: 0

2025-04-15 16:48:44, INFO: human number: 8
2025-04-15 16:48:44, INFO: running 496/3600 episode, simulation environment: no
2025-04-15 16:48:44, INFO: 496/3600 episode: Success! Total Reward: 20.56, R_dan: 4.9, R_goal: 10.0, R_col: 0, R_km: 3.25, R_col_wall: 0, R_wall_min_dist: -12.228, R_way_point_dist: 2.94, R_wp: 11.7, timeout: 0
2025-04-15 16:48:44, INFO: Path length: 72.2339464304474
2025-04-15 16:48:44, INFO: Path left: 0
2025-04-15 16:48:44, INFO: Actions: 98
2025-04-15 16:48:44, INFO: Coordinates: -8.48644938133657 30.50919485837221
2025-04-15 16:48:44, INFO: Stops times: 3

2025-04-15 16:48:47, INFO: human number: 8
2025-04-15 16:48:47, INFO: running 497/3600 episode, simulation environment: circle_crossing
2025-04-15 16:48:48, INFO: 497/3600 episode: Collision! Total Reward: -24.316, R_dan: 0.8, R_goal: 0, R_col: -25.0, R_km: -1.0, R_col_wall: 0, R_wall_min_dist: -0.264, R_way_point_dist: 0.72, R_wp: 0.42, timeout: 0
2025-04-15 16:48:48, INFO: Path length: 11.829883647565673
2025-04-15 16:48:48, INFO: Path left: 68.36788239964712
2025-04-15 16:48:48, INFO: Actions: 24
2025-04-15 16:48:48, INFO: Coordinates: -1.8369655683636665 -8.294107776135206
2025-04-15 16:48:48, INFO: Stops times: 0

2025-04-15 16:48:50, INFO: human number: 8
2025-04-15 16:48:51, INFO: running 498/3600 episode, simulation environment: circle_static
2025-04-15 16:48:51, INFO: 498/3600 episode: Success! Total Reward: 35.318, R_dan: 5.84, R_goal: 10.0, R_col: 0, R_km: 5.4, R_col_wall: 0, R_wall_min_dist: -1.997, R_way_point_dist: 4.35, R_wp: 11.7, timeout: 0
2025-04-15 16:48:51, INFO: Path length: 80.10899006549953
2025-04-15 16:48:51, INFO: Path left: 0
2025-04-15 16:48:51, INFO: Actions: 152
2025-04-15 16:48:51, INFO: Coordinates: -10.33487205952406 30.425531016662717
2025-04-15 16:48:51, INFO: Stops times: 0

2025-04-15 16:48:54, INFO: human number: 8
2025-04-15 16:48:54, INFO: running 499/3600 episode, simulation environment: no
2025-04-15 16:48:54, INFO: 499/3600 episode: Success! Total Reward: 20.56, R_dan: 4.9, R_goal: 10.0, R_col: 0, R_km: 3.25, R_col_wall: 0, R_wall_min_dist: -12.228, R_way_point_dist: 2.94, R_wp: 11.7, timeout: 0
2025-04-15 16:48:54, INFO: Path length: 72.2339464304474
2025-04-15 16:48:54, INFO: Path left: 0
2025-04-15 16:48:54, INFO: Actions: 98
2025-04-15 16:48:54, INFO: Coordinates: -8.48644938133657 30.50919485837221
2025-04-15 16:48:54, INFO: Stops times: 3

2025-04-15 16:48:57, INFO: human number: 8
2025-04-15 16:48:57, INFO: running 500/3600 episode, simulation environment: circle_crossing
2025-04-15 16:48:57, INFO: 500/3600 episode: Collision! Total Reward: -23.177, R_dan: 0.54, R_goal: 0, R_col: -25.0, R_km: 0.7, R_col_wall: 0, R_wall_min_dist: -0.068, R_way_point_dist: 0.42, R_wp: 0.225, timeout: 0
2025-04-15 16:48:57, INFO: Path length: 7.894423573781809
2025-04-15 16:48:57, INFO: Path left: 72.54671295746218
2025-04-15 16:48:57, INFO: Actions: 14
2025-04-15 16:48:57, INFO: Coordinates: 1.9593221843242645 -8.746684037148952
2025-04-15 16:48:57, INFO: Stops times: 0

2025-04-15 16:49:00, INFO: human number: 8
2025-04-15 16:49:00, INFO: running 501/3600 episode, simulation environment: circle_static
2025-04-15 16:49:01, INFO: 501/3600 episode: Collision! Total Reward: -19.877, R_dan: 1.16, R_goal: 0, R_col: -25.0, R_km: 1.8, R_col_wall: 0, R_wall_min_dist: 0.088, R_way_point_dist: 1.08, R_wp: 0.99, timeout: 0
2025-04-15 16:49:01, INFO: Path length: 18.991741894586074
2025-04-15 16:49:01, INFO: Path left: 60.89471745037914
2025-04-15 16:49:01, INFO: Actions: 36
2025-04-15 16:49:01, INFO: Coordinates: -8.30155935883522 -5.115450035780668
2025-04-15 16:49:01, INFO: Stops times: 0

2025-04-15 16:49:03, INFO: human number: 8
2025-04-15 16:49:03, INFO: running 502/3600 episode, simulation environment: no
2025-04-15 16:49:03, INFO: 502/3600 episode: Success! Total Reward: 20.56, R_dan: 4.9, R_goal: 10.0, R_col: 0, R_km: 3.25, R_col_wall: 0, R_wall_min_dist: -12.228, R_way_point_dist: 2.94, R_wp: 11.7, timeout: 0
2025-04-15 16:49:03, INFO: Path length: 72.2339464304474
2025-04-15 16:49:03, INFO: Path left: 0
2025-04-15 16:49:03, INFO: Actions: 98
2025-04-15 16:49:03, INFO: Coordinates: -8.48644938133657 30.50919485837221
2025-04-15 16:49:03, INFO: Stops times: 3

2025-04-15 16:49:06, INFO: human number: 8
2025-04-15 16:49:06, INFO: running 503/3600 episode, simulation environment: circle_crossing
2025-04-15 16:49:07, INFO: 503/3600 episode: Collision! Total Reward: -25.802, R_dan: 0.36, R_goal: 0, R_col: -25.0, R_km: -1.6, R_col_wall: 0, R_wall_min_dist: 0.026, R_way_point_dist: 0.36, R_wp: 0.045, timeout: 0
2025-04-15 16:49:07, INFO: Path length: 3.1666822166930535
2025-04-15 16:49:07, INFO: Path left: 77.01758437085628
2025-04-15 16:49:07, INFO: Actions: 12
2025-04-15 16:49:07, INFO: Coordinates: 6.4441962987184525 -9.780163126066327
2025-04-15 16:49:07, INFO: Stops times: 0

2025-04-15 16:49:09, INFO: human number: 8
2025-04-15 16:49:09, INFO: running 504/3600 episode, simulation environment: circle_static
2025-04-15 16:49:10, INFO: 504/3600 episode: Collision! Total Reward: -24.132, R_dan: 0.69, R_goal: 0, R_col: -25.0, R_km: 0.4, R_col_wall: 0, R_wall_min_dist: -2.448, R_way_point_dist: 1.23, R_wp: 0.99, timeout: 0
2025-04-15 16:49:10, INFO: Path length: 18.373697384795456
2025-04-15 16:49:10, INFO: Path left: 60.53508077578896
2025-04-15 16:49:10, INFO: Actions: 41
2025-04-15 16:49:10, INFO: Coordinates: -7.0626478642225266 -4.157233990728855
2025-04-15 16:49:10, INFO: Stops times: 0

2025-04-15 16:49:12, INFO: human number: 8
2025-04-15 16:49:12, INFO: running 505/3600 episode, simulation environment: no
2025-04-15 16:49:12, INFO: 505/3600 episode: Success! Total Reward: 20.56, R_dan: 4.9, R_goal: 10.0, R_col: 0, R_km: 3.25, R_col_wall: 0, R_wall_min_dist: -12.228, R_way_point_dist: 2.94, R_wp: 11.7, timeout: 0
2025-04-15 16:49:12, INFO: Path length: 72.2339464304474
2025-04-15 16:49:12, INFO: Path left: 0
2025-04-15 16:49:12, INFO: Actions: 98
2025-04-15 16:49:12, INFO: Coordinates: -8.48644938133657 30.50919485837221
2025-04-15 16:49:12, INFO: Stops times: 3

2025-04-15 16:49:15, INFO: human number: 8
2025-04-15 16:49:15, INFO: running 506/3600 episode, simulation environment: circle_crossing
2025-04-15 16:49:16, INFO: 506/3600 episode: Collision! Total Reward: -25.162, R_dan: 0.76, R_goal: 0, R_col: -25.0, R_km: -1.75, R_col_wall: 0, R_wall_min_dist: -0.093, R_way_point_dist: 0.6, R_wp: 0.315, timeout: 0
2025-04-15 16:49:16, INFO: Path length: 10.72121404316258
2025-04-15 16:49:16, INFO: Path left: 69.77992744288466
2025-04-15 16:49:16, INFO: Actions: 20
2025-04-15 16:49:16, INFO: Coordinates: -0.6751457303762436 -8.570827288553119
2025-04-15 16:49:16, INFO: Stops times: 0

2025-04-15 16:49:18, INFO: human number: 8
2025-04-15 16:49:19, INFO: running 507/3600 episode, simulation environment: circle_static
2025-04-15 16:49:19, INFO: 507/3600 episode: Collision! Total Reward: -17.196, R_dan: 3.11, R_goal: 0, R_col: -25.0, R_km: 0.3, R_col_wall: 0, R_wall_min_dist: -0.966, R_way_point_dist: 2.49, R_wp: 2.85, timeout: 0
2025-04-15 16:49:19, INFO: Path length: 35.36505667751079
2025-04-15 16:49:19, INFO: Path left: 43.59822272697447
2025-04-15 16:49:19, INFO: Actions: 83
2025-04-15 16:49:19, INFO: Coordinates: -3.984910836443305 10.51833676546812
2025-04-15 16:49:19, INFO: Stops times: 0

2025-04-15 16:49:22, INFO: human number: 8
2025-04-15 16:49:22, INFO: running 508/3600 episode, simulation environment: no
2025-04-15 16:49:22, INFO: 508/3600 episode: Success! Total Reward: 20.56, R_dan: 4.9, R_goal: 10.0, R_col: 0, R_km: 3.25, R_col_wall: 0, R_wall_min_dist: -12.228, R_way_point_dist: 2.94, R_wp: 11.7, timeout: 0
2025-04-15 16:49:22, INFO: Path length: 72.2339464304474
2025-04-15 16:49:22, INFO: Path left: 0
2025-04-15 16:49:22, INFO: Actions: 98
2025-04-15 16:49:22, INFO: Coordinates: -8.48644938133657 30.50919485837221
2025-04-15 16:49:22, INFO: Stops times: 3

2025-04-15 16:49:24, INFO: human number: 8
2025-04-15 16:49:25, INFO: running 509/3600 episode, simulation environment: circle_crossing
2025-04-15 16:49:25, INFO: 509/3600 episode: Collision! Total Reward: -23.942, R_dan: 0.27, R_goal: 0, R_col: -25.0, R_km: 0.35, R_col_wall: 0, R_wall_min_dist: -0.0, R_way_point_dist: 0.21, R_wp: 0.225, timeout: 0
2025-04-15 16:49:25, INFO: Path length: 7.842435726884118
2025-04-15 16:49:25, INFO: Path left: 73.25184756748213
2025-04-15 16:49:25, INFO: Actions: 7
2025-04-15 16:49:25, INFO: Coordinates: 2.6883025765419006 -8.937642708420753
2025-04-15 16:49:25, INFO: Stops times: 0

2025-04-15 16:49:27, INFO: human number: 8
2025-04-15 16:49:28, INFO: running 510/3600 episode, simulation environment: circle_static
2025-04-15 16:49:28, INFO: 510/3600 episode: Collision! Total Reward: -23.183, R_dan: 0.51, R_goal: 0, R_col: -25.0, R_km: 0.75, R_col_wall: 0, R_wall_min_dist: -0.125, R_way_point_dist: 0.45, R_wp: 0.225, timeout: 0
2025-04-15 16:49:28, INFO: Path length: 7.769929776080293
2025-04-15 16:49:28, INFO: Path left: 72.85278659225581
2025-04-15 16:49:28, INFO: Actions: 15
2025-04-15 16:49:28, INFO: Coordinates: 2.2427966594696045 -8.57478654384613
2025-04-15 16:49:28, INFO: Stops times: 0

2025-04-15 16:49:31, INFO: human number: 8
2025-04-15 16:49:31, INFO: running 511/3600 episode, simulation environment: no
2025-04-15 16:49:31, INFO: 511/3600 episode: Success! Total Reward: 20.56, R_dan: 4.9, R_goal: 10.0, R_col: 0, R_km: 3.25, R_col_wall: 0, R_wall_min_dist: -12.228, R_way_point_dist: 2.94, R_wp: 11.7, timeout: 0
2025-04-15 16:49:31, INFO: Path length: 72.2339464304474
2025-04-15 16:49:31, INFO: Path left: 0
2025-04-15 16:49:31, INFO: Actions: 98
2025-04-15 16:49:31, INFO: Coordinates: -8.48644938133657 30.50919485837221
2025-04-15 16:49:31, INFO: Stops times: 3

2025-04-15 16:49:33, INFO: human number: 8
2025-04-15 16:49:34, INFO: running 512/3600 episode, simulation environment: circle_crossing
2025-04-15 16:49:34, INFO: 512/3600 episode: Collision! Total Reward: -24.702, R_dan: 0.95, R_goal: 0, R_col: -25.0, R_km: -1.95, R_col_wall: 0, R_wall_min_dist: 0.065, R_way_point_dist: 0.81, R_wp: 0.42, timeout: 0
2025-04-15 16:49:34, INFO: Path length: 11.665297938832673
2025-04-15 16:49:34, INFO: Path left: 68.80214413442509
2025-04-15 16:49:34, INFO: Actions: 27
2025-04-15 16:49:34, INFO: Coordinates: -2.071513120085001 -10.015854395925999
2025-04-15 16:49:34, INFO: Stops times: 0

2025-04-15 16:49:37, INFO: human number: 8
2025-04-15 16:49:37, INFO: running 513/3600 episode, simulation environment: circle_static
2025-04-15 16:49:37, INFO: 513/3600 episode: Collision! Total Reward: -20.495, R_dan: 1.43, R_goal: 0, R_col: -25.0, R_km: 0.5, R_col_wall: 0, R_wall_min_dist: 0.106, R_way_point_dist: 1.29, R_wp: 1.17, timeout: 0
2025-04-15 16:49:37, INFO: Path length: 20.968846049557268
2025-04-15 16:49:37, INFO: Path left: 58.97139821754819
2025-04-15 16:49:37, INFO: Actions: 43
2025-04-15 16:49:37, INFO: Coordinates: -8.547171354293823 -3.2475423556752503
2025-04-15 16:49:37, INFO: Stops times: 1

2025-04-15 16:49:40, INFO: human number: 8
2025-04-15 16:49:40, INFO: running 514/3600 episode, simulation environment: no
2025-04-15 16:49:40, INFO: 514/3600 episode: Success! Total Reward: 20.56, R_dan: 4.9, R_goal: 10.0, R_col: 0, R_km: 3.25, R_col_wall: 0, R_wall_min_dist: -12.228, R_way_point_dist: 2.94, R_wp: 11.7, timeout: 0
2025-04-15 16:49:40, INFO: Path length: 72.2339464304474
2025-04-15 16:49:40, INFO: Path left: 0
2025-04-15 16:49:40, INFO: Actions: 98
2025-04-15 16:49:40, INFO: Coordinates: -8.48644938133657 30.50919485837221
2025-04-15 16:49:40, INFO: Stops times: 3

2025-04-15 16:49:42, INFO: human number: 8
2025-04-15 16:49:43, INFO: running 515/3600 episode, simulation environment: circle_crossing
2025-04-15 16:49:44, INFO: 515/3600 episode: Collision! Total Reward: -14.654, R_dan: 3.48, R_goal: 0, R_col: -25.0, R_km: 1.85, R_col_wall: 0, R_wall_min_dist: -1.493, R_way_point_dist: 2.69, R_wp: 3.795, timeout: 0
2025-04-15 16:49:44, INFO: Path length: 41.182087549440894
2025-04-15 16:49:44, INFO: Path left: 37.879096674237644
2025-04-15 16:49:44, INFO: Actions: 92
2025-04-15 16:49:44, INFO: Coordinates: 1.4635883402079344 11.72877599298954
2025-04-15 16:49:44, INFO: Stops times: 1

2025-04-15 16:49:46, INFO: human number: 8
2025-04-15 16:49:47, INFO: running 516/3600 episode, simulation environment: circle_static
2025-04-15 16:49:47, INFO: 516/3600 episode: Collision! Total Reward: -24.208, R_dan: 0.57, R_goal: 0, R_col: -25.0, R_km: -0.6, R_col_wall: 0, R_wall_min_dist: -0.235, R_way_point_dist: 0.63, R_wp: 0.42, timeout: 0
2025-04-15 16:49:47, INFO: Path length: 11.530734590108768
2025-04-15 16:49:47, INFO: Path left: 68.621841285879
2025-04-15 16:49:47, INFO: Actions: 21
2025-04-15 16:49:47, INFO: Coordinates: -1.5910981968045235 -8.361424272879958
2025-04-15 16:49:47, INFO: Stops times: 0

2025-04-15 16:49:49, INFO: human number: 8
2025-04-15 16:49:49, INFO: running 517/3600 episode, simulation environment: no
2025-04-15 16:49:50, INFO: 517/3600 episode: Success! Total Reward: 20.56, R_dan: 4.9, R_goal: 10.0, R_col: 0, R_km: 3.25, R_col_wall: 0, R_wall_min_dist: -12.228, R_way_point_dist: 2.94, R_wp: 11.7, timeout: 0
2025-04-15 16:49:50, INFO: Path length: 72.2339464304474
2025-04-15 16:49:50, INFO: Path left: 0
2025-04-15 16:49:50, INFO: Actions: 98
2025-04-15 16:49:50, INFO: Coordinates: -8.48644938133657 30.50919485837221
2025-04-15 16:49:50, INFO: Stops times: 3

2025-04-15 16:49:52, INFO: human number: 8
2025-04-15 16:49:53, INFO: running 518/3600 episode, simulation environment: circle_crossing
2025-04-15 16:49:53, INFO: 518/3600 episode: Success! Total Reward: 33.866, R_dan: 6.85, R_goal: 10.0, R_col: 0, R_km: 5.75, R_col_wall: 0, R_wall_min_dist: -4.554, R_way_point_dist: 4.11, R_wp: 11.7, timeout: 0
2025-04-15 16:49:53, INFO: Path length: 77.06787339751243
2025-04-15 16:49:53, INFO: Path left: 0
2025-04-15 16:49:53, INFO: Actions: 137
2025-04-15 16:49:53, INFO: Coordinates: -8.295835447497666 31.052503949031234
2025-04-15 16:49:53, INFO: Stops times: 1

2025-04-15 16:49:56, INFO: human number: 8
2025-04-15 16:49:56, INFO: running 519/3600 episode, simulation environment: circle_static
2025-04-15 16:49:57, INFO: 519/3600 episode: Success! Total Reward: 34.904, R_dan: 6.5, R_goal: 10.0, R_col: 0, R_km: 5.25, R_col_wall: 0, R_wall_min_dist: -2.704, R_way_point_dist: 4.14, R_wp: 11.7, timeout: 0
2025-04-15 16:49:57, INFO: Path length: 77.39768589724308
2025-04-15 16:49:57, INFO: Path left: 0
2025-04-15 16:49:57, INFO: Actions: 138
2025-04-15 16:49:57, INFO: Coordinates: -8.802747251000255 30.783720694482327
2025-04-15 16:49:57, INFO: Stops times: 0

2025-04-15 16:50:00, INFO: human number: 8
2025-04-15 16:50:00, INFO: running 520/3600 episode, simulation environment: no
2025-04-15 16:50:00, INFO: 520/3600 episode: Success! Total Reward: 20.56, R_dan: 4.9, R_goal: 10.0, R_col: 0, R_km: 3.25, R_col_wall: 0, R_wall_min_dist: -12.228, R_way_point_dist: 2.94, R_wp: 11.7, timeout: 0
2025-04-15 16:50:00, INFO: Path length: 72.2339464304474
2025-04-15 16:50:00, INFO: Path left: 0
2025-04-15 16:50:00, INFO: Actions: 98
2025-04-15 16:50:00, INFO: Coordinates: -8.48644938133657 30.50919485837221
2025-04-15 16:50:00, INFO: Stops times: 3

2025-04-15 16:50:02, INFO: human number: 8
2025-04-15 16:50:03, INFO: running 521/3600 episode, simulation environment: circle_crossing
2025-04-15 16:50:03, INFO: 521/3600 episode: Collision! Total Reward: -22.534, R_dan: 1.04, R_goal: 0, R_col: -25.0, R_km: 0.1, R_col_wall: 0, R_wall_min_dist: 0.057, R_way_point_dist: 0.72, R_wp: 0.54, timeout: 0
2025-04-15 16:50:03, INFO: Path length: 12.324715209811115
2025-04-15 16:50:03, INFO: Path left: 67.66473832527792
2025-04-15 16:50:03, INFO: Actions: 24
2025-04-15 16:50:03, INFO: Coordinates: -2.72301809489727 -8.999675638973713
2025-04-15 16:50:03, INFO: Stops times: 0

2025-04-15 16:50:05, INFO: human number: 8
2025-04-15 16:50:06, INFO: running 522/3600 episode, simulation environment: circle_static
2025-04-15 16:50:07, INFO: 522/3600 episode: Success! Total Reward: 32.254, R_dan: 6.79, R_goal: 10.0, R_col: 0, R_km: 0.2, R_col_wall: 0, R_wall_min_dist: -0.874, R_way_point_dist: 4.41, R_wp: 11.7, timeout: 0
2025-04-15 16:50:07, INFO: Path length: 79.042899324518
2025-04-15 16:50:07, INFO: Path left: 0
2025-04-15 16:50:07, INFO: Actions: 147
2025-04-15 16:50:07, INFO: Coordinates: -8.958993448875844 31.069229340180755
2025-04-15 16:50:07, INFO: Stops times: 2

2025-04-15 16:50:09, INFO: human number: 8
2025-04-15 16:50:09, INFO: running 523/3600 episode, simulation environment: no
2025-04-15 16:50:09, INFO: 523/3600 episode: Success! Total Reward: 20.56, R_dan: 4.9, R_goal: 10.0, R_col: 0, R_km: 3.25, R_col_wall: 0, R_wall_min_dist: -12.228, R_way_point_dist: 2.94, R_wp: 11.7, timeout: 0
2025-04-15 16:50:09, INFO: Path length: 72.2339464304474
2025-04-15 16:50:09, INFO: Path left: 0
2025-04-15 16:50:09, INFO: Actions: 98
2025-04-15 16:50:09, INFO: Coordinates: -8.48644938133657 30.50919485837221
2025-04-15 16:50:09, INFO: Stops times: 3

2025-04-15 16:50:12, INFO: human number: 8
2025-04-15 16:50:12, INFO: running 524/3600 episode, simulation environment: circle_crossing
2025-04-15 16:50:13, INFO: 524/3600 episode: Success! Total Reward: 32.924, R_dan: 6.79, R_goal: 10.0, R_col: 0, R_km: 2.8, R_col_wall: 0, R_wall_min_dist: -2.48, R_way_point_dist: 4.09, R_wp: 11.7, timeout: 0
2025-04-15 16:50:13, INFO: Path length: 83.7961997973061
2025-04-15 16:50:13, INFO: Path left: 0
2025-04-15 16:50:13, INFO: Actions: 155
2025-04-15 16:50:13, INFO: Coordinates: -9.529285361990333 31.194773690775037
2025-04-15 16:50:13, INFO: Stops times: 1

2025-04-15 16:50:16, INFO: human number: 8
2025-04-15 16:50:16, INFO: running 525/3600 episode, simulation environment: circle_static
2025-04-15 16:50:17, INFO: 525/3600 episode: Success! Total Reward: 18.006, R_dan: 6.61, R_goal: 10.0, R_col: 0, R_km: -8.6, R_col_wall: 0, R_wall_min_dist: -6.288, R_way_point_dist: 4.58, R_wp: 11.7, timeout: 0
2025-04-15 16:50:17, INFO: Path length: 83.26776271001366
2025-04-15 16:50:17, INFO: Path left: 0
2025-04-15 16:50:17, INFO: Actions: 169
2025-04-15 16:50:17, INFO: Coordinates: -9.49727482907474 31.394878374878317
2025-04-15 16:50:17, INFO: Stops times: 0

2025-04-15 16:50:20, INFO: human number: 8
2025-04-15 16:50:20, INFO: running 526/3600 episode, simulation environment: no
2025-04-15 16:50:20, INFO: 526/3600 episode: Success! Total Reward: 20.56, R_dan: 4.9, R_goal: 10.0, R_col: 0, R_km: 3.25, R_col_wall: 0, R_wall_min_dist: -12.228, R_way_point_dist: 2.94, R_wp: 11.7, timeout: 0
2025-04-15 16:50:20, INFO: Path length: 72.2339464304474
2025-04-15 16:50:20, INFO: Path left: 0
2025-04-15 16:50:20, INFO: Actions: 98
2025-04-15 16:50:20, INFO: Coordinates: -8.48644938133657 30.50919485837221
2025-04-15 16:50:20, INFO: Stops times: 3

2025-04-15 16:50:22, INFO: human number: 8
2025-04-15 16:50:23, INFO: running 527/3600 episode, simulation environment: circle_crossing
2025-04-15 16:50:23, INFO: 527/3600 episode: Collision! Total Reward: -24.002, R_dan: 0.27, R_goal: 0, R_col: -25.0, R_km: 0.35, R_col_wall: 0, R_wall_min_dist: 0.015, R_way_point_dist: 0.21, R_wp: 0.15, timeout: 0
2025-04-15 16:50:23, INFO: Path length: 7.06910548146287
2025-04-15 16:50:23, INFO: Path left: 74.07693363956375
2025-04-15 16:50:23, INFO: Actions: 7
2025-04-15 16:50:23, INFO: Coordinates: 3.5103437304496765 -9.292254246771336
2025-04-15 16:50:23, INFO: Stops times: 0

2025-04-15 16:50:26, INFO: human number: 8
2025-04-15 16:50:26, INFO: running 528/3600 episode, simulation environment: circle_static
2025-04-15 16:50:27, INFO: 528/3600 episode: Success! Total Reward: 28.01, R_dan: 8.5, R_goal: 10.0, R_col: 0, R_km: -5.55, R_col_wall: 0, R_wall_min_dist: -2.106, R_way_point_dist: 5.44, R_wp: 11.7, timeout: 0
2025-04-15 16:50:27, INFO: Path length: 81.09650902529374
2025-04-15 16:50:27, INFO: Path left: 0
2025-04-15 16:50:27, INFO: Actions: 186
2025-04-15 16:50:27, INFO: Coordinates: -9.71516475547105 30.49757512519136
2025-04-15 16:50:27, INFO: Stops times: 1

2025-04-15 16:50:29, INFO: human number: 8
2025-04-15 16:50:29, INFO: running 529/3600 episode, simulation environment: no
2025-04-15 16:50:30, INFO: 529/3600 episode: Success! Total Reward: 20.56, R_dan: 4.9, R_goal: 10.0, R_col: 0, R_km: 3.25, R_col_wall: 0, R_wall_min_dist: -12.228, R_way_point_dist: 2.94, R_wp: 11.7, timeout: 0
2025-04-15 16:50:30, INFO: Path length: 72.2339464304474
2025-04-15 16:50:30, INFO: Path left: 0
2025-04-15 16:50:30, INFO: Actions: 98
2025-04-15 16:50:30, INFO: Coordinates: -8.48644938133657 30.50919485837221
2025-04-15 16:50:30, INFO: Stops times: 3

2025-04-15 16:50:32, INFO: human number: 8
2025-04-15 16:50:33, INFO: running 530/3600 episode, simulation environment: circle_crossing
2025-04-15 16:50:33, INFO: 530/3600 episode: Collision! Total Reward: -24.685, R_dan: 1.36, R_goal: 0, R_col: -25.0, R_km: -2.0, R_col_wall: 0, R_wall_min_dist: -1.483, R_way_point_dist: 1.44, R_wp: 0.99, timeout: 0
2025-04-15 16:50:33, INFO: Path length: 19.88578782513491
2025-04-15 16:50:33, INFO: Path left: 59.99007532231865
2025-04-15 16:50:33, INFO: Actions: 48
2025-04-15 16:50:33, INFO: Coordinates: -7.991496507078409 -4.051921434700489
2025-04-15 16:50:33, INFO: Stops times: 1

2025-04-15 16:50:36, INFO: human number: 8
2025-04-15 16:50:36, INFO: running 531/3600 episode, simulation environment: circle_static
2025-04-15 16:50:36, INFO: 531/3600 episode: Collision! Total Reward: -23.009, R_dan: 0.87, R_goal: 0, R_col: -25.0, R_km: -0.3, R_col_wall: 0, R_wall_min_dist: 0.065, R_way_point_dist: 0.81, R_wp: 0.54, timeout: 0
2025-04-15 16:50:36, INFO: Path length: 13.703184818098785
2025-04-15 16:50:36, INFO: Path left: 66.39032385368127
2025-04-15 16:50:36, INFO: Actions: 27
2025-04-15 16:50:36, INFO: Coordinates: -3.78901144862175 -8.301110181957483
2025-04-15 16:50:36, INFO: Stops times: 0

2025-04-15 16:50:39, INFO: human number: 8
2025-04-15 16:50:39, INFO: running 532/3600 episode, simulation environment: no
2025-04-15 16:50:39, INFO: 532/3600 episode: Success! Total Reward: 20.56, R_dan: 4.9, R_goal: 10.0, R_col: 0, R_km: 3.25, R_col_wall: 0, R_wall_min_dist: -12.228, R_way_point_dist: 2.94, R_wp: 11.7, timeout: 0
2025-04-15 16:50:39, INFO: Path length: 72.2339464304474
2025-04-15 16:50:39, INFO: Path left: 0
2025-04-15 16:50:39, INFO: Actions: 98
2025-04-15 16:50:39, INFO: Coordinates: -8.48644938133657 30.50919485837221
2025-04-15 16:50:39, INFO: Stops times: 3

2025-04-15 16:50:41, INFO: human number: 8
2025-04-15 16:50:42, INFO: running 533/3600 episode, simulation environment: circle_crossing
2025-04-15 16:50:43, INFO: 533/3600 episode: Collision! Total Reward: -21.396, R_dan: 1.93, R_goal: 0, R_col: -25.0, R_km: 1.8, R_col_wall: 0, R_wall_min_dist: -5.35, R_way_point_dist: 2.07, R_wp: 3.15, timeout: 0
2025-04-15 16:50:43, INFO: Path length: 34.70348375874688
2025-04-15 16:50:43, INFO: Path left: 42.10293182422117
2025-04-15 16:50:43, INFO: Actions: 69
2025-04-15 16:50:43, INFO: Coordinates: -2.1802749782800674 9.508684538304806
2025-04-15 16:50:43, INFO: Stops times: 1

2025-04-15 16:50:45, INFO: human number: 8
2025-04-15 16:50:45, INFO: running 534/3600 episode, simulation environment: circle_static
2025-04-15 16:50:46, INFO: 534/3600 episode: Collision! Total Reward: -25.312, R_dan: 0.49, R_goal: 0, R_col: -25.0, R_km: -1.0, R_col_wall: 0, R_wall_min_dist: -0.212, R_way_point_dist: 0.18, R_wp: 0.225, timeout: 0
2025-04-15 16:50:46, INFO: Path length: 8.930190078113787
2025-04-15 16:50:46, INFO: Path left: 72.66835406438409
2025-04-15 16:50:46, INFO: Actions: 13
2025-04-15 16:50:46, INFO: Coordinates: 2.112775906920433 -9.080309674143791
2025-04-15 16:50:46, INFO: Stops times: 1

2025-04-15 16:50:48, INFO: human number: 8
2025-04-15 16:50:48, INFO: running 535/3600 episode, simulation environment: no
2025-04-15 16:50:48, INFO: 535/3600 episode: Success! Total Reward: 20.56, R_dan: 4.9, R_goal: 10.0, R_col: 0, R_km: 3.25, R_col_wall: 0, R_wall_min_dist: -12.228, R_way_point_dist: 2.94, R_wp: 11.7, timeout: 0
2025-04-15 16:50:48, INFO: Path length: 72.2339464304474
2025-04-15 16:50:48, INFO: Path left: 0
2025-04-15 16:50:48, INFO: Actions: 98
2025-04-15 16:50:48, INFO: Coordinates: -8.48644938133657 30.50919485837221
2025-04-15 16:50:48, INFO: Stops times: 3

2025-04-15 16:50:51, INFO: human number: 8
2025-04-15 16:50:51, INFO: running 536/3600 episode, simulation environment: circle_crossing
2025-04-15 16:50:52, INFO: 536/3600 episode: Collision! Total Reward: -22.753, R_dan: 0.66, R_goal: 0, R_col: -25.0, R_km: 0.2, R_col_wall: 0, R_wall_min_dist: 0.062, R_way_point_dist: 0.78, R_wp: 0.54, timeout: 0
2025-04-15 16:50:52, INFO: Path length: 12.713201460887142
2025-04-15 16:50:52, INFO: Path left: 67.53398368522065
2025-04-15 16:50:52, INFO: Actions: 26
2025-04-15 16:50:52, INFO: Coordinates: -3.0839713662862778 -9.287581071257591
2025-04-15 16:50:52, INFO: Stops times: 0

2025-04-15 16:50:54, INFO: human number: 8
2025-04-15 16:50:54, INFO: running 537/3600 episode, simulation environment: circle_static
2025-04-15 16:50:55, INFO: 537/3600 episode: Collision! Total Reward: -15.136, R_dan: 6.29, R_goal: 0, R_col: -25.0, R_km: -11.25, R_col_wall: 0, R_wall_min_dist: -2.346, R_way_point_dist: 5.44, R_wp: 11.7, timeout: 0
2025-04-15 16:50:55, INFO: Path length: 83.09672350114879
2025-04-15 16:50:55, INFO: Path left: 2.9666779316130594
2025-04-15 16:50:55, INFO: Actions: 193
2025-04-15 16:50:55, INFO: Coordinates: -12.930013800039887 29.147198064252734
2025-04-15 16:50:55, INFO: Stops times: 0

2025-04-15 16:50:58, INFO: human number: 8
2025-04-15 16:50:58, INFO: running 538/3600 episode, simulation environment: no
2025-04-15 16:50:58, INFO: 538/3600 episode: Success! Total Reward: 20.56, R_dan: 4.9, R_goal: 10.0, R_col: 0, R_km: 3.25, R_col_wall: 0, R_wall_min_dist: -12.228, R_way_point_dist: 2.94, R_wp: 11.7, timeout: 0
2025-04-15 16:50:58, INFO: Path length: 72.2339464304474
2025-04-15 16:50:58, INFO: Path left: 0
2025-04-15 16:50:58, INFO: Actions: 98
2025-04-15 16:50:58, INFO: Coordinates: -8.48644938133657 30.50919485837221
2025-04-15 16:50:58, INFO: Stops times: 3

2025-04-15 16:51:01, INFO: human number: 8
2025-04-15 16:51:01, INFO: running 539/3600 episode, simulation environment: circle_crossing
2025-04-15 16:51:02, INFO: 539/3600 episode: Collision! Total Reward: -25.389, R_dan: 0.78, R_goal: 0, R_col: -25.0, R_km: -2.2, R_col_wall: 0, R_wall_min_dist: 0.052, R_way_point_dist: 0.66, R_wp: 0.315, timeout: 0
2025-04-15 16:51:02, INFO: Path length: 9.090772498741874
2025-04-15 16:51:02, INFO: Path left: 71.19599722814284
2025-04-15 16:51:02, INFO: Actions: 22
2025-04-15 16:51:02, INFO: Coordinates: 0.5322805382311344 -10.084584701806307
2025-04-15 16:51:02, INFO: Stops times: 0

2025-04-15 16:51:04, INFO: human number: 8
2025-04-15 16:51:04, INFO: running 540/3600 episode, simulation environment: circle_static
2025-04-15 16:51:05, INFO: 540/3600 episode: Collision! Total Reward: -25.43, R_dan: 0.04, R_goal: 0, R_col: -25.0, R_km: -1.35, R_col_wall: 0, R_wall_min_dist: -0.506, R_way_point_dist: 0.84, R_wp: 0.54, timeout: 0
2025-04-15 16:51:05, INFO: Path length: 14.050627455665252
2025-04-15 16:51:05, INFO: Path left: 65.86346921537995
2025-04-15 16:51:05, INFO: Actions: 28
2025-04-15 16:51:05, INFO: Coordinates: -4.0229567512869835 -7.6418473944067955
2025-04-15 16:51:05, INFO: Stops times: 0

2025-04-15 16:51:07, INFO: human number: 8
2025-04-15 16:51:07, INFO: running 541/3600 episode, simulation environment: no
2025-04-15 16:51:07, INFO: 541/3600 episode: Success! Total Reward: 20.56, R_dan: 4.9, R_goal: 10.0, R_col: 0, R_km: 3.25, R_col_wall: 0, R_wall_min_dist: -12.228, R_way_point_dist: 2.94, R_wp: 11.7, timeout: 0
2025-04-15 16:51:07, INFO: Path length: 72.2339464304474
2025-04-15 16:51:07, INFO: Path left: 0
2025-04-15 16:51:07, INFO: Actions: 98
2025-04-15 16:51:07, INFO: Coordinates: -8.48644938133657 30.50919485837221
2025-04-15 16:51:07, INFO: Stops times: 3

2025-04-15 16:51:10, INFO: human number: 8
2025-04-15 16:51:10, INFO: running 542/3600 episode, simulation environment: circle_crossing
2025-04-15 16:51:11, INFO: 542/3600 episode: Collision! Total Reward: -24.517, R_dan: 0.15, R_goal: 0, R_col: -25.0, R_km: 0.25, R_col_wall: 0, R_wall_min_dist: -1.406, R_way_point_dist: 0.81, R_wp: 0.675, timeout: 0
2025-04-15 16:51:11, INFO: Path length: 14.907108822829587
2025-04-15 16:51:11, INFO: Path left: 64.5750679653542
2025-04-15 16:51:11, INFO: Actions: 27
2025-04-15 16:51:11, INFO: Coordinates: -4.574895814061165 -6.487980838865042
2025-04-15 16:51:11, INFO: Stops times: 0

2025-04-15 16:51:13, INFO: human number: 8
2025-04-15 16:51:13, INFO: running 543/3600 episode, simulation environment: circle_static
2025-04-15 16:51:14, INFO: 543/3600 episode: Collision! Total Reward: -24.619, R_dan: 0.71, R_goal: 0, R_col: -25.0, R_km: -1.55, R_col_wall: 0, R_wall_min_dist: -0.369, R_way_point_dist: 0.91, R_wp: 0.675, timeout: 0
2025-04-15 16:51:14, INFO: Path length: 15.274708904095535
2025-04-15 16:51:14, INFO: Path left: 65.23268670433112
2025-04-15 16:51:14, INFO: Actions: 35
2025-04-15 16:51:14, INFO: Coordinates: -4.425325496122241 -7.445048900321126
2025-04-15 16:51:14, INFO: Stops times: 1

2025-04-15 16:51:16, INFO: human number: 8
2025-04-15 16:51:16, INFO: running 544/3600 episode, simulation environment: no
2025-04-15 16:51:17, INFO: 544/3600 episode: Success! Total Reward: 20.56, R_dan: 4.9, R_goal: 10.0, R_col: 0, R_km: 3.25, R_col_wall: 0, R_wall_min_dist: -12.228, R_way_point_dist: 2.94, R_wp: 11.7, timeout: 0
2025-04-15 16:51:17, INFO: Path length: 72.2339464304474
2025-04-15 16:51:17, INFO: Path left: 0
2025-04-15 16:51:17, INFO: Actions: 98
2025-04-15 16:51:17, INFO: Coordinates: -8.48644938133657 30.50919485837221
2025-04-15 16:51:17, INFO: Stops times: 3

2025-04-15 16:51:19, INFO: human number: 8
2025-04-15 16:51:20, INFO: running 545/3600 episode, simulation environment: circle_crossing
2025-04-15 16:51:20, INFO: 545/3600 episode: Collision! Total Reward: -11.468, R_dan: 3.95, R_goal: 0, R_col: -25.0, R_km: 4.2, R_col_wall: 0, R_wall_min_dist: -2.356, R_way_point_dist: 2.85, R_wp: 4.875, timeout: 0
2025-04-15 16:51:20, INFO: Path length: 47.38727385934159
2025-04-15 16:51:20, INFO: Path left: 31.131765730674527
2025-04-15 16:51:20, INFO: Actions: 95
2025-04-15 16:51:20, INFO: Coordinates: 6.047046294435859 15.624874407891184
2025-04-15 16:51:20, INFO: Stops times: 0

2025-04-15 16:51:23, INFO: human number: 8
2025-04-15 16:51:23, INFO: running 546/3600 episode, simulation environment: circle_static
2025-04-15 16:51:24, INFO: 546/3600 episode: Success! Total Reward: 31.562, R_dan: 6.66, R_goal: 10.0, R_col: 0, R_km: 5.1, R_col_wall: 0, R_wall_min_dist: -5.847, R_way_point_dist: 3.96, R_wp: 11.7, timeout: 0
2025-04-15 16:51:24, INFO: Path length: 80.45999840696456
2025-04-15 16:51:24, INFO: Path left: 0
2025-04-15 16:51:24, INFO: Actions: 146
2025-04-15 16:51:24, INFO: Coordinates: -10.740331806242466 30.53166899830103
2025-04-15 16:51:24, INFO: Stops times: 1

2025-04-15 16:51:26, INFO: human number: 8
2025-04-15 16:51:26, INFO: running 547/3600 episode, simulation environment: no
2025-04-15 16:51:27, INFO: 547/3600 episode: Success! Total Reward: 20.56, R_dan: 4.9, R_goal: 10.0, R_col: 0, R_km: 3.25, R_col_wall: 0, R_wall_min_dist: -12.228, R_way_point_dist: 2.94, R_wp: 11.7, timeout: 0
2025-04-15 16:51:27, INFO: Path length: 72.2339464304474
2025-04-15 16:51:27, INFO: Path left: 0
2025-04-15 16:51:27, INFO: Actions: 98
2025-04-15 16:51:27, INFO: Coordinates: -8.48644938133657 30.50919485837221
2025-04-15 16:51:27, INFO: Stops times: 3

2025-04-15 16:51:29, INFO: human number: 8
2025-04-15 16:51:30, INFO: running 548/3600 episode, simulation environment: circle_crossing
2025-04-15 16:51:30, INFO: 548/3600 episode: Collision! Total Reward: -20.505, R_dan: 1.64, R_goal: 0, R_col: -25.0, R_km: 1.35, R_col_wall: 0, R_wall_min_dist: -2.099, R_way_point_dist: 1.8, R_wp: 1.8, timeout: 0
2025-04-15 16:51:30, INFO: Path length: 25.938296552328826
2025-04-15 16:51:30, INFO: Path left: 52.88181294134298
2025-04-15 16:51:30, INFO: Actions: 60
2025-04-15 16:51:30, INFO: Coordinates: -7.286061292514205 1.8414010647684336
2025-04-15 16:51:30, INFO: Stops times: 0

2025-04-15 16:51:32, INFO: human number: 8
2025-04-15 16:51:33, INFO: running 549/3600 episode, simulation environment: circle_static
2025-04-15 16:51:34, INFO: 549/3600 episode: Success! Total Reward: 19.672, R_dan: 7.79, R_goal: 10.0, R_col: 0, R_km: -9.8, R_col_wall: 0, R_wall_min_dist: -5.044, R_way_point_dist: 5.01, R_wp: 11.7, timeout: 0
2025-04-15 16:51:34, INFO: Path length: 76.88873409106499
2025-04-15 16:51:34, INFO: Path left: 0
2025-04-15 16:51:34, INFO: Actions: 167
2025-04-15 16:51:34, INFO: Coordinates: -8.659730643965304 30.609897892922163
2025-04-15 16:51:34, INFO: Stops times: 0

2025-04-15 16:51:36, INFO: human number: 8
2025-04-15 16:51:36, INFO: running 550/3600 episode, simulation environment: no
2025-04-15 16:51:37, INFO: 550/3600 episode: Success! Total Reward: 20.56, R_dan: 4.9, R_goal: 10.0, R_col: 0, R_km: 3.25, R_col_wall: 0, R_wall_min_dist: -12.228, R_way_point_dist: 2.94, R_wp: 11.7, timeout: 0
2025-04-15 16:51:37, INFO: Path length: 72.2339464304474
2025-04-15 16:51:37, INFO: Path left: 0
2025-04-15 16:51:37, INFO: Actions: 98
2025-04-15 16:51:37, INFO: Coordinates: -8.48644938133657 30.50919485837221
2025-04-15 16:51:37, INFO: Stops times: 3

2025-04-15 16:51:39, INFO: human number: 8
2025-04-15 16:51:40, INFO: running 551/3600 episode, simulation environment: circle_crossing
2025-04-15 16:51:40, INFO: 551/3600 episode: Collision! Total Reward: -23.998, R_dan: 0.47, R_goal: 0, R_col: -25.0, R_km: 0.0, R_col_wall: 0, R_wall_min_dist: -0.025, R_way_point_dist: 0.33, R_wp: 0.225, timeout: 0
2025-04-15 16:51:40, INFO: Path length: 8.303438829367929
2025-04-15 16:51:40, INFO: Path left: 72.82032485693863
2025-04-15 16:51:40, INFO: Actions: 11
2025-04-15 16:51:40, INFO: Coordinates: 2.241780035197735 -8.800036408007145
2025-04-15 16:51:40, INFO: Stops times: 0

2025-04-15 16:51:42, INFO: human number: 8
2025-04-15 16:51:43, INFO: running 552/3600 episode, simulation environment: circle_static
2025-04-15 16:51:43, INFO: 552/3600 episode: Collision! Total Reward: -12.171, R_dan: 6.16, R_goal: 0, R_col: -25.0, R_km: -8.1, R_col_wall: 0, R_wall_min_dist: -1.852, R_way_point_dist: 4.9, R_wp: 11.7, timeout: 0
2025-04-15 16:51:43, INFO: Path length: 83.27137999001151
2025-04-15 16:51:43, INFO: Path left: 1.4351767143407272
2025-04-15 16:51:43, INFO: Actions: 168
2025-04-15 16:51:43, INFO: Coordinates: -11.871747698402032 31.491395430639386
2025-04-15 16:51:43, INFO: Stops times: 1

2025-04-15 16:51:46, INFO: human number: 8
2025-04-15 16:51:46, INFO: running 553/3600 episode, simulation environment: no
2025-04-15 16:51:46, INFO: 553/3600 episode: Success! Total Reward: 20.56, R_dan: 4.9, R_goal: 10.0, R_col: 0, R_km: 3.25, R_col_wall: 0, R_wall_min_dist: -12.228, R_way_point_dist: 2.94, R_wp: 11.7, timeout: 0
2025-04-15 16:51:46, INFO: Path length: 72.2339464304474
2025-04-15 16:51:46, INFO: Path left: 0
2025-04-15 16:51:46, INFO: Actions: 98
2025-04-15 16:51:46, INFO: Coordinates: -8.48644938133657 30.50919485837221
2025-04-15 16:51:46, INFO: Stops times: 3

2025-04-15 16:51:49, INFO: human number: 8
2025-04-15 16:51:49, INFO: running 554/3600 episode, simulation environment: circle_crossing
2025-04-15 16:51:50, INFO: 554/3600 episode: Success! Total Reward: 32.464, R_dan: 7.37, R_goal: 10.0, R_col: 0, R_km: 4.7, R_col_wall: 0, R_wall_min_dist: -5.438, R_way_point_dist: 4.12, R_wp: 11.7, timeout: 0
2025-04-15 16:51:50, INFO: Path length: 80.99626895686059
2025-04-15 16:51:50, INFO: Path left: 0
2025-04-15 16:51:50, INFO: Actions: 149
2025-04-15 16:51:50, INFO: Coordinates: -11.095482908189297 31.288297282531857
2025-04-15 16:51:50, INFO: Stops times: 0

2025-04-15 16:51:53, INFO: human number: 8
2025-04-15 16:51:53, INFO: running 555/3600 episode, simulation environment: circle_static
2025-04-15 16:51:53, INFO: 555/3600 episode: Collision! Total Reward: -19.568, R_dan: 2.82, R_goal: 0, R_col: -25.0, R_km: 3.3, R_col_wall: 0, R_wall_min_dist: -5.238, R_way_point_dist: 1.98, R_wp: 2.565, timeout: 0
2025-04-15 16:51:53, INFO: Path length: 31.9461426193598
2025-04-15 16:51:53, INFO: Path left: 45.71328076416982
2025-04-15 16:51:53, INFO: Actions: 66
2025-04-15 16:51:53, INFO: Coordinates: -4.837377451360226 7.693434126675129
2025-04-15 16:51:53, INFO: Stops times: 0

2025-04-15 16:51:56, INFO: human number: 8
2025-04-15 16:51:56, INFO: running 556/3600 episode, simulation environment: no
2025-04-15 16:51:56, INFO: 556/3600 episode: Success! Total Reward: 20.56, R_dan: 4.9, R_goal: 10.0, R_col: 0, R_km: 3.25, R_col_wall: 0, R_wall_min_dist: -12.228, R_way_point_dist: 2.94, R_wp: 11.7, timeout: 0
2025-04-15 16:51:56, INFO: Path length: 72.2339464304474
2025-04-15 16:51:56, INFO: Path left: 0
2025-04-15 16:51:56, INFO: Actions: 98
2025-04-15 16:51:56, INFO: Coordinates: -8.48644938133657 30.50919485837221
2025-04-15 16:51:56, INFO: Stops times: 3

2025-04-15 16:51:59, INFO: human number: 8
2025-04-15 16:51:59, INFO: running 557/3600 episode, simulation environment: circle_crossing
2025-04-15 16:52:00, INFO: 557/3600 episode: Success! Total Reward: 32.058, R_dan: 6.38, R_goal: 10.0, R_col: 0, R_km: 3.8, R_col_wall: 0, R_wall_min_dist: -4.097, R_way_point_dist: 4.26, R_wp: 11.7, timeout: 0
2025-04-15 16:52:00, INFO: Path length: 77.07112981343474
2025-04-15 16:52:00, INFO: Path left: 0
2025-04-15 16:52:00, INFO: Actions: 142
2025-04-15 16:52:00, INFO: Coordinates: -9.07293098513037 30.629016742110252
2025-04-15 16:52:00, INFO: Stops times: 0

2025-04-15 16:52:02, INFO: human number: 8
2025-04-15 16:52:03, INFO: running 558/3600 episode, simulation environment: circle_static
2025-04-15 16:52:03, INFO: 558/3600 episode: Collision! Total Reward: -23.498, R_dan: 2.01, R_goal: 0, R_col: -25.0, R_km: 0.05, R_col_wall: 0, R_wall_min_dist: -3.281, R_way_point_dist: 1.35, R_wp: 1.365, timeout: 0
2025-04-15 16:52:03, INFO: Path length: 22.154039075294452
2025-04-15 16:52:03, INFO: Path left: 56.641651265046995
2025-04-15 16:52:03, INFO: Actions: 45
2025-04-15 16:52:03, INFO: Coordinates: -7.98039472848177 -0.7203330881893635
2025-04-15 16:52:03, INFO: Stops times: 1

2025-04-15 16:52:06, INFO: human number: 8
2025-04-15 16:52:06, INFO: running 559/3600 episode, simulation environment: no
2025-04-15 16:52:06, INFO: 559/3600 episode: Success! Total Reward: 20.56, R_dan: 4.9, R_goal: 10.0, R_col: 0, R_km: 3.25, R_col_wall: 0, R_wall_min_dist: -12.228, R_way_point_dist: 2.94, R_wp: 11.7, timeout: 0
2025-04-15 16:52:06, INFO: Path length: 72.2339464304474
2025-04-15 16:52:06, INFO: Path left: 0
2025-04-15 16:52:06, INFO: Actions: 98
2025-04-15 16:52:06, INFO: Coordinates: -8.48644938133657 30.50919485837221
2025-04-15 16:52:06, INFO: Stops times: 3

2025-04-15 16:52:08, INFO: human number: 8
2025-04-15 16:52:09, INFO: running 560/3600 episode, simulation environment: circle_crossing
2025-04-15 16:52:09, INFO: 560/3600 episode: Collision! Total Reward: -24.91, R_dan: 0.35, R_goal: 0, R_col: -25.0, R_km: -0.9, R_col_wall: 0, R_wall_min_dist: 0.033, R_way_point_dist: 0.45, R_wp: 0.15, timeout: 0
2025-04-15 16:52:09, INFO: Path length: 6.389807840982406
2025-04-15 16:52:09, INFO: Path left: 73.92593564645543
2025-04-15 16:52:09, INFO: Actions: 15
2025-04-15 16:52:09, INFO: Coordinates: 3.3649363815784454 -9.477598765864968
2025-04-15 16:52:09, INFO: Stops times: 0

2025-04-15 16:52:12, INFO: human number: 8
2025-04-15 16:52:12, INFO: running 561/3600 episode, simulation environment: circle_static
2025-04-15 16:52:13, INFO: 561/3600 episode: Collision! Total Reward: -15.971, R_dan: 3.46, R_goal: 0, R_col: -25.0, R_km: 1.5, R_col_wall: 0, R_wall_min_dist: -1.96, R_way_point_dist: 2.22, R_wp: 3.795, timeout: 0
2025-04-15 16:52:13, INFO: Path length: 41.312942218818534
2025-04-15 16:52:13, INFO: Path left: 37.86594982631045
2025-04-15 16:52:13, INFO: Actions: 74
2025-04-15 16:52:13, INFO: Coordinates: 1.3853781409561634 12.088349038735032
2025-04-15 16:52:13, INFO: Stops times: 0

2025-04-15 16:52:15, INFO: human number: 8
2025-04-15 16:52:15, INFO: running 562/3600 episode, simulation environment: no
2025-04-15 16:52:15, INFO: 562/3600 episode: Success! Total Reward: 20.56, R_dan: 4.9, R_goal: 10.0, R_col: 0, R_km: 3.25, R_col_wall: 0, R_wall_min_dist: -12.228, R_way_point_dist: 2.94, R_wp: 11.7, timeout: 0
2025-04-15 16:52:15, INFO: Path length: 72.2339464304474
2025-04-15 16:52:15, INFO: Path left: 0
2025-04-15 16:52:15, INFO: Actions: 98
2025-04-15 16:52:15, INFO: Coordinates: -8.48644938133657 30.50919485837221
2025-04-15 16:52:15, INFO: Stops times: 3

2025-04-15 16:52:18, INFO: human number: 8
2025-04-15 16:52:18, INFO: running 563/3600 episode, simulation environment: circle_crossing
2025-04-15 16:52:19, INFO: 563/3600 episode: Collision! Total Reward: -25.402, R_dan: -0.26, R_goal: 0, R_col: -25.0, R_km: 0.65, R_col_wall: 0, R_wall_min_dist: -3.541, R_way_point_dist: 1.38, R_wp: 1.365, timeout: 0
2025-04-15 16:52:19, INFO: Path length: 21.38856651403801
2025-04-15 16:52:19, INFO: Path left: 57.45617988151458
2025-04-15 16:52:19, INFO: Actions: 46
2025-04-15 16:52:19, INFO: Coordinates: -8.189145550131798 -1.6520870961248875
2025-04-15 16:52:19, INFO: Stops times: 1

2025-04-15 16:52:21, INFO: human number: 8
2025-04-15 16:52:22, INFO: running 564/3600 episode, simulation environment: circle_static
2025-04-15 16:52:22, INFO: 564/3600 episode: Collision! Total Reward: -22.939, R_dan: 1.42, R_goal: 0, R_col: -25.0, R_km: 1.9, R_col_wall: 0, R_wall_min_dist: -3.772, R_way_point_dist: 1.14, R_wp: 1.365, timeout: 0
2025-04-15 16:52:22, INFO: Path length: 21.750689677721752
2025-04-15 16:52:22, INFO: Path left: 56.60784572950698
2025-04-15 16:52:22, INFO: Actions: 38
2025-04-15 16:52:22, INFO: Coordinates: -8.217811197042465 -0.7729966156184673
2025-04-15 16:52:22, INFO: Stops times: 0

2025-04-15 16:52:24, INFO: human number: 8
2025-04-15 16:52:24, INFO: running 565/3600 episode, simulation environment: no
2025-04-15 16:52:25, INFO: 565/3600 episode: Success! Total Reward: 20.56, R_dan: 4.9, R_goal: 10.0, R_col: 0, R_km: 3.25, R_col_wall: 0, R_wall_min_dist: -12.228, R_way_point_dist: 2.94, R_wp: 11.7, timeout: 0
2025-04-15 16:52:25, INFO: Path length: 72.2339464304474
2025-04-15 16:52:25, INFO: Path left: 0
2025-04-15 16:52:25, INFO: Actions: 98
2025-04-15 16:52:25, INFO: Coordinates: -8.48644938133657 30.50919485837221
2025-04-15 16:52:25, INFO: Stops times: 3

2025-04-15 16:52:27, INFO: human number: 8
2025-04-15 16:52:28, INFO: running 566/3600 episode, simulation environment: circle_crossing
2025-04-15 16:52:28, INFO: 566/3600 episode: Collision! Total Reward: -12.479, R_dan: 3.3, R_goal: 0, R_col: -25.0, R_km: 4.1, R_col_wall: 0, R_wall_min_dist: -1.506, R_way_point_dist: 2.46, R_wp: 4.14, timeout: 0
2025-04-15 16:52:28, INFO: Path length: 42.791482080444574
2025-04-15 16:52:28, INFO: Path left: 35.49562823069552
2025-04-15 16:52:28, INFO: Actions: 82
2025-04-15 16:52:28, INFO: Coordinates: 3.8283748207613826 12.074903257191181
2025-04-15 16:52:28, INFO: Stops times: 0

2025-04-15 16:52:31, INFO: human number: 8
2025-04-15 16:52:31, INFO: running 567/3600 episode, simulation environment: circle_static
2025-04-15 16:52:31, INFO: 567/3600 episode: Collision! Total Reward: -23.715, R_dan: 0.26, R_goal: 0, R_col: -25.0, R_km: 0.5, R_col_wall: 0, R_wall_min_dist: -0.004, R_way_point_dist: 0.3, R_wp: 0.225, timeout: 0
2025-04-15 16:52:31, INFO: Path length: 9.125475450835655
2025-04-15 16:52:31, INFO: Path left: 72.08069396701494
2025-04-15 16:52:31, INFO: Actions: 10
2025-04-15 16:52:31, INFO: Coordinates: 1.5088156163692474 -8.900687668472528
2025-04-15 16:52:31, INFO: Stops times: 0

2025-04-15 16:52:34, INFO: human number: 8
2025-04-15 16:52:34, INFO: running 568/3600 episode, simulation environment: no
2025-04-15 16:52:34, INFO: 568/3600 episode: Success! Total Reward: 20.56, R_dan: 4.9, R_goal: 10.0, R_col: 0, R_km: 3.25, R_col_wall: 0, R_wall_min_dist: -12.228, R_way_point_dist: 2.94, R_wp: 11.7, timeout: 0
2025-04-15 16:52:34, INFO: Path length: 72.2339464304474
2025-04-15 16:52:34, INFO: Path left: 0
2025-04-15 16:52:34, INFO: Actions: 98
2025-04-15 16:52:34, INFO: Coordinates: -8.48644938133657 30.50919485837221
2025-04-15 16:52:34, INFO: Stops times: 3

2025-04-15 16:52:36, INFO: human number: 8
2025-04-15 16:52:37, INFO: running 569/3600 episode, simulation environment: circle_crossing
2025-04-15 16:52:38, INFO: 569/3600 episode: Success! Total Reward: 30.444, R_dan: 5.24, R_goal: 10.0, R_col: 0, R_km: 5.2, R_col_wall: 0, R_wall_min_dist: -5.946, R_way_point_dist: 4.23, R_wp: 11.7, timeout: 0
2025-04-15 16:52:38, INFO: Path length: 79.18224578685862
2025-04-15 16:52:38, INFO: Path left: 0
2025-04-15 16:52:38, INFO: Actions: 148
2025-04-15 16:52:38, INFO: Coordinates: -11.010685911402106 31.593081640079618
2025-04-15 16:52:38, INFO: Stops times: 0

2025-04-15 16:52:40, INFO: human number: 8
2025-04-15 16:52:41, INFO: running 570/3600 episode, simulation environment: circle_static
2025-04-15 16:52:41, INFO: 570/3600 episode: Success! Total Reward: 3.296, R_dan: 6.43, R_goal: 10.0, R_col: 0, R_km: -12.25, R_col_wall: 0, R_wall_min_dist: -15.52, R_way_point_dist: 2.92, R_wp: 11.7, timeout: 0
2025-04-15 16:52:41, INFO: Path length: 77.34491715453926
2025-04-15 16:52:41, INFO: Path left: 0
2025-04-15 16:52:41, INFO: Actions: 151
2025-04-15 16:52:41, INFO: Coordinates: -8.558786515146494 30.7812988749356
2025-04-15 16:52:41, INFO: Stops times: 3

2025-04-15 16:52:44, INFO: human number: 8
2025-04-15 16:52:44, INFO: running 571/3600 episode, simulation environment: no
2025-04-15 16:52:44, INFO: 571/3600 episode: Success! Total Reward: 20.56, R_dan: 4.9, R_goal: 10.0, R_col: 0, R_km: 3.25, R_col_wall: 0, R_wall_min_dist: -12.228, R_way_point_dist: 2.94, R_wp: 11.7, timeout: 0
2025-04-15 16:52:44, INFO: Path length: 72.2339464304474
2025-04-15 16:52:44, INFO: Path left: 0
2025-04-15 16:52:44, INFO: Actions: 98
2025-04-15 16:52:44, INFO: Coordinates: -8.48644938133657 30.50919485837221
2025-04-15 16:52:44, INFO: Stops times: 3

2025-04-15 16:52:47, INFO: human number: 8
2025-04-15 16:52:47, INFO: running 572/3600 episode, simulation environment: circle_crossing
2025-04-15 16:52:48, INFO: 572/3600 episode: Success! Total Reward: 23.892, R_dan: 3.89, R_goal: 10.0, R_col: 0, R_km: 6.15, R_col_wall: 0, R_wall_min_dist: -11.99, R_way_point_dist: 4.14, R_wp: 11.7, timeout: 0
2025-04-15 16:52:48, INFO: Path length: 77.1321741282837
2025-04-15 16:52:48, INFO: Path left: 0
2025-04-15 16:52:48, INFO: Actions: 145
2025-04-15 16:52:48, INFO: Coordinates: -10.692573093809187 30.858813293278217
2025-04-15 16:52:48, INFO: Stops times: 1

2025-04-15 16:52:50, INFO: human number: 8
2025-04-15 16:52:51, INFO: running 573/3600 episode, simulation environment: circle_static
2025-04-15 16:52:51, INFO: 573/3600 episode: Collision! Total Reward: -23.379, R_dan: 0.47, R_goal: 0, R_col: -25.0, R_km: 0.55, R_col_wall: 0, R_wall_min_dist: -0.05, R_way_point_dist: 0.33, R_wp: 0.315, timeout: 0
2025-04-15 16:52:51, INFO: Path length: 9.733137997645287
2025-04-15 16:52:51, INFO: Path left: 71.32780322619583
2025-04-15 16:52:51, INFO: Actions: 11
2025-04-15 16:52:51, INFO: Coordinates: 0.8752763569355011 -8.680530671030283
2025-04-15 16:52:51, INFO: Stops times: 0

2025-04-15 16:52:54, INFO: human number: 8
2025-04-15 16:52:54, INFO: running 574/3600 episode, simulation environment: no
2025-04-15 16:52:54, INFO: 574/3600 episode: Success! Total Reward: 20.56, R_dan: 4.9, R_goal: 10.0, R_col: 0, R_km: 3.25, R_col_wall: 0, R_wall_min_dist: -12.228, R_way_point_dist: 2.94, R_wp: 11.7, timeout: 0
2025-04-15 16:52:54, INFO: Path length: 72.2339464304474
2025-04-15 16:52:54, INFO: Path left: 0
2025-04-15 16:52:54, INFO: Actions: 98
2025-04-15 16:52:54, INFO: Coordinates: -8.48644938133657 30.50919485837221
2025-04-15 16:52:54, INFO: Stops times: 3

2025-04-15 16:52:56, INFO: human number: 8
2025-04-15 16:52:57, INFO: running 575/3600 episode, simulation environment: circle_crossing
2025-04-15 16:52:58, INFO: 575/3600 episode: Success! Total Reward: 35.766, R_dan: 6.95, R_goal: 10.0, R_col: 0, R_km: 6.4, R_col_wall: 0, R_wall_min_dist: -3.474, R_way_point_dist: 4.17, R_wp: 11.7, timeout: 0
2025-04-15 16:52:58, INFO: Path length: 76.46587784138795
2025-04-15 16:52:58, INFO: Path left: 0
2025-04-15 16:52:58, INFO: Actions: 139
2025-04-15 16:52:58, INFO: Coordinates: -8.315494261682034 31.040507077239454
2025-04-15 16:52:58, INFO: Stops times: 0

2025-04-15 16:53:00, INFO: human number: 8
2025-04-15 16:53:01, INFO: running 576/3600 episode, simulation environment: circle_static
2025-04-15 16:53:01, INFO: 576/3600 episode: Collision! Total Reward: -11.889, R_dan: 3.69, R_goal: 0, R_col: -25.0, R_km: 2.6, R_col_wall: 0, R_wall_min_dist: 0.119, R_way_point_dist: 2.55, R_wp: 4.14, timeout: 0
2025-04-15 16:53:01, INFO: Path length: 44.78900359040448
2025-04-15 16:53:01, INFO: Path left: 36.222561670543655
2025-04-15 16:53:01, INFO: Actions: 85
2025-04-15 16:53:01, INFO: Coordinates: 2.822432287503034 12.34916383959353
2025-04-15 16:53:01, INFO: Stops times: 0

2025-04-15 16:53:04, INFO: human number: 8
2025-04-15 16:53:04, INFO: running 577/3600 episode, simulation environment: no
2025-04-15 16:53:04, INFO: 577/3600 episode: Success! Total Reward: 20.56, R_dan: 4.9, R_goal: 10.0, R_col: 0, R_km: 3.25, R_col_wall: 0, R_wall_min_dist: -12.228, R_way_point_dist: 2.94, R_wp: 11.7, timeout: 0
2025-04-15 16:53:04, INFO: Path length: 72.2339464304474
2025-04-15 16:53:04, INFO: Path left: 0
2025-04-15 16:53:04, INFO: Actions: 98
2025-04-15 16:53:04, INFO: Coordinates: -8.48644938133657 30.50919485837221
2025-04-15 16:53:04, INFO: Stops times: 3

2025-04-15 16:53:06, INFO: human number: 8
2025-04-15 16:53:07, INFO: running 578/3600 episode, simulation environment: circle_crossing
2025-04-15 16:53:08, INFO: 578/3600 episode: Collision! Total Reward: -5.815, R_dan: 4.65, R_goal: 0, R_col: -25.0, R_km: 4.75, R_col_wall: 0, R_wall_min_dist: -2.162, R_way_point_dist: 3.51, R_wp: 8.415, timeout: 0
2025-04-15 16:53:08, INFO: Path length: 60.63472237916005
2025-04-15 16:53:08, INFO: Path left: 16.128546786595976
2025-04-15 16:53:08, INFO: Actions: 117
2025-04-15 16:53:08, INFO: Coordinates: 5.848042081110179 27.595304507995024
2025-04-15 16:53:08, INFO: Stops times: 1

2025-04-15 16:53:10, INFO: human number: 8
2025-04-15 16:53:11, INFO: running 579/3600 episode, simulation environment: circle_static
2025-04-15 16:53:11, INFO: 579/3600 episode: Collision! Total Reward: -6.229, R_dan: 6.58, R_goal: 0, R_col: -25.0, R_km: 1.25, R_col_wall: 0, R_wall_min_dist: -2.904, R_way_point_dist: 4.38, R_wp: 9.45, timeout: 0
2025-04-15 16:53:11, INFO: Path length: 68.19259686642837
2025-04-15 16:53:11, INFO: Path left: 11.504186397541634
2025-04-15 16:53:11, INFO: Actions: 146
2025-04-15 16:53:11, INFO: Coordinates: 1.4166360534727573 28.30750735104084
2025-04-15 16:53:11, INFO: Stops times: 0

2025-04-15 16:53:14, INFO: human number: 8
2025-04-15 16:53:14, INFO: running 580/3600 episode, simulation environment: no
2025-04-15 16:53:14, INFO: 580/3600 episode: Success! Total Reward: 20.56, R_dan: 4.9, R_goal: 10.0, R_col: 0, R_km: 3.25, R_col_wall: 0, R_wall_min_dist: -12.228, R_way_point_dist: 2.94, R_wp: 11.7, timeout: 0
2025-04-15 16:53:14, INFO: Path length: 72.2339464304474
2025-04-15 16:53:14, INFO: Path left: 0
2025-04-15 16:53:14, INFO: Actions: 98
2025-04-15 16:53:14, INFO: Coordinates: -8.48644938133657 30.50919485837221
2025-04-15 16:53:14, INFO: Stops times: 3

2025-04-15 16:53:17, INFO: human number: 8
2025-04-15 16:53:17, INFO: running 581/3600 episode, simulation environment: circle_crossing
2025-04-15 16:53:18, INFO: 581/3600 episode: Collision! Total Reward: -19.503, R_dan: 2.8, R_goal: 0, R_col: -25.0, R_km: 2.35, R_col_wall: 0, R_wall_min_dist: -7.322, R_way_point_dist: 2.4, R_wp: 5.265, timeout: 0
2025-04-15 16:53:18, INFO: Path length: 45.0599758742137
2025-04-15 16:53:18, INFO: Path left: 30.752355385845146
2025-04-15 16:53:18, INFO: Actions: 80
2025-04-15 16:53:18, INFO: Coordinates: 6.554798314347863 15.335691316053271
2025-04-15 16:53:18, INFO: Stops times: 0

2025-04-15 16:53:20, INFO: human number: 8
2025-04-15 16:53:21, INFO: running 582/3600 episode, simulation environment: circle_static
2025-04-15 16:53:21, INFO: 582/3600 episode: Collision! Total Reward: -22.755, R_dan: 2.07, R_goal: 0, R_col: -25.0, R_km: 0.9, R_col_wall: 0, R_wall_min_dist: -4.06, R_way_point_dist: 1.53, R_wp: 1.8, timeout: 0
2025-04-15 16:53:21, INFO: Path length: 26.12298364554315
2025-04-15 16:53:21, INFO: Path left: 51.61403721797308
2025-04-15 16:53:21, INFO: Actions: 51
2025-04-15 16:53:21, INFO: Coordinates: -7.8201048308983445 3.2164139673113823
2025-04-15 16:53:21, INFO: Stops times: 0

2025-04-15 16:53:23, INFO: human number: 8
2025-04-15 16:53:23, INFO: running 583/3600 episode, simulation environment: no
2025-04-15 16:53:24, INFO: 583/3600 episode: Success! Total Reward: 20.56, R_dan: 4.9, R_goal: 10.0, R_col: 0, R_km: 3.25, R_col_wall: 0, R_wall_min_dist: -12.228, R_way_point_dist: 2.94, R_wp: 11.7, timeout: 0
2025-04-15 16:53:24, INFO: Path length: 72.2339464304474
2025-04-15 16:53:24, INFO: Path left: 0
2025-04-15 16:53:24, INFO: Actions: 98
2025-04-15 16:53:24, INFO: Coordinates: -8.48644938133657 30.50919485837221
2025-04-15 16:53:24, INFO: Stops times: 3

2025-04-15 16:53:26, INFO: human number: 8
2025-04-15 16:53:27, INFO: running 584/3600 episode, simulation environment: circle_crossing
2025-04-15 16:53:27, INFO: 584/3600 episode: Collision! Total Reward: -23.427, R_dan: 0.67, R_goal: 0, R_col: -25.0, R_km: -0.65, R_col_wall: 0, R_wall_min_dist: 0.075, R_way_point_dist: 0.93, R_wp: 0.54, timeout: 0
2025-04-15 16:53:27, INFO: Path length: 13.937135652907052
2025-04-15 16:53:27, INFO: Path left: 66.08855821930095
2025-04-15 16:53:27, INFO: Actions: 31
2025-04-15 16:53:27, INFO: Coordinates: -4.291900150477886 -8.486138835549355
2025-04-15 16:53:27, INFO: Stops times: 0

2025-04-15 16:53:29, INFO: human number: 8
2025-04-15 16:53:30, INFO: running 585/3600 episode, simulation environment: circle_static
2025-04-15 16:53:30, INFO: 585/3600 episode: Collision! Total Reward: -22.985, R_dan: 0.43, R_goal: 0, R_col: -25.0, R_km: -0.1, R_col_wall: 0, R_wall_min_dist: 0.075, R_way_point_dist: 0.93, R_wp: 0.675, timeout: 0
2025-04-15 16:53:30, INFO: Path length: 15.06538829279745
2025-04-15 16:53:30, INFO: Path left: 65.18659897073094
2025-04-15 16:53:30, INFO: Actions: 31
2025-04-15 16:53:30, INFO: Coordinates: -5.488775908946991 -8.418207600247115
2025-04-15 16:53:30, INFO: Stops times: 0

2025-04-15 16:53:33, INFO: human number: 8
2025-04-15 16:53:33, INFO: running 586/3600 episode, simulation environment: no
2025-04-15 16:53:33, INFO: 586/3600 episode: Success! Total Reward: 20.56, R_dan: 4.9, R_goal: 10.0, R_col: 0, R_km: 3.25, R_col_wall: 0, R_wall_min_dist: -12.228, R_way_point_dist: 2.94, R_wp: 11.7, timeout: 0
2025-04-15 16:53:33, INFO: Path length: 72.2339464304474
2025-04-15 16:53:33, INFO: Path left: 0
2025-04-15 16:53:33, INFO: Actions: 98
2025-04-15 16:53:33, INFO: Coordinates: -8.48644938133657 30.50919485837221
2025-04-15 16:53:33, INFO: Stops times: 3

2025-04-15 16:53:35, INFO: human number: 8
2025-04-15 16:53:36, INFO: running 587/3600 episode, simulation environment: circle_crossing
2025-04-15 16:53:37, INFO: 587/3600 episode: Success! Total Reward: 33.738, R_dan: 6.83, R_goal: 10.0, R_col: 0, R_km: 4.4, R_col_wall: 0, R_wall_min_dist: -3.5, R_way_point_dist: 4.29, R_wp: 11.7, timeout: 0
2025-04-15 16:53:37, INFO: Path length: 76.69362761758609
2025-04-15 16:53:37, INFO: Path left: 0
2025-04-15 16:53:37, INFO: Actions: 143
2025-04-15 16:53:37, INFO: Coordinates: -8.428924995474517 31.066273406147957
2025-04-15 16:53:37, INFO: Stops times: 0

2025-04-15 16:53:39, INFO: human number: 8
2025-04-15 16:53:40, INFO: running 588/3600 episode, simulation environment: circle_static
2025-04-15 16:53:40, INFO: 588/3600 episode: Collision! Total Reward: -21.823, R_dan: 0.87, R_goal: 0, R_col: -25.0, R_km: 1.75, R_col_wall: 0, R_wall_min_dist: -1.326, R_way_point_dist: 1.05, R_wp: 0.825, timeout: 0
2025-04-15 16:53:40, INFO: Path length: 16.38689307363875
2025-04-15 16:53:40, INFO: Path left: 63.184272263822656
2025-04-15 16:53:40, INFO: Actions: 35
2025-04-15 16:53:40, INFO: Coordinates: -5.8573044165968895 -6.30001325160265
2025-04-15 16:53:40, INFO: Stops times: 0

2025-04-15 16:53:42, INFO: human number: 8
2025-04-15 16:53:42, INFO: running 589/3600 episode, simulation environment: no
2025-04-15 16:53:43, INFO: 589/3600 episode: Success! Total Reward: 20.56, R_dan: 4.9, R_goal: 10.0, R_col: 0, R_km: 3.25, R_col_wall: 0, R_wall_min_dist: -12.228, R_way_point_dist: 2.94, R_wp: 11.7, timeout: 0
2025-04-15 16:53:43, INFO: Path length: 72.2339464304474
2025-04-15 16:53:43, INFO: Path left: 0
2025-04-15 16:53:43, INFO: Actions: 98
2025-04-15 16:53:43, INFO: Coordinates: -8.48644938133657 30.50919485837221
2025-04-15 16:53:43, INFO: Stops times: 3

2025-04-15 16:53:45, INFO: human number: 8
2025-04-15 16:53:46, INFO: running 590/3600 episode, simulation environment: circle_crossing
2025-04-15 16:53:46, INFO: 590/3600 episode: Success! Total Reward: 34.482, R_dan: 6.7, R_goal: 10.0, R_col: 0, R_km: 6.7, R_col_wall: 0, R_wall_min_dist: -4.658, R_way_point_dist: 4.02, R_wp: 11.7, timeout: 0
2025-04-15 16:53:46, INFO: Path length: 77.28403391378117
2025-04-15 16:53:46, INFO: Path left: 0
2025-04-15 16:53:46, INFO: Actions: 134
2025-04-15 16:53:46, INFO: Coordinates: -8.4841792806983 30.572252728044987
2025-04-15 16:53:46, INFO: Stops times: 0

2025-04-15 16:53:49, INFO: human number: 8
2025-04-15 16:53:49, INFO: running 591/3600 episode, simulation environment: circle_static
2025-04-15 16:53:50, INFO: 591/3600 episode: Collision! Total Reward: -16.357, R_dan: 3.94, R_goal: 0, R_col: -25.0, R_km: 3.0, R_col_wall: 0, R_wall_min_dist: -4.419, R_way_point_dist: 2.32, R_wp: 3.795, timeout: 0
2025-04-15 16:53:50, INFO: Path length: 40.21493778164156
2025-04-15 16:53:50, INFO: Path left: 38.08919143537389
2025-04-15 16:53:50, INFO: Actions: 82
2025-04-15 16:53:50, INFO: Coordinates: 1.115399330854416 12.331208854913712
2025-04-15 16:53:50, INFO: Stops times: 1

2025-04-15 16:53:52, INFO: human number: 8
2025-04-15 16:53:52, INFO: running 592/3600 episode, simulation environment: no
2025-04-15 16:53:53, INFO: 592/3600 episode: Success! Total Reward: 20.56, R_dan: 4.9, R_goal: 10.0, R_col: 0, R_km: 3.25, R_col_wall: 0, R_wall_min_dist: -12.228, R_way_point_dist: 2.94, R_wp: 11.7, timeout: 0
2025-04-15 16:53:53, INFO: Path length: 72.2339464304474
2025-04-15 16:53:53, INFO: Path left: 0
2025-04-15 16:53:53, INFO: Actions: 98
2025-04-15 16:53:53, INFO: Coordinates: -8.48644938133657 30.50919485837221
2025-04-15 16:53:53, INFO: Stops times: 3

2025-04-15 16:53:55, INFO: human number: 8
2025-04-15 16:53:56, INFO: running 593/3600 episode, simulation environment: circle_crossing
2025-04-15 16:53:56, INFO: 593/3600 episode: Collision! Total Reward: -24.111, R_dan: 0.59, R_goal: 0, R_col: -25.0, R_km: -0.35, R_col_wall: 0, R_wall_min_dist: -0.032, R_way_point_dist: 0.45, R_wp: 0.225, timeout: 0
2025-04-15 16:53:56, INFO: Path length: 7.742056214183317
2025-04-15 16:53:56, INFO: Path left: 72.79269574160465
2025-04-15 16:53:56, INFO: Actions: 15
2025-04-15 16:53:56, INFO: Coordinates: 2.21153225004673 -8.779456060379744
2025-04-15 16:53:56, INFO: Stops times: 0

2025-04-15 16:53:58, INFO: human number: 8
2025-04-15 16:53:59, INFO: running 594/3600 episode, simulation environment: circle_static
2025-04-15 16:53:59, INFO: 594/3600 episode: Collision! Total Reward: -24.082, R_dan: 0.19, R_goal: 0, R_col: -25.0, R_km: 0.35, R_col_wall: 0, R_wall_min_dist: 0.015, R_way_point_dist: 0.21, R_wp: 0.15, timeout: 0
2025-04-15 16:53:59, INFO: Path length: 6.273232857703948
2025-04-15 16:53:59, INFO: Path left: 74.81236021703225
2025-04-15 16:53:59, INFO: Actions: 7
2025-04-15 16:53:59, INFO: Coordinates: 4.24799644947052 -9.676742747426033
2025-04-15 16:53:59, INFO: Stops times: 0

2025-04-15 16:54:01, INFO: human number: 8
2025-04-15 16:54:01, INFO: running 595/3600 episode, simulation environment: no
2025-04-15 16:54:02, INFO: 595/3600 episode: Success! Total Reward: 20.56, R_dan: 4.9, R_goal: 10.0, R_col: 0, R_km: 3.25, R_col_wall: 0, R_wall_min_dist: -12.228, R_way_point_dist: 2.94, R_wp: 11.7, timeout: 0
2025-04-15 16:54:02, INFO: Path length: 72.2339464304474
2025-04-15 16:54:02, INFO: Path left: 0
2025-04-15 16:54:02, INFO: Actions: 98
2025-04-15 16:54:02, INFO: Coordinates: -8.48644938133657 30.50919485837221
2025-04-15 16:54:02, INFO: Stops times: 3

2025-04-15 16:54:04, INFO: human number: 8
2025-04-15 16:54:05, INFO: running 596/3600 episode, simulation environment: circle_crossing
2025-04-15 16:54:05, INFO: 596/3600 episode: Collision! Total Reward: -13.935, R_dan: 4.14, R_goal: 0, R_col: -25.0, R_km: 1.0, R_col_wall: 0, R_wall_min_dist: -0.804, R_way_point_dist: 2.58, R_wp: 4.14, timeout: 0
2025-04-15 16:54:05, INFO: Path length: 44.08901869031888
2025-04-15 16:54:05, INFO: Path left: 35.44134684515235
2025-04-15 16:54:05, INFO: Actions: 86
2025-04-15 16:54:05, INFO: Coordinates: 3.2511994261294603 13.396605860441923
2025-04-15 16:54:05, INFO: Stops times: 0

2025-04-15 16:54:08, INFO: human number: 8
2025-04-15 16:54:08, INFO: running 597/3600 episode, simulation environment: circle_static
2025-04-15 16:54:08, INFO: 597/3600 episode: Collision! Total Reward: -23.763, R_dan: 0.73, R_goal: 0, R_col: -25.0, R_km: -0.6, R_col_wall: 0, R_wall_min_dist: 0.049, R_way_point_dist: 0.63, R_wp: 0.42, timeout: 0
2025-04-15 16:54:08, INFO: Path length: 10.58799144835914
2025-04-15 16:54:08, INFO: Path left: 69.58547715438658
2025-04-15 16:54:08, INFO: Actions: 21
2025-04-15 16:54:08, INFO: Coordinates: -0.925074465572834 -9.509270291076973
2025-04-15 16:54:08, INFO: Stops times: 0

2025-04-15 16:54:11, INFO: human number: 8
2025-04-15 16:54:11, INFO: running 598/3600 episode, simulation environment: no
2025-04-15 16:54:11, INFO: 598/3600 episode: Success! Total Reward: 20.56, R_dan: 4.9, R_goal: 10.0, R_col: 0, R_km: 3.25, R_col_wall: 0, R_wall_min_dist: -12.228, R_way_point_dist: 2.94, R_wp: 11.7, timeout: 0
2025-04-15 16:54:11, INFO: Path length: 72.2339464304474
2025-04-15 16:54:11, INFO: Path left: 0
2025-04-15 16:54:11, INFO: Actions: 98
2025-04-15 16:54:11, INFO: Coordinates: -8.48644938133657 30.50919485837221
2025-04-15 16:54:11, INFO: Stops times: 3

2025-04-15 16:54:13, INFO: human number: 8
2025-04-15 16:54:14, INFO: running 599/3600 episode, simulation environment: circle_crossing
2025-04-15 16:54:14, INFO: 599/3600 episode: Collision! Total Reward: -23.704, R_dan: 0.89, R_goal: 0, R_col: -25.0, R_km: -0.2, R_col_wall: 0, R_wall_min_dist: -0.81, R_way_point_dist: 0.87, R_wp: 0.54, timeout: 0
2025-04-15 16:54:14, INFO: Path length: 14.60483040108732
2025-04-15 16:54:14, INFO: Path left: 65.41678383461024
2025-04-15 16:54:14, INFO: Actions: 29
2025-04-15 16:54:14, INFO: Coordinates: -4.236369386315346 -6.967697739601135
2025-04-15 16:54:14, INFO: Stops times: 1

2025-04-15 16:54:17, INFO: human number: 8
2025-04-15 16:54:17, INFO: running 600/3600 episode, simulation environment: circle_static
2025-04-15 16:54:18, INFO: 600/3600 episode: Success! Total Reward: 21.482, R_dan: 7.67, R_goal: 10.0, R_col: 0, R_km: -11.55, R_col_wall: 0, R_wall_min_dist: -1.754, R_way_point_dist: 5.4, R_wp: 11.7, timeout: 0
2025-04-15 16:54:18, INFO: Path length: 83.55063981799964
2025-04-15 16:54:18, INFO: Path left: 0
2025-04-15 16:54:18, INFO: Actions: 187
2025-04-15 16:54:18, INFO: Coordinates: -9.626651715487242 30.605275798414368
2025-04-15 16:54:18, INFO: Stops times: 0

2025-04-15 16:54:21, INFO: human number: 8
2025-04-15 16:54:21, INFO: running 601/3600 episode, simulation environment: no
2025-04-15 16:54:21, INFO: 601/3600 episode: Success! Total Reward: 20.56, R_dan: 4.9, R_goal: 10.0, R_col: 0, R_km: 3.25, R_col_wall: 0, R_wall_min_dist: -12.228, R_way_point_dist: 2.94, R_wp: 11.7, timeout: 0
2025-04-15 16:54:21, INFO: Path length: 72.2339464304474
2025-04-15 16:54:21, INFO: Path left: 0
2025-04-15 16:54:21, INFO: Actions: 98
2025-04-15 16:54:21, INFO: Coordinates: -8.48644938133657 30.50919485837221
2025-04-15 16:54:21, INFO: Stops times: 3

2025-04-15 16:54:23, INFO: human number: 8
2025-04-15 16:54:24, INFO: running 602/3600 episode, simulation environment: circle_crossing
2025-04-15 16:54:25, INFO: 602/3600 episode: Success! Total Reward: 39.134, R_dan: 7.13, R_goal: 10.0, R_col: 0, R_km: 6.35, R_col_wall: 0, R_wall_min_dist: -0.546, R_way_point_dist: 4.47, R_wp: 11.7, timeout: 0
2025-04-15 16:54:25, INFO: Path length: 79.78839570848893
2025-04-15 16:54:25, INFO: Path left: 0
2025-04-15 16:54:25, INFO: Actions: 149
2025-04-15 16:54:25, INFO: Coordinates: -10.326183482073247 30.548146433196962
2025-04-15 16:54:25, INFO: Stops times: 0

2025-04-15 16:54:27, INFO: human number: 8
2025-04-15 16:54:28, INFO: running 603/3600 episode, simulation environment: circle_static
2025-04-15 16:54:28, INFO: 603/3600 episode: Collision! Total Reward: -23.468, R_dan: 0.78, R_goal: 0, R_col: -25.0, R_km: 0.55, R_col_wall: 0, R_wall_min_dist: -0.881, R_way_point_dist: 0.66, R_wp: 0.42, timeout: 0
2025-04-15 16:54:28, INFO: Path length: 11.234242228600923
2025-04-15 16:54:28, INFO: Path left: 69.04885286873548
2025-04-15 16:54:28, INFO: Actions: 22
2025-04-15 16:54:28, INFO: Coordinates: -1.1066338568925858 -7.939127564430237
2025-04-15 16:54:28, INFO: Stops times: 0

2025-04-15 16:54:30, INFO: human number: 8
2025-04-15 16:54:30, INFO: running 604/3600 episode, simulation environment: no
2025-04-15 16:54:31, INFO: 604/3600 episode: Success! Total Reward: 20.56, R_dan: 4.9, R_goal: 10.0, R_col: 0, R_km: 3.25, R_col_wall: 0, R_wall_min_dist: -12.228, R_way_point_dist: 2.94, R_wp: 11.7, timeout: 0
2025-04-15 16:54:31, INFO: Path length: 72.2339464304474
2025-04-15 16:54:31, INFO: Path left: 0
2025-04-15 16:54:31, INFO: Actions: 98
2025-04-15 16:54:31, INFO: Coordinates: -8.48644938133657 30.50919485837221
2025-04-15 16:54:31, INFO: Stops times: 3

2025-04-15 16:54:33, INFO: human number: 8
2025-04-15 16:54:34, INFO: running 605/3600 episode, simulation environment: circle_crossing
2025-04-15 16:54:34, INFO: 605/3600 episode: Collision! Total Reward: -24.076, R_dan: 0.83, R_goal: 0, R_col: -25.0, R_km: -0.5, R_col_wall: 0, R_wall_min_dist: -0.641, R_way_point_dist: 0.69, R_wp: 0.54, timeout: 0
2025-04-15 16:54:34, INFO: Path length: 13.162274664623947
2025-04-15 16:54:34, INFO: Path left: 66.28263502423304
2025-04-15 16:54:34, INFO: Actions: 23
2025-04-15 16:54:34, INFO: Coordinates: -3.739469349384308 -8.006051123142242
2025-04-15 16:54:34, INFO: Stops times: 1

2025-04-15 16:54:36, INFO: human number: 8
2025-04-15 16:54:37, INFO: running 606/3600 episode, simulation environment: circle_static
2025-04-15 16:54:38, INFO: 606/3600 episode: Success! Total Reward: 19.396, R_dan: 5.42, R_goal: 10.0, R_col: 0, R_km: -1.85, R_col_wall: 0, R_wall_min_dist: -10.37, R_way_point_dist: 4.5, R_wp: 11.7, timeout: 0
2025-04-15 16:54:38, INFO: Path length: 75.00411321401387
2025-04-15 16:54:38, INFO: Path left: 0
2025-04-15 16:54:38, INFO: Actions: 150
2025-04-15 16:54:38, INFO: Coordinates: -8.596891125664115 30.545456382911652
2025-04-15 16:54:38, INFO: Stops times: 1

2025-04-15 16:54:40, INFO: human number: 8
2025-04-15 16:54:40, INFO: running 607/3600 episode, simulation environment: no
2025-04-15 16:54:40, INFO: 607/3600 episode: Success! Total Reward: 20.56, R_dan: 4.9, R_goal: 10.0, R_col: 0, R_km: 3.25, R_col_wall: 0, R_wall_min_dist: -12.228, R_way_point_dist: 2.94, R_wp: 11.7, timeout: 0
2025-04-15 16:54:40, INFO: Path length: 72.2339464304474
2025-04-15 16:54:40, INFO: Path left: 0
2025-04-15 16:54:40, INFO: Actions: 98
2025-04-15 16:54:40, INFO: Coordinates: -8.48644938133657 30.50919485837221
2025-04-15 16:54:40, INFO: Stops times: 3

2025-04-15 16:54:43, INFO: human number: 8
2025-04-15 16:54:43, INFO: running 608/3600 episode, simulation environment: circle_crossing
2025-04-15 16:54:44, INFO: 608/3600 episode: Success! Total Reward: 31.436, R_dan: 7.3, R_goal: 10.0, R_col: 0, R_km: 2.9, R_col_wall: 0, R_wall_min_dist: -4.637, R_way_point_dist: 4.17, R_wp: 11.7, timeout: 0
2025-04-15 16:54:44, INFO: Path length: 79.47106281896197
2025-04-15 16:54:44, INFO: Path left: 0
2025-04-15 16:54:44, INFO: Actions: 146
2025-04-15 16:54:44, INFO: Coordinates: -9.45579248201102 31.222942009568214
2025-04-15 16:54:44, INFO: Stops times: 0

2025-04-15 16:54:47, INFO: human number: 8
2025-04-15 16:54:47, INFO: running 609/3600 episode, simulation environment: circle_static
2025-04-15 16:54:48, INFO: 609/3600 episode: Success! Total Reward: 30.634, R_dan: 6.64, R_goal: 10.0, R_col: 0, R_km: 2.1, R_col_wall: 0, R_wall_min_dist: -4.217, R_way_point_dist: 4.42, R_wp: 11.7, timeout: 0
2025-04-15 16:54:48, INFO: Path length: 78.8171006434573
2025-04-15 16:54:48, INFO: Path left: 0
2025-04-15 16:54:48, INFO: Actions: 152
2025-04-15 16:54:48, INFO: Coordinates: -10.001098450273275 30.41224611364305
2025-04-15 16:54:48, INFO: Stops times: 1

2025-04-15 16:54:50, INFO: human number: 8
2025-04-15 16:54:50, INFO: running 610/3600 episode, simulation environment: no
2025-04-15 16:54:51, INFO: 610/3600 episode: Success! Total Reward: 20.56, R_dan: 4.9, R_goal: 10.0, R_col: 0, R_km: 3.25, R_col_wall: 0, R_wall_min_dist: -12.228, R_way_point_dist: 2.94, R_wp: 11.7, timeout: 0
2025-04-15 16:54:51, INFO: Path length: 72.2339464304474
2025-04-15 16:54:51, INFO: Path left: 0
2025-04-15 16:54:51, INFO: Actions: 98
2025-04-15 16:54:51, INFO: Coordinates: -8.48644938133657 30.50919485837221
2025-04-15 16:54:51, INFO: Stops times: 3

2025-04-15 16:54:53, INFO: human number: 8
2025-04-15 16:54:54, INFO: running 611/3600 episode, simulation environment: circle_crossing
2025-04-15 16:54:55, INFO: 611/3600 episode: Success! Total Reward: 31.957, R_dan: 5.82, R_goal: 10.0, R_col: 0, R_km: 3.8, R_col_wall: 0, R_wall_min_dist: -3.636, R_way_point_dist: 4.26, R_wp: 11.7, timeout: 0
2025-04-15 16:54:55, INFO: Path length: 77.05613059460029
2025-04-15 16:54:55, INFO: Path left: 0
2025-04-15 16:54:55, INFO: Actions: 142
2025-04-15 16:54:55, INFO: Coordinates: -8.215211062692106 30.80245742946863
2025-04-15 16:54:55, INFO: Stops times: 1

2025-04-15 16:54:57, INFO: human number: 8
2025-04-15 16:54:57, INFO: running 612/3600 episode, simulation environment: circle_static
2025-04-15 16:54:58, INFO: 612/3600 episode: Success! Total Reward: 10.869, R_dan: 5.92, R_goal: 10.0, R_col: 0, R_km: -13.2, R_col_wall: 0, R_wall_min_dist: -8.508, R_way_point_dist: 4.93, R_wp: 11.7, timeout: 0
2025-04-15 16:54:58, INFO: Path length: 79.70398686441817
2025-04-15 16:54:58, INFO: Path left: 0
2025-04-15 16:54:58, INFO: Actions: 176
2025-04-15 16:54:58, INFO: Coordinates: -9.145157731545623 31.08249504142441
2025-04-15 16:54:58, INFO: Stops times: 2

2025-04-15 16:55:01, INFO: human number: 8
2025-04-15 16:55:01, INFO: running 613/3600 episode, simulation environment: no
2025-04-15 16:55:01, INFO: 613/3600 episode: Success! Total Reward: 20.56, R_dan: 4.9, R_goal: 10.0, R_col: 0, R_km: 3.25, R_col_wall: 0, R_wall_min_dist: -12.228, R_way_point_dist: 2.94, R_wp: 11.7, timeout: 0
2025-04-15 16:55:01, INFO: Path length: 72.2339464304474
2025-04-15 16:55:01, INFO: Path left: 0
2025-04-15 16:55:01, INFO: Actions: 98
2025-04-15 16:55:01, INFO: Coordinates: -8.48644938133657 30.50919485837221
2025-04-15 16:55:01, INFO: Stops times: 3

2025-04-15 16:55:04, INFO: human number: 8
2025-04-15 16:55:04, INFO: running 614/3600 episode, simulation environment: circle_crossing
2025-04-15 16:55:05, INFO: 614/3600 episode: Success! Total Reward: 32.707, R_dan: 6.04, R_goal: 10.0, R_col: 0, R_km: 4.8, R_col_wall: 0, R_wall_min_dist: -4.044, R_way_point_dist: 4.2, R_wp: 11.7, timeout: 0
2025-04-15 16:55:05, INFO: Path length: 76.24222127768239
2025-04-15 16:55:05, INFO: Path left: 0
2025-04-15 16:55:05, INFO: Actions: 140
2025-04-15 16:55:05, INFO: Coordinates: -9.077417112886906 30.65139563009143
2025-04-15 16:55:05, INFO: Stops times: 1

2025-04-15 16:55:07, INFO: human number: 8
2025-04-15 16:55:08, INFO: running 615/3600 episode, simulation environment: circle_static
2025-04-15 16:55:09, INFO: 615/3600 episode: Success! Total Reward: 24.258, R_dan: 8.61, R_goal: 10.0, R_col: 0, R_km: -4.35, R_col_wall: 0, R_wall_min_dist: -6.924, R_way_point_dist: 5.24, R_wp: 11.7, timeout: 0
2025-04-15 16:55:09, INFO: Path length: 80.02050848553398
2025-04-15 16:55:09, INFO: Path left: 0
2025-04-15 16:55:09, INFO: Actions: 177
2025-04-15 16:55:09, INFO: Coordinates: -9.822171513864305 30.409542685374618
2025-04-15 16:55:09, INFO: Stops times: 0

2025-04-15 16:55:11, INFO: human number: 8
2025-04-15 16:55:11, INFO: running 616/3600 episode, simulation environment: no
2025-04-15 16:55:11, INFO: 616/3600 episode: Success! Total Reward: 20.56, R_dan: 4.9, R_goal: 10.0, R_col: 0, R_km: 3.25, R_col_wall: 0, R_wall_min_dist: -12.228, R_way_point_dist: 2.94, R_wp: 11.7, timeout: 0
2025-04-15 16:55:11, INFO: Path length: 72.2339464304474
2025-04-15 16:55:11, INFO: Path left: 0
2025-04-15 16:55:11, INFO: Actions: 98
2025-04-15 16:55:11, INFO: Coordinates: -8.48644938133657 30.50919485837221
2025-04-15 16:55:11, INFO: Stops times: 3

2025-04-15 16:55:14, INFO: human number: 8
2025-04-15 16:55:14, INFO: running 617/3600 episode, simulation environment: circle_crossing
2025-04-15 16:55:15, INFO: 617/3600 episode: Collision! Total Reward: -24.261, R_dan: 0.41, R_goal: 0, R_col: -25.0, R_km: 0.1, R_col_wall: 0, R_wall_min_dist: -0.481, R_way_point_dist: 0.39, R_wp: 0.315, timeout: 0
2025-04-15 16:55:15, INFO: Path length: 11.448941036331146
2025-04-15 16:55:15, INFO: Path left: 69.85702422462698
2025-04-15 16:55:15, INFO: Actions: 13
2025-04-15 16:55:15, INFO: Coordinates: -0.7348183393478394 -7.750478997826576
2025-04-15 16:55:15, INFO: Stops times: 0

2025-04-15 16:55:17, INFO: human number: 8
2025-04-15 16:55:18, INFO: running 618/3600 episode, simulation environment: circle_static
2025-04-15 16:55:18, INFO: 618/3600 episode: Collision! Total Reward: -22.96, R_dan: 0.78, R_goal: 0, R_col: -25.0, R_km: 0.0, R_col_wall: 0, R_wall_min_dist: 0.052, R_way_point_dist: 0.66, R_wp: 0.54, timeout: 0
2025-04-15 16:55:18, INFO: Path length: 12.456054034106621
2025-04-15 16:55:18, INFO: Path left: 67.6145358318323
2025-04-15 16:55:18, INFO: Actions: 22
2025-04-15 16:55:18, INFO: Coordinates: -2.7585004568099976 -8.961982114240527
2025-04-15 16:55:18, INFO: Stops times: 1

2025-04-15 16:55:20, INFO: human number: 8
2025-04-15 16:55:20, INFO: running 619/3600 episode, simulation environment: no
2025-04-15 16:55:20, INFO: 619/3600 episode: Success! Total Reward: 20.56, R_dan: 4.9, R_goal: 10.0, R_col: 0, R_km: 3.25, R_col_wall: 0, R_wall_min_dist: -12.228, R_way_point_dist: 2.94, R_wp: 11.7, timeout: 0
2025-04-15 16:55:20, INFO: Path length: 72.2339464304474
2025-04-15 16:55:20, INFO: Path left: 0
2025-04-15 16:55:20, INFO: Actions: 98
2025-04-15 16:55:20, INFO: Coordinates: -8.48644938133657 30.50919485837221
2025-04-15 16:55:20, INFO: Stops times: 3

2025-04-15 16:55:23, INFO: human number: 8
2025-04-15 16:55:23, INFO: running 620/3600 episode, simulation environment: circle_crossing
2025-04-15 16:55:24, INFO: 620/3600 episode: Collision! Total Reward: -24.168, R_dan: 0.65, R_goal: 0, R_col: -25.0, R_km: -0.6, R_col_wall: 0, R_wall_min_dist: -0.17, R_way_point_dist: 0.63, R_wp: 0.315, timeout: 0
2025-04-15 16:55:24, INFO: Path length: 9.662627796598976
2025-04-15 16:55:24, INFO: Path left: 70.38879511001022
2025-04-15 16:55:24, INFO: Actions: 21
2025-04-15 16:55:24, INFO: Coordinates: -0.06588153541088104 -8.570407822728157
2025-04-15 16:55:24, INFO: Stops times: 0

2025-04-15 16:55:26, INFO: human number: 8
2025-04-15 16:55:27, INFO: running 621/3600 episode, simulation environment: circle_static
2025-04-15 16:55:27, INFO: 621/3600 episode: Success! Total Reward: 23.736, R_dan: 7.16, R_goal: 10.0, R_col: 0, R_km: -2.95, R_col_wall: 0, R_wall_min_dist: -7.204, R_way_point_dist: 5.02, R_wp: 11.7, timeout: 0
2025-04-15 16:55:27, INFO: Path length: 78.8991455312019
2025-04-15 16:55:27, INFO: Path left: 0
2025-04-15 16:55:27, INFO: Actions: 172
2025-04-15 16:55:27, INFO: Coordinates: -9.999972498044372 30.364528004080057
2025-04-15 16:55:27, INFO: Stops times: 2

2025-04-15 16:55:30, INFO: human number: 8
2025-04-15 16:55:30, INFO: running 622/3600 episode, simulation environment: no
2025-04-15 16:55:30, INFO: 622/3600 episode: Success! Total Reward: 20.56, R_dan: 4.9, R_goal: 10.0, R_col: 0, R_km: 3.25, R_col_wall: 0, R_wall_min_dist: -12.228, R_way_point_dist: 2.94, R_wp: 11.7, timeout: 0
2025-04-15 16:55:30, INFO: Path length: 72.2339464304474
2025-04-15 16:55:30, INFO: Path left: 0
2025-04-15 16:55:30, INFO: Actions: 98
2025-04-15 16:55:30, INFO: Coordinates: -8.48644938133657 30.50919485837221
2025-04-15 16:55:30, INFO: Stops times: 3

2025-04-15 16:55:33, INFO: human number: 8
2025-04-15 16:55:33, INFO: running 623/3600 episode, simulation environment: circle_crossing
2025-04-15 16:55:34, INFO: 623/3600 episode: Success! Total Reward: 33.415, R_dan: 7.06, R_goal: 10.0, R_col: 0, R_km: 4.55, R_col_wall: 0, R_wall_min_dist: -4.288, R_way_point_dist: 4.38, R_wp: 11.7, timeout: 0
2025-04-15 16:55:34, INFO: Path length: 76.90153614050038
2025-04-15 16:55:34, INFO: Path left: 0
2025-04-15 16:55:34, INFO: Actions: 146
2025-04-15 16:55:34, INFO: Coordinates: -9.478733194991946 30.76421857252717
2025-04-15 16:55:34, INFO: Stops times: 0

2025-04-15 16:55:36, INFO: human number: 8
2025-04-15 16:55:37, INFO: running 624/3600 episode, simulation environment: circle_static
2025-04-15 16:55:37, INFO: 624/3600 episode: Collision! Total Reward: -23.662, R_dan: 0.37, R_goal: 0, R_col: -25.0, R_km: 0.45, R_col_wall: 0, R_wall_min_dist: 0.019, R_way_point_dist: 0.27, R_wp: 0.225, timeout: 0
2025-04-15 16:55:37, INFO: Path length: 8.005476354967291
2025-04-15 16:55:37, INFO: Path left: 73.10561277497901
2025-04-15 16:55:37, INFO: Actions: 9
2025-04-15 16:55:37, INFO: Coordinates: 2.5540755093097687 -9.174808114767075
2025-04-15 16:55:37, INFO: Stops times: 0

2025-04-15 16:55:39, INFO: human number: 8
2025-04-15 16:55:39, INFO: running 625/3600 episode, simulation environment: no
2025-04-15 16:55:40, INFO: 625/3600 episode: Success! Total Reward: 20.56, R_dan: 4.9, R_goal: 10.0, R_col: 0, R_km: 3.25, R_col_wall: 0, R_wall_min_dist: -12.228, R_way_point_dist: 2.94, R_wp: 11.7, timeout: 0
2025-04-15 16:55:40, INFO: Path length: 72.2339464304474
2025-04-15 16:55:40, INFO: Path left: 0
2025-04-15 16:55:40, INFO: Actions: 98
2025-04-15 16:55:40, INFO: Coordinates: -8.48644938133657 30.50919485837221
2025-04-15 16:55:40, INFO: Stops times: 3

2025-04-15 16:55:42, INFO: human number: 8
2025-04-15 16:55:43, INFO: running 626/3600 episode, simulation environment: circle_crossing
2025-04-15 16:55:44, INFO: 626/3600 episode: Success! Total Reward: 30.644, R_dan: 5.89, R_goal: 10.0, R_col: 0, R_km: 5.2, R_col_wall: 0, R_wall_min_dist: -6.288, R_way_point_dist: 4.11, R_wp: 11.7, timeout: 0
2025-04-15 16:55:44, INFO: Path length: 75.2177344423041
2025-04-15 16:55:44, INFO: Path left: 0
2025-04-15 16:55:44, INFO: Actions: 137
2025-04-15 16:55:44, INFO: Coordinates: -8.288503621704876 30.595447186380625
2025-04-15 16:55:44, INFO: Stops times: 0

2025-04-15 16:55:46, INFO: human number: 8
2025-04-15 16:55:47, INFO: running 627/3600 episode, simulation environment: circle_static
2025-04-15 16:55:47, INFO: 627/3600 episode: Collision! Total Reward: -20.844, R_dan: 0.71, R_goal: 0, R_col: -25.0, R_km: 0.9, R_col_wall: 0, R_wall_min_dist: -0.349, R_way_point_dist: 1.53, R_wp: 1.365, timeout: 0
2025-04-15 16:55:47, INFO: Path length: 23.82899792716288
2025-04-15 16:55:47, INFO: Path left: 56.23597907886044
2025-04-15 16:55:47, INFO: Actions: 51
2025-04-15 16:55:47, INFO: Coordinates: -8.790312454104424 -0.5426585143432021
2025-04-15 16:55:47, INFO: Stops times: 0

2025-04-15 16:55:49, INFO: human number: 8
2025-04-15 16:55:49, INFO: running 628/3600 episode, simulation environment: no
2025-04-15 16:55:50, INFO: 628/3600 episode: Success! Total Reward: 20.56, R_dan: 4.9, R_goal: 10.0, R_col: 0, R_km: 3.25, R_col_wall: 0, R_wall_min_dist: -12.228, R_way_point_dist: 2.94, R_wp: 11.7, timeout: 0
2025-04-15 16:55:50, INFO: Path length: 72.2339464304474
2025-04-15 16:55:50, INFO: Path left: 0
2025-04-15 16:55:50, INFO: Actions: 98
2025-04-15 16:55:50, INFO: Coordinates: -8.48644938133657 30.50919485837221
2025-04-15 16:55:50, INFO: Stops times: 3

2025-04-15 16:55:52, INFO: human number: 8
2025-04-15 16:55:53, INFO: running 629/3600 episode, simulation environment: circle_crossing
2025-04-15 16:55:53, INFO: 629/3600 episode: Collision! Total Reward: -22.561, R_dan: 1.47, R_goal: 0, R_col: -25.0, R_km: -0.25, R_col_wall: 0, R_wall_min_dist: -0.949, R_way_point_dist: 1.17, R_wp: 0.99, timeout: 0
2025-04-15 16:55:53, INFO: Path length: 18.800749239823883
2025-04-15 16:55:53, INFO: Path left: 60.63538417191416
2025-04-15 16:55:53, INFO: Actions: 39
2025-04-15 16:55:53, INFO: Coordinates: -7.702909804880619 -4.629909723997116
2025-04-15 16:55:53, INFO: Stops times: 0

2025-04-15 16:55:55, INFO: human number: 8
2025-04-15 16:55:56, INFO: running 630/3600 episode, simulation environment: circle_static
2025-04-15 16:55:57, INFO: 630/3600 episode: Success! Total Reward: 11.79, R_dan: 6.16, R_goal: 10.0, R_col: 0, R_km: -8.35, R_col_wall: 0, R_wall_min_dist: -12.144, R_way_point_dist: 4.42, R_wp: 11.7, timeout: 0
2025-04-15 16:55:57, INFO: Path length: 74.74706101083206
2025-04-15 16:55:57, INFO: Path left: 0
2025-04-15 16:55:57, INFO: Actions: 152
2025-04-15 16:55:57, INFO: Coordinates: -8.563626801595092 30.7181962414179
2025-04-15 16:55:57, INFO: Stops times: 1

2025-04-15 16:55:59, INFO: human number: 8
2025-04-15 16:55:59, INFO: running 631/3600 episode, simulation environment: no
2025-04-15 16:55:59, INFO: 631/3600 episode: Success! Total Reward: 20.56, R_dan: 4.9, R_goal: 10.0, R_col: 0, R_km: 3.25, R_col_wall: 0, R_wall_min_dist: -12.228, R_way_point_dist: 2.94, R_wp: 11.7, timeout: 0
2025-04-15 16:55:59, INFO: Path length: 72.2339464304474
2025-04-15 16:55:59, INFO: Path left: 0
2025-04-15 16:55:59, INFO: Actions: 98
2025-04-15 16:55:59, INFO: Coordinates: -8.48644938133657 30.50919485837221
2025-04-15 16:55:59, INFO: Stops times: 3

2025-04-15 16:56:02, INFO: human number: 8
2025-04-15 16:56:02, INFO: running 632/3600 episode, simulation environment: circle_crossing
2025-04-15 16:56:03, INFO: 632/3600 episode: Collision! Total Reward: -25.326, R_dan: 0.63, R_goal: 0, R_col: -25.0, R_km: -1.8, R_col_wall: 0, R_wall_min_dist: 0.044, R_way_point_dist: 0.57, R_wp: 0.225, timeout: 0
2025-04-15 16:56:03, INFO: Path length: 8.431792310128158
2025-04-15 16:56:03, INFO: Path left: 72.11094393431915
2025-04-15 16:56:03, INFO: Actions: 19
2025-04-15 16:56:03, INFO: Coordinates: 1.5594950914382935 -9.191940657794476
2025-04-15 16:56:03, INFO: Stops times: 0

2025-04-15 16:56:05, INFO: human number: 8
2025-04-15 16:56:05, INFO: running 633/3600 episode, simulation environment: circle_static
2025-04-15 16:56:06, INFO: 633/3600 episode: Collision! Total Reward: -22.804, R_dan: 0.34, R_goal: 0, R_col: -25.0, R_km: 0.9, R_col_wall: 0, R_wall_min_dist: -0.012, R_way_point_dist: 0.54, R_wp: 0.42, timeout: 0
2025-04-15 16:56:06, INFO: Path length: 12.047219507095877
2025-04-15 16:56:06, INFO: Path left: 68.02945904116368
2025-04-15 16:56:06, INFO: Actions: 18
2025-04-15 16:56:06, INFO: Coordinates: -2.25391161441803 -8.593615531921387
2025-04-15 16:56:06, INFO: Stops times: 0

2025-04-15 16:56:08, INFO: human number: 8
2025-04-15 16:56:08, INFO: running 634/3600 episode, simulation environment: no
2025-04-15 16:56:08, INFO: 634/3600 episode: Success! Total Reward: 20.56, R_dan: 4.9, R_goal: 10.0, R_col: 0, R_km: 3.25, R_col_wall: 0, R_wall_min_dist: -12.228, R_way_point_dist: 2.94, R_wp: 11.7, timeout: 0
2025-04-15 16:56:08, INFO: Path length: 72.2339464304474
2025-04-15 16:56:08, INFO: Path left: 0
2025-04-15 16:56:08, INFO: Actions: 98
2025-04-15 16:56:08, INFO: Coordinates: -8.48644938133657 30.50919485837221
2025-04-15 16:56:08, INFO: Stops times: 3

2025-04-15 16:56:11, INFO: human number: 8
2025-04-15 16:56:12, INFO: running 635/3600 episode, simulation environment: circle_crossing
2025-04-15 16:56:12, INFO: 635/3600 episode: Collision! Total Reward: -22.667, R_dan: 0.34, R_goal: 0, R_col: -25.0, R_km: 1.3, R_col_wall: 0, R_wall_min_dist: -0.514, R_way_point_dist: 0.78, R_wp: 0.42, timeout: 0
2025-04-15 16:56:12, INFO: Path length: 12.098095623499672
2025-04-15 16:56:12, INFO: Path left: 68.02414270147388
2025-04-15 16:56:12, INFO: Actions: 26
2025-04-15 16:56:12, INFO: Coordinates: -2.2857977598905563 -8.680700922384858
2025-04-15 16:56:12, INFO: Stops times: 0

2025-04-15 16:56:14, INFO: human number: 8
2025-04-15 16:56:15, INFO: running 636/3600 episode, simulation environment: circle_static
2025-04-15 16:56:15, INFO: 636/3600 episode: Collision! Total Reward: -25.207, R_dan: 0.09, R_goal: 0, R_col: -25.0, R_km: -1.0, R_col_wall: 0, R_wall_min_dist: -0.007, R_way_point_dist: 0.39, R_wp: 0.315, timeout: 0
2025-04-15 16:56:15, INFO: Path length: 8.959776431442972
2025-04-15 16:56:15, INFO: Path left: 70.96108651335325
2025-04-15 16:56:15, INFO: Actions: 13
2025-04-15 16:56:15, INFO: Coordinates: 0.5038909912109375 -8.90369638800621
2025-04-15 16:56:15, INFO: Stops times: 1

2025-04-15 16:56:17, INFO: human number: 8
2025-04-15 16:56:17, INFO: running 637/3600 episode, simulation environment: no
2025-04-15 16:56:18, INFO: 637/3600 episode: Success! Total Reward: 20.56, R_dan: 4.9, R_goal: 10.0, R_col: 0, R_km: 3.25, R_col_wall: 0, R_wall_min_dist: -12.228, R_way_point_dist: 2.94, R_wp: 11.7, timeout: 0
2025-04-15 16:56:18, INFO: Path length: 72.2339464304474
2025-04-15 16:56:18, INFO: Path left: 0
2025-04-15 16:56:18, INFO: Actions: 98
2025-04-15 16:56:18, INFO: Coordinates: -8.48644938133657 30.50919485837221
2025-04-15 16:56:18, INFO: Stops times: 3

2025-04-15 16:56:20, INFO: human number: 8
2025-04-15 16:56:21, INFO: running 638/3600 episode, simulation environment: circle_crossing
2025-04-15 16:56:21, INFO: 638/3600 episode: Collision! Total Reward: -23.741, R_dan: 0.29, R_goal: 0, R_col: -25.0, R_km: 0.45, R_col_wall: 0, R_wall_min_dist: 0.019, R_way_point_dist: 0.27, R_wp: 0.225, timeout: 0
2025-04-15 16:56:21, INFO: Path length: 7.9293109394753145
2025-04-15 16:56:21, INFO: Path left: 73.17031574163047
2025-04-15 16:56:21, INFO: Actions: 9
2025-04-15 16:56:21, INFO: Coordinates: 2.6066700518131256 -9.660580351948738
2025-04-15 16:56:21, INFO: Stops times: 0

2025-04-15 16:56:23, INFO: human number: 8
2025-04-15 16:56:24, INFO: running 639/3600 episode, simulation environment: circle_static
2025-04-15 16:56:24, INFO: 639/3600 episode: Collision! Total Reward: -22.901, R_dan: 0.89, R_goal: 0, R_col: -25.0, R_km: 1.05, R_col_wall: 0, R_wall_min_dist: -0.898, R_way_point_dist: 0.63, R_wp: 0.42, timeout: 0
2025-04-15 16:56:24, INFO: Path length: 11.514996204078782
2025-04-15 16:56:24, INFO: Path left: 68.35912209284946
2025-04-15 16:56:24, INFO: Actions: 21
2025-04-15 16:56:24, INFO: Coordinates: -1.8578988015651703 -8.357884645462036
2025-04-15 16:56:24, INFO: Stops times: 0

2025-04-15 16:56:26, INFO: human number: 8
2025-04-15 16:56:26, INFO: running 640/3600 episode, simulation environment: no
2025-04-15 16:56:27, INFO: 640/3600 episode: Success! Total Reward: 20.56, R_dan: 4.9, R_goal: 10.0, R_col: 0, R_km: 3.25, R_col_wall: 0, R_wall_min_dist: -12.228, R_way_point_dist: 2.94, R_wp: 11.7, timeout: 0
2025-04-15 16:56:27, INFO: Path length: 72.2339464304474
2025-04-15 16:56:27, INFO: Path left: 0
2025-04-15 16:56:27, INFO: Actions: 98
2025-04-15 16:56:27, INFO: Coordinates: -8.48644938133657 30.50919485837221
2025-04-15 16:56:27, INFO: Stops times: 3

2025-04-15 16:56:29, INFO: human number: 8
2025-04-15 16:56:30, INFO: running 641/3600 episode, simulation environment: circle_crossing
2025-04-15 16:56:30, INFO: 641/3600 episode: Success! Total Reward: 28.614, R_dan: 6.08, R_goal: 10.0, R_col: 0, R_km: 2.8, R_col_wall: 0, R_wall_min_dist: -6.304, R_way_point_dist: 4.32, R_wp: 11.7, timeout: 0
2025-04-15 16:56:30, INFO: Path length: 75.91479724048354
2025-04-15 16:56:30, INFO: Path left: 0
2025-04-15 16:56:30, INFO: Actions: 144
2025-04-15 16:56:30, INFO: Coordinates: -8.902256183326244 30.757989075034857
2025-04-15 16:56:30, INFO: Stops times: 1

2025-04-15 16:56:33, INFO: human number: 8
2025-04-15 16:56:33, INFO: running 642/3600 episode, simulation environment: circle_static
2025-04-15 16:56:34, INFO: 642/3600 episode: Success! Total Reward: 29.526, R_dan: 5.47, R_goal: 10.0, R_col: 0, R_km: 5.4, R_col_wall: 0, R_wall_min_dist: -6.632, R_way_point_dist: 3.57, R_wp: 11.7, timeout: 0
2025-04-15 16:56:34, INFO: Path length: 75.17385308773149
2025-04-15 16:56:34, INFO: Path left: 0
2025-04-15 16:56:34, INFO: Actions: 119
2025-04-15 16:56:34, INFO: Coordinates: -8.654027755372226 30.757056705653667
2025-04-15 16:56:34, INFO: Stops times: 1

2025-04-15 16:56:36, INFO: human number: 8
2025-04-15 16:56:36, INFO: running 643/3600 episode, simulation environment: no
2025-04-15 16:56:37, INFO: 643/3600 episode: Success! Total Reward: 20.56, R_dan: 4.9, R_goal: 10.0, R_col: 0, R_km: 3.25, R_col_wall: 0, R_wall_min_dist: -12.228, R_way_point_dist: 2.94, R_wp: 11.7, timeout: 0
2025-04-15 16:56:37, INFO: Path length: 72.2339464304474
2025-04-15 16:56:37, INFO: Path left: 0
2025-04-15 16:56:37, INFO: Actions: 98
2025-04-15 16:56:37, INFO: Coordinates: -8.48644938133657 30.50919485837221
2025-04-15 16:56:37, INFO: Stops times: 3

2025-04-15 16:56:39, INFO: human number: 8
2025-04-15 16:56:40, INFO: running 644/3600 episode, simulation environment: circle_crossing
2025-04-15 16:56:40, INFO: 644/3600 episode: Collision! Total Reward: -26.975, R_dan: 0.25, R_goal: 0, R_col: -25.0, R_km: -0.2, R_col_wall: 0, R_wall_min_dist: -3.889, R_way_point_dist: 0.87, R_wp: 0.99, timeout: 0
2025-04-15 16:56:40, INFO: Path length: 17.436849094972345
2025-04-15 16:56:40, INFO: Path left: 61.22825177486761
2025-04-15 16:56:40, INFO: Actions: 29
2025-04-15 16:56:40, INFO: Coordinates: -6.3481001779437065 -4.488279966637492
2025-04-15 16:56:40, INFO: Stops times: 1

2025-04-15 16:56:42, INFO: human number: 8
2025-04-15 16:56:43, INFO: running 645/3600 episode, simulation environment: circle_static
2025-04-15 16:56:44, INFO: 645/3600 episode: Success! Total Reward: 31.06, R_dan: 6.14, R_goal: 10.0, R_col: 0, R_km: 4.9, R_col_wall: 0, R_wall_min_dist: -5.959, R_way_point_dist: 4.26, R_wp: 11.7, timeout: 0
2025-04-15 16:56:44, INFO: Path length: 75.9771144031095
2025-04-15 16:56:44, INFO: Path left: 0
2025-04-15 16:56:44, INFO: Actions: 142
2025-04-15 16:56:44, INFO: Coordinates: -8.343853292055428 30.872150879353285
2025-04-15 16:56:44, INFO: Stops times: 1

2025-04-15 16:56:46, INFO: human number: 8
2025-04-15 16:56:46, INFO: running 646/3600 episode, simulation environment: no
2025-04-15 16:56:46, INFO: 646/3600 episode: Success! Total Reward: 20.56, R_dan: 4.9, R_goal: 10.0, R_col: 0, R_km: 3.25, R_col_wall: 0, R_wall_min_dist: -12.228, R_way_point_dist: 2.94, R_wp: 11.7, timeout: 0
2025-04-15 16:56:46, INFO: Path length: 72.2339464304474
2025-04-15 16:56:46, INFO: Path left: 0
2025-04-15 16:56:46, INFO: Actions: 98
2025-04-15 16:56:46, INFO: Coordinates: -8.48644938133657 30.50919485837221
2025-04-15 16:56:46, INFO: Stops times: 3

2025-04-15 16:56:49, INFO: human number: 8
2025-04-15 16:56:49, INFO: running 647/3600 episode, simulation environment: circle_crossing
2025-04-15 16:56:50, INFO: 647/3600 episode: Success! Total Reward: 28.75, R_dan: 7.04, R_goal: 10.0, R_col: 0, R_km: 1.95, R_col_wall: 0, R_wall_min_dist: -6.038, R_way_point_dist: 4.1, R_wp: 11.7, timeout: 0
2025-04-15 16:56:50, INFO: Path length: 85.3893684709401
2025-04-15 16:56:50, INFO: Path left: 0
2025-04-15 16:56:50, INFO: Actions: 160
2025-04-15 16:56:50, INFO: Coordinates: -9.50980722066015 30.87604163424112
2025-04-15 16:56:50, INFO: Stops times: 1

2025-04-15 16:56:53, INFO: human number: 8
2025-04-15 16:56:53, INFO: running 648/3600 episode, simulation environment: circle_static
2025-04-15 16:56:54, INFO: 648/3600 episode: Collision! Total Reward: -23.979, R_dan: 0.11, R_goal: 0, R_col: -25.0, R_km: 0.2, R_col_wall: 0, R_wall_min_dist: 0.033, R_way_point_dist: 0.45, R_wp: 0.225, timeout: 0
2025-04-15 16:56:54, INFO: Path length: 7.284438973110944
2025-04-15 16:56:54, INFO: Path left: 73.25937991182089
2025-04-15 16:56:54, INFO: Actions: 15
2025-04-15 16:56:54, INFO: Coordinates: 2.708826795220375 -9.382015258073807
2025-04-15 16:56:54, INFO: Stops times: 0

2025-04-15 16:56:56, INFO: human number: 8
2025-04-15 16:56:56, INFO: running 649/3600 episode, simulation environment: no
2025-04-15 16:56:56, INFO: 649/3600 episode: Success! Total Reward: 20.56, R_dan: 4.9, R_goal: 10.0, R_col: 0, R_km: 3.25, R_col_wall: 0, R_wall_min_dist: -12.228, R_way_point_dist: 2.94, R_wp: 11.7, timeout: 0
2025-04-15 16:56:56, INFO: Path length: 72.2339464304474
2025-04-15 16:56:56, INFO: Path left: 0
2025-04-15 16:56:56, INFO: Actions: 98
2025-04-15 16:56:56, INFO: Coordinates: -8.48644938133657 30.50919485837221
2025-04-15 16:56:56, INFO: Stops times: 3

2025-04-15 16:56:59, INFO: human number: 8
2025-04-15 16:56:59, INFO: running 650/3600 episode, simulation environment: circle_crossing
2025-04-15 16:57:00, INFO: 650/3600 episode: Success! Total Reward: 31.776, R_dan: 5.71, R_goal: 10.0, R_col: 0, R_km: 3.85, R_col_wall: 0, R_wall_min_dist: -3.238, R_way_point_dist: 3.73, R_wp: 11.7, timeout: 0
2025-04-15 16:57:00, INFO: Path length: 82.26756111555505
2025-04-15 16:57:00, INFO: Path left: 0
2025-04-15 16:57:00, INFO: Actions: 143
2025-04-15 16:57:00, INFO: Coordinates: -11.060932151973248 30.76846351288259
2025-04-15 16:57:00, INFO: Stops times: 1

2025-04-15 16:57:02, INFO: human number: 8
2025-04-15 16:57:03, INFO: running 651/3600 episode, simulation environment: circle_static
2025-04-15 16:57:04, INFO: 651/3600 episode: Success! Total Reward: 34.026, R_dan: 6.61, R_goal: 10.0, R_col: 0, R_km: 4.5, R_col_wall: 0, R_wall_min_dist: -2.742, R_way_point_dist: 3.93, R_wp: 11.7, timeout: 0
2025-04-15 16:57:04, INFO: Path length: 82.61136529896099
2025-04-15 16:57:04, INFO: Path left: 0
2025-04-15 16:57:04, INFO: Actions: 145
2025-04-15 16:57:04, INFO: Coordinates: -9.622283303178847 30.626222789287567
2025-04-15 16:57:04, INFO: Stops times: 1

2025-04-15 16:57:06, INFO: human number: 8
2025-04-15 16:57:06, INFO: running 652/3600 episode, simulation environment: no
2025-04-15 16:57:06, INFO: 652/3600 episode: Success! Total Reward: 20.56, R_dan: 4.9, R_goal: 10.0, R_col: 0, R_km: 3.25, R_col_wall: 0, R_wall_min_dist: -12.228, R_way_point_dist: 2.94, R_wp: 11.7, timeout: 0
2025-04-15 16:57:06, INFO: Path length: 72.2339464304474
2025-04-15 16:57:06, INFO: Path left: 0
2025-04-15 16:57:06, INFO: Actions: 98
2025-04-15 16:57:06, INFO: Coordinates: -8.48644938133657 30.50919485837221
2025-04-15 16:57:06, INFO: Stops times: 3

2025-04-15 16:57:09, INFO: human number: 8
2025-04-15 16:57:09, INFO: running 653/3600 episode, simulation environment: circle_crossing
2025-04-15 16:57:10, INFO: 653/3600 episode: Collision! Total Reward: -24.233, R_dan: 0.57, R_goal: 0, R_col: -25.0, R_km: -0.45, R_col_wall: 0, R_wall_min_dist: 0.028, R_way_point_dist: 0.39, R_wp: 0.225, timeout: 0
2025-04-15 16:57:10, INFO: Path length: 7.942626712334246
2025-04-15 16:57:10, INFO: Path left: 72.1534972016699
2025-04-15 16:57:10, INFO: Actions: 13
2025-04-15 16:57:10, INFO: Coordinates: 1.5783006250858307 -9.732526455074549
2025-04-15 16:57:10, INFO: Stops times: 1

2025-04-15 16:57:12, INFO: human number: 8
2025-04-15 16:57:12, INFO: running 654/3600 episode, simulation environment: circle_static
2025-04-15 16:57:13, INFO: 654/3600 episode: Success! Total Reward: 25.896, R_dan: 6.03, R_goal: 10.0, R_col: 0, R_km: -3.05, R_col_wall: 0, R_wall_min_dist: -3.568, R_way_point_dist: 4.77, R_wp: 11.7, timeout: 0
2025-04-15 16:57:13, INFO: Path length: 78.26036193843738
2025-04-15 16:57:13, INFO: Path left: 0
2025-04-15 16:57:13, INFO: Actions: 159
2025-04-15 16:57:13, INFO: Coordinates: -9.024814255302772 30.597348667681217
2025-04-15 16:57:13, INFO: Stops times: 0

2025-04-15 16:57:16, INFO: human number: 8
2025-04-15 16:57:16, INFO: running 655/3600 episode, simulation environment: no
2025-04-15 16:57:16, INFO: 655/3600 episode: Success! Total Reward: 20.56, R_dan: 4.9, R_goal: 10.0, R_col: 0, R_km: 3.25, R_col_wall: 0, R_wall_min_dist: -12.228, R_way_point_dist: 2.94, R_wp: 11.7, timeout: 0
2025-04-15 16:57:16, INFO: Path length: 72.2339464304474
2025-04-15 16:57:16, INFO: Path left: 0
2025-04-15 16:57:16, INFO: Actions: 98
2025-04-15 16:57:16, INFO: Coordinates: -8.48644938133657 30.50919485837221
2025-04-15 16:57:16, INFO: Stops times: 3

2025-04-15 16:57:19, INFO: human number: 8
2025-04-15 16:57:19, INFO: running 656/3600 episode, simulation environment: circle_crossing
2025-04-15 16:57:19, INFO: 656/3600 episode: Collision! Total Reward: -26.616, R_dan: 0.13, R_goal: 0, R_col: -25.0, R_km: -2.45, R_col_wall: 0, R_wall_min_dist: 0.038, R_way_point_dist: 0.51, R_wp: 0.15, timeout: 0
2025-04-15 16:57:19, INFO: Path length: 6.862265877049317
2025-04-15 16:57:19, INFO: Path left: 73.56695694354842
2025-04-15 16:57:19, INFO: Actions: 17
2025-04-15 16:57:19, INFO: Coordinates: 2.876388732343912 -10.41671339981258
2025-04-15 16:57:19, INFO: Stops times: 0

2025-04-15 16:57:22, INFO: human number: 8
2025-04-15 16:57:22, INFO: running 657/3600 episode, simulation environment: circle_static
2025-04-15 16:57:23, INFO: 657/3600 episode: Success! Total Reward: 31.086, R_dan: 7.34, R_goal: 10.0, R_col: 0, R_km: 4.2, R_col_wall: 0, R_wall_min_dist: -6.328, R_way_point_dist: 4.15, R_wp: 11.7, timeout: 0
2025-04-15 16:57:23, INFO: Path length: 79.81009809352294
2025-04-15 16:57:23, INFO: Path left: 0
2025-04-15 16:57:23, INFO: Actions: 150
2025-04-15 16:57:23, INFO: Coordinates: -11.212442276999354 31.251161336898804
2025-04-15 16:57:23, INFO: Stops times: 2

2025-04-15 16:57:25, INFO: human number: 8
2025-04-15 16:57:25, INFO: running 658/3600 episode, simulation environment: no
2025-04-15 16:57:26, INFO: 658/3600 episode: Success! Total Reward: 20.56, R_dan: 4.9, R_goal: 10.0, R_col: 0, R_km: 3.25, R_col_wall: 0, R_wall_min_dist: -12.228, R_way_point_dist: 2.94, R_wp: 11.7, timeout: 0
2025-04-15 16:57:26, INFO: Path length: 72.2339464304474
2025-04-15 16:57:26, INFO: Path left: 0
2025-04-15 16:57:26, INFO: Actions: 98
2025-04-15 16:57:26, INFO: Coordinates: -8.48644938133657 30.50919485837221
2025-04-15 16:57:26, INFO: Stops times: 3

2025-04-15 16:57:28, INFO: human number: 8
2025-04-15 16:57:29, INFO: running 659/3600 episode, simulation environment: circle_crossing
2025-04-15 16:57:29, INFO: 659/3600 episode: Collision! Total Reward: -22.535, R_dan: 0.66, R_goal: 0, R_col: -25.0, R_km: 0.9, R_col_wall: 0, R_wall_min_dist: 0.041, R_way_point_dist: 0.54, R_wp: 0.315, timeout: 0
2025-04-15 16:57:29, INFO: Path length: 8.987909896727801
2025-04-15 16:57:29, INFO: Path left: 71.4393695935307
2025-04-15 16:57:29, INFO: Actions: 18
2025-04-15 16:57:29, INFO: Coordinates: 0.7316411435604095 -10.258691771887243
2025-04-15 16:57:29, INFO: Stops times: 0

2025-04-15 16:57:31, INFO: human number: 8
2025-04-15 16:57:32, INFO: running 660/3600 episode, simulation environment: circle_static
2025-04-15 16:57:33, INFO: 660/3600 episode: Success! Total Reward: 30.278, R_dan: 6.37, R_goal: 10.0, R_col: 0, R_km: 3.55, R_col_wall: 0, R_wall_min_dist: -5.328, R_way_point_dist: 3.97, R_wp: 11.7, timeout: 0
2025-04-15 16:57:33, INFO: Path length: 77.45944663016148
2025-04-15 16:57:33, INFO: Path left: 0
2025-04-15 16:57:33, INFO: Actions: 137
2025-04-15 16:57:33, INFO: Coordinates: -9.74010443687439 31.535908367484808
2025-04-15 16:57:33, INFO: Stops times: 1

2025-04-15 16:57:35, INFO: human number: 8
2025-04-15 16:57:35, INFO: running 661/3600 episode, simulation environment: no
2025-04-15 16:57:35, INFO: 661/3600 episode: Success! Total Reward: 20.56, R_dan: 4.9, R_goal: 10.0, R_col: 0, R_km: 3.25, R_col_wall: 0, R_wall_min_dist: -12.228, R_way_point_dist: 2.94, R_wp: 11.7, timeout: 0
2025-04-15 16:57:35, INFO: Path length: 72.2339464304474
2025-04-15 16:57:35, INFO: Path left: 0
2025-04-15 16:57:35, INFO: Actions: 98
2025-04-15 16:57:35, INFO: Coordinates: -8.48644938133657 30.50919485837221
2025-04-15 16:57:35, INFO: Stops times: 3

2025-04-15 16:57:38, INFO: human number: 8
2025-04-15 16:57:39, INFO: running 662/3600 episode, simulation environment: circle_crossing
2025-04-15 16:57:39, INFO: 662/3600 episode: Collision! Total Reward: -26.433, R_dan: 0.38, R_goal: 0, R_col: -25.0, R_km: -1.5, R_col_wall: 0, R_wall_min_dist: -0.841, R_way_point_dist: 0.21, R_wp: 0.315, timeout: 0
2025-04-15 16:57:39, INFO: Path length: 10.008609808690915
2025-04-15 16:57:39, INFO: Path left: 70.90121921419119
2025-04-15 16:57:39, INFO: Actions: 14
2025-04-15 16:57:39, INFO: Coordinates: 0.44148774445056915 -8.449092708528042
2025-04-15 16:57:39, INFO: Stops times: 1

2025-04-15 16:57:41, INFO: human number: 8
2025-04-15 16:57:42, INFO: running 663/3600 episode, simulation environment: circle_static
2025-04-15 16:57:42, INFO: 663/3600 episode: Collision! Total Reward: -25.944, R_dan: 1.23, R_goal: 0, R_col: -25.0, R_km: -1.75, R_col_wall: 0, R_wall_min_dist: -2.032, R_way_point_dist: 0.93, R_wp: 0.675, timeout: 0
2025-04-15 16:57:42, INFO: Path length: 14.67978255483064
2025-04-15 16:57:42, INFO: Path left: 64.94572194232313
2025-04-15 16:57:42, INFO: Actions: 31
2025-04-15 16:57:42, INFO: Coordinates: -4.431750178337097 -6.962536374107003
2025-04-15 16:57:42, INFO: Stops times: 1

2025-04-15 16:57:44, INFO: human number: 8
2025-04-15 16:57:44, INFO: running 664/3600 episode, simulation environment: no
2025-04-15 16:57:45, INFO: 664/3600 episode: Success! Total Reward: 20.56, R_dan: 4.9, R_goal: 10.0, R_col: 0, R_km: 3.25, R_col_wall: 0, R_wall_min_dist: -12.228, R_way_point_dist: 2.94, R_wp: 11.7, timeout: 0
2025-04-15 16:57:45, INFO: Path length: 72.2339464304474
2025-04-15 16:57:45, INFO: Path left: 0
2025-04-15 16:57:45, INFO: Actions: 98
2025-04-15 16:57:45, INFO: Coordinates: -8.48644938133657 30.50919485837221
2025-04-15 16:57:45, INFO: Stops times: 3

2025-04-15 16:57:47, INFO: human number: 8
2025-04-15 16:57:48, INFO: running 665/3600 episode, simulation environment: circle_crossing
2025-04-15 16:57:48, INFO: 665/3600 episode: Success! Total Reward: 28.744, R_dan: 5.85, R_goal: 10.0, R_col: 0, R_km: 2.1, R_col_wall: 0, R_wall_min_dist: -5.145, R_way_point_dist: 4.23, R_wp: 11.7, timeout: 0
2025-04-15 16:57:48, INFO: Path length: 75.89032253061156
2025-04-15 16:57:48, INFO: Path left: 0
2025-04-15 16:57:48, INFO: Actions: 141
2025-04-15 16:57:48, INFO: Coordinates: -8.740108588710427 30.808080507442355
2025-04-15 16:57:48, INFO: Stops times: 1

2025-04-15 16:57:51, INFO: human number: 8
2025-04-15 16:57:51, INFO: running 666/3600 episode, simulation environment: circle_static
2025-04-15 16:57:52, INFO: 666/3600 episode: Collision! Total Reward: -24.443, R_dan: 0.52, R_goal: 0, R_col: -25.0, R_km: -0.5, R_col_wall: 0, R_wall_min_dist: 0.026, R_way_point_dist: 0.36, R_wp: 0.15, timeout: 0
2025-04-15 16:57:52, INFO: Path length: 6.2010066160931885
2025-04-15 16:57:52, INFO: Path left: 73.80283498245379
2025-04-15 16:57:52, INFO: Actions: 12
2025-04-15 16:57:52, INFO: Coordinates: 3.241607502102852 -9.454157754778862
2025-04-15 16:57:52, INFO: Stops times: 0

2025-04-15 16:57:54, INFO: human number: 8
2025-04-15 16:57:54, INFO: running 667/3600 episode, simulation environment: no
2025-04-15 16:57:54, INFO: 667/3600 episode: Success! Total Reward: 20.56, R_dan: 4.9, R_goal: 10.0, R_col: 0, R_km: 3.25, R_col_wall: 0, R_wall_min_dist: -12.228, R_way_point_dist: 2.94, R_wp: 11.7, timeout: 0
2025-04-15 16:57:54, INFO: Path length: 72.2339464304474
2025-04-15 16:57:54, INFO: Path left: 0
2025-04-15 16:57:54, INFO: Actions: 98
2025-04-15 16:57:54, INFO: Coordinates: -8.48644938133657 30.50919485837221
2025-04-15 16:57:54, INFO: Stops times: 3

2025-04-15 16:57:57, INFO: human number: 8
2025-04-15 16:57:57, INFO: running 668/3600 episode, simulation environment: circle_crossing
2025-04-15 16:57:58, INFO: 668/3600 episode: Success! Total Reward: 35.52, R_dan: 6.91, R_goal: 10.0, R_col: 0, R_km: 4.8, R_col_wall: 0, R_wall_min_dist: -2.44, R_way_point_dist: 4.53, R_wp: 11.7, timeout: 0
2025-04-15 16:57:58, INFO: Path length: 78.26797998582339
2025-04-15 16:57:58, INFO: Path left: 0
2025-04-15 16:57:58, INFO: Actions: 151
2025-04-15 16:57:58, INFO: Coordinates: -8.98129410855472 30.79560853354633
2025-04-15 16:57:58, INFO: Stops times: 0

2025-04-15 16:58:01, INFO: human number: 8
2025-04-15 16:58:01, INFO: running 669/3600 episode, simulation environment: circle_static
2025-04-15 16:58:01, INFO: 669/3600 episode: Collision! Total Reward: -17.457, R_dan: 2.26, R_goal: 0, R_col: -25.0, R_km: 2.35, R_col_wall: 0, R_wall_min_dist: -1.111, R_way_point_dist: 1.74, R_wp: 2.295, timeout: 0
2025-04-15 16:58:01, INFO: Path length: 30.587238035469525
2025-04-15 16:58:01, INFO: Path left: 48.25883138187696
2025-04-15 16:58:01, INFO: Actions: 58
2025-04-15 16:58:01, INFO: Coordinates: -6.195462332107127 5.829728251323104
2025-04-15 16:58:01, INFO: Stops times: 0

2025-04-15 16:58:04, INFO: human number: 8
2025-04-15 16:58:04, INFO: running 670/3600 episode, simulation environment: no
2025-04-15 16:58:04, INFO: 670/3600 episode: Success! Total Reward: 20.56, R_dan: 4.9, R_goal: 10.0, R_col: 0, R_km: 3.25, R_col_wall: 0, R_wall_min_dist: -12.228, R_way_point_dist: 2.94, R_wp: 11.7, timeout: 0
2025-04-15 16:58:04, INFO: Path length: 72.2339464304474
2025-04-15 16:58:04, INFO: Path left: 0
2025-04-15 16:58:04, INFO: Actions: 98
2025-04-15 16:58:04, INFO: Coordinates: -8.48644938133657 30.50919485837221
2025-04-15 16:58:04, INFO: Stops times: 3

2025-04-15 16:58:07, INFO: human number: 8
2025-04-15 16:58:07, INFO: running 671/3600 episode, simulation environment: circle_crossing
2025-04-15 16:58:08, INFO: 671/3600 episode: Collision! Total Reward: -15.109, R_dan: 2.72, R_goal: 0, R_col: -25.0, R_km: 3.3, R_col_wall: 0, R_wall_min_dist: -2.593, R_way_point_dist: 2.64, R_wp: 3.795, timeout: 0
2025-04-15 16:58:08, INFO: Path length: 40.98374336920831
2025-04-15 16:58:08, INFO: Path left: 38.44239519625745
2025-04-15 16:58:08, INFO: Actions: 88
2025-04-15 16:58:08, INFO: Coordinates: 0.8487189039587975 11.84737530676648
2025-04-15 16:58:08, INFO: Stops times: 1

2025-04-15 16:58:10, INFO: human number: 8
2025-04-15 16:58:11, INFO: running 672/3600 episode, simulation environment: circle_static
2025-04-15 16:58:11, INFO: 672/3600 episode: Collision! Total Reward: -17.579, R_dan: 2.72, R_goal: 0, R_col: -25.0, R_km: 1.55, R_col_wall: 0, R_wall_min_dist: -1.073, R_way_point_dist: 1.92, R_wp: 2.295, timeout: 0
2025-04-15 16:58:11, INFO: Path length: 31.727508965269813
2025-04-15 16:58:11, INFO: Path left: 47.07098517900216
2025-04-15 16:58:11, INFO: Actions: 64
2025-04-15 16:58:11, INFO: Coordinates: -5.719505965709686 6.946453142911196
2025-04-15 16:58:11, INFO: Stops times: 0

2025-04-15 16:58:14, INFO: human number: 8
2025-04-15 16:58:14, INFO: running 673/3600 episode, simulation environment: no
2025-04-15 16:58:14, INFO: 673/3600 episode: Success! Total Reward: 20.56, R_dan: 4.9, R_goal: 10.0, R_col: 0, R_km: 3.25, R_col_wall: 0, R_wall_min_dist: -12.228, R_way_point_dist: 2.94, R_wp: 11.7, timeout: 0
2025-04-15 16:58:14, INFO: Path length: 72.2339464304474
2025-04-15 16:58:14, INFO: Path left: 0
2025-04-15 16:58:14, INFO: Actions: 98
2025-04-15 16:58:14, INFO: Coordinates: -8.48644938133657 30.50919485837221
2025-04-15 16:58:14, INFO: Stops times: 3

2025-04-15 16:58:16, INFO: human number: 8
2025-04-15 16:58:17, INFO: running 674/3600 episode, simulation environment: circle_crossing
2025-04-15 16:58:17, INFO: 674/3600 episode: Collision! Total Reward: -23.518, R_dan: 0.59, R_goal: 0, R_col: -25.0, R_km: 0.2, R_col_wall: 0, R_wall_min_dist: 0.014, R_way_point_dist: 0.45, R_wp: 0.225, timeout: 0
2025-04-15 16:58:17, INFO: Path length: 7.347137063182451
2025-04-15 16:58:17, INFO: Path left: 73.22340112401605
2025-04-15 16:58:17, INFO: Actions: 15
2025-04-15 16:58:17, INFO: Coordinates: 2.6590239256620407 -8.927917271852493
2025-04-15 16:58:17, INFO: Stops times: 0

2025-04-15 16:58:20, INFO: human number: 8
2025-04-15 16:58:20, INFO: running 675/3600 episode, simulation environment: circle_static
2025-04-15 16:58:20, INFO: 675/3600 episode: Collision! Total Reward: -24.677, R_dan: 0.75, R_goal: 0, R_col: -25.0, R_km: -1.6, R_col_wall: 0, R_wall_min_dist: 0.054, R_way_point_dist: 0.69, R_wp: 0.42, timeout: 0
2025-04-15 16:58:20, INFO: Path length: 11.167055921634338
2025-04-15 16:58:20, INFO: Path left: 69.14670789523556
2025-04-15 16:58:20, INFO: Actions: 23
2025-04-15 16:58:20, INFO: Coordinates: -1.4386669639497995 -9.591494680382311
2025-04-15 16:58:20, INFO: Stops times: 0

2025-04-15 16:58:23, INFO: human number: 8
2025-04-15 16:58:23, INFO: running 676/3600 episode, simulation environment: no
2025-04-15 16:58:23, INFO: 676/3600 episode: Success! Total Reward: 20.56, R_dan: 4.9, R_goal: 10.0, R_col: 0, R_km: 3.25, R_col_wall: 0, R_wall_min_dist: -12.228, R_way_point_dist: 2.94, R_wp: 11.7, timeout: 0
2025-04-15 16:58:23, INFO: Path length: 72.2339464304474
2025-04-15 16:58:23, INFO: Path left: 0
2025-04-15 16:58:23, INFO: Actions: 98
2025-04-15 16:58:23, INFO: Coordinates: -8.48644938133657 30.50919485837221
2025-04-15 16:58:23, INFO: Stops times: 3

2025-04-15 16:58:25, INFO: human number: 8
2025-04-15 16:58:26, INFO: running 677/3600 episode, simulation environment: circle_crossing
2025-04-15 16:58:27, INFO: 677/3600 episode: Success! Total Reward: 30.434, R_dan: 7.65, R_goal: 10.0, R_col: 0, R_km: 2.15, R_col_wall: 0, R_wall_min_dist: -5.334, R_way_point_dist: 4.24, R_wp: 11.7, timeout: 0
2025-04-15 16:58:27, INFO: Path length: 80.49785941874717
2025-04-15 16:58:27, INFO: Path left: 0
2025-04-15 16:58:27, INFO: Actions: 153
2025-04-15 16:58:27, INFO: Coordinates: -9.48768399655819 31.365040477365255
2025-04-15 16:58:27, INFO: Stops times: 0

2025-04-15 16:58:29, INFO: human number: 8
2025-04-15 16:58:30, INFO: running 678/3600 episode, simulation environment: circle_static
2025-04-15 16:58:30, INFO: 678/3600 episode: Collision! Total Reward: -23.779, R_dan: 0.39, R_goal: 0, R_col: -25.0, R_km: 0.4, R_col_wall: 0, R_wall_min_dist: -0.37, R_way_point_dist: 0.57, R_wp: 0.225, timeout: 0
2025-04-15 16:58:30, INFO: Path length: 8.140207455058485
2025-04-15 16:58:30, INFO: Path left: 72.20612006865736
2025-04-15 16:58:30, INFO: Actions: 19
2025-04-15 16:58:30, INFO: Coordinates: 1.4919864237308502 -8.201287120580673
2025-04-15 16:58:30, INFO: Stops times: 1

2025-04-15 16:58:32, INFO: human number: 8
2025-04-15 16:58:32, INFO: running 679/3600 episode, simulation environment: no
2025-04-15 16:58:33, INFO: 679/3600 episode: Success! Total Reward: 20.56, R_dan: 4.9, R_goal: 10.0, R_col: 0, R_km: 3.25, R_col_wall: 0, R_wall_min_dist: -12.228, R_way_point_dist: 2.94, R_wp: 11.7, timeout: 0
2025-04-15 16:58:33, INFO: Path length: 72.2339464304474
2025-04-15 16:58:33, INFO: Path left: 0
2025-04-15 16:58:33, INFO: Actions: 98
2025-04-15 16:58:33, INFO: Coordinates: -8.48644938133657 30.50919485837221
2025-04-15 16:58:33, INFO: Stops times: 3

2025-04-15 16:58:35, INFO: human number: 8
2025-04-15 16:58:36, INFO: running 680/3600 episode, simulation environment: circle_crossing
2025-04-15 16:58:36, INFO: 680/3600 episode: Collision! Total Reward: -15.166, R_dan: 3.18, R_goal: 0, R_col: -25.0, R_km: 4.3, R_col_wall: 0, R_wall_min_dist: -4.391, R_way_point_dist: 2.58, R_wp: 4.14, timeout: 0
2025-04-15 16:58:36, INFO: Path length: 42.95088909280463
2025-04-15 16:58:36, INFO: Path left: 35.49330577398257
2025-04-15 16:58:36, INFO: Actions: 86
2025-04-15 16:58:36, INFO: Coordinates: 3.201009525451809 13.3831240311265
2025-04-15 16:58:36, INFO: Stops times: 0

2025-04-15 16:58:39, INFO: human number: 8
2025-04-15 16:58:39, INFO: running 681/3600 episode, simulation environment: circle_static
2025-04-15 16:58:39, INFO: 681/3600 episode: Collision! Total Reward: -24.169, R_dan: 0.42, R_goal: 0, R_col: -25.0, R_km: -0.05, R_col_wall: 0, R_wall_min_dist: -0.066, R_way_point_dist: 0.3, R_wp: 0.225, timeout: 0
2025-04-15 16:58:39, INFO: Path length: 8.40799424017028
2025-04-15 16:58:39, INFO: Path left: 72.82673328212353
2025-04-15 16:58:39, INFO: Actions: 10
2025-04-15 16:58:39, INFO: Coordinates: 2.226782400161028 -8.639675632119179
2025-04-15 16:58:39, INFO: Stops times: 0

2025-04-15 16:58:42, INFO: human number: 8
2025-04-15 16:58:42, INFO: running 682/3600 episode, simulation environment: no
2025-04-15 16:58:42, INFO: 682/3600 episode: Success! Total Reward: 20.56, R_dan: 4.9, R_goal: 10.0, R_col: 0, R_km: 3.25, R_col_wall: 0, R_wall_min_dist: -12.228, R_way_point_dist: 2.94, R_wp: 11.7, timeout: 0
2025-04-15 16:58:42, INFO: Path length: 72.2339464304474
2025-04-15 16:58:42, INFO: Path left: 0
2025-04-15 16:58:42, INFO: Actions: 98
2025-04-15 16:58:42, INFO: Coordinates: -8.48644938133657 30.50919485837221
2025-04-15 16:58:42, INFO: Stops times: 3

2025-04-15 16:58:44, INFO: human number: 8
2025-04-15 16:58:45, INFO: running 683/3600 episode, simulation environment: circle_crossing
2025-04-15 16:58:46, INFO: 683/3600 episode: Success! Total Reward: 34.454, R_dan: 6.86, R_goal: 10.0, R_col: 0, R_km: 6.0, R_col_wall: 0, R_wall_min_dist: -4.392, R_way_point_dist: 4.26, R_wp: 11.7, timeout: 0
2025-04-15 16:58:46, INFO: Path length: 76.61212424370554
2025-04-15 16:58:46, INFO: Path left: 0
2025-04-15 16:58:46, INFO: Actions: 142
2025-04-15 16:58:46, INFO: Coordinates: -8.273630457930267 30.955476270988584
2025-04-15 16:58:46, INFO: Stops times: 0

2025-04-15 16:58:48, INFO: human number: 8
2025-04-15 16:58:49, INFO: running 684/3600 episode, simulation environment: circle_static
2025-04-15 16:58:50, INFO: 684/3600 episode: Success! Total Reward: 33.986, R_dan: 6.8, R_goal: 10.0, R_col: 0, R_km: 3.75, R_col_wall: 0, R_wall_min_dist: -2.386, R_way_point_dist: 4.07, R_wp: 11.7, timeout: 0
2025-04-15 16:58:50, INFO: Path length: 82.36937196234774
2025-04-15 16:58:50, INFO: Path left: 0
2025-04-15 16:58:50, INFO: Actions: 152
2025-04-15 16:58:50, INFO: Coordinates: -9.472738389624283 31.057192960754037
2025-04-15 16:58:50, INFO: Stops times: 1

2025-04-15 16:58:52, INFO: human number: 8
2025-04-15 16:58:52, INFO: running 685/3600 episode, simulation environment: no
2025-04-15 16:58:52, INFO: 685/3600 episode: Success! Total Reward: 20.56, R_dan: 4.9, R_goal: 10.0, R_col: 0, R_km: 3.25, R_col_wall: 0, R_wall_min_dist: -12.228, R_way_point_dist: 2.94, R_wp: 11.7, timeout: 0
2025-04-15 16:58:52, INFO: Path length: 72.2339464304474
2025-04-15 16:58:52, INFO: Path left: 0
2025-04-15 16:58:52, INFO: Actions: 98
2025-04-15 16:58:52, INFO: Coordinates: -8.48644938133657 30.50919485837221
2025-04-15 16:58:52, INFO: Stops times: 3

2025-04-15 16:58:55, INFO: human number: 8
2025-04-15 16:58:55, INFO: running 686/3600 episode, simulation environment: circle_crossing
2025-04-15 16:58:56, INFO: 686/3600 episode: Collision! Total Reward: -25.619, R_dan: 0.44, R_goal: 0, R_col: -25.0, R_km: -1.6, R_col_wall: 0, R_wall_min_dist: 0.026, R_way_point_dist: 0.36, R_wp: 0.15, timeout: 0
2025-04-15 16:58:56, INFO: Path length: 6.385229938286747
2025-04-15 16:58:56, INFO: Path left: 73.54100514655681
2025-04-15 16:58:56, INFO: Actions: 12
2025-04-15 16:58:56, INFO: Coordinates: 2.9628946855664253 -9.16473001241684
2025-04-15 16:58:56, INFO: Stops times: 1

2025-04-15 16:58:58, INFO: human number: 8
2025-04-15 16:58:58, INFO: running 687/3600 episode, simulation environment: circle_static
2025-04-15 16:58:59, INFO: 687/3600 episode: Collision! Total Reward: -23.962, R_dan: 0.34, R_goal: 0, R_col: -25.0, R_km: -0.2, R_col_wall: 0, R_wall_min_dist: 0.041, R_way_point_dist: 0.54, R_wp: 0.315, timeout: 0
2025-04-15 16:58:59, INFO: Path length: 9.126258739600342
2025-04-15 16:58:59, INFO: Path left: 71.30326347996204
2025-04-15 16:58:59, INFO: Actions: 18
2025-04-15 16:58:59, INFO: Coordinates: 0.5088736712932587 -10.469663358293474
2025-04-15 16:58:59, INFO: Stops times: 0

2025-04-15 16:59:01, INFO: human number: 8
2025-04-15 16:59:01, INFO: running 688/3600 episode, simulation environment: no
2025-04-15 16:59:01, INFO: 688/3600 episode: Success! Total Reward: 20.56, R_dan: 4.9, R_goal: 10.0, R_col: 0, R_km: 3.25, R_col_wall: 0, R_wall_min_dist: -12.228, R_way_point_dist: 2.94, R_wp: 11.7, timeout: 0
2025-04-15 16:59:01, INFO: Path length: 72.2339464304474
2025-04-15 16:59:01, INFO: Path left: 0
2025-04-15 16:59:01, INFO: Actions: 98
2025-04-15 16:59:01, INFO: Coordinates: -8.48644938133657 30.50919485837221
2025-04-15 16:59:01, INFO: Stops times: 3

2025-04-15 16:59:04, INFO: human number: 8
2025-04-15 16:59:04, INFO: running 689/3600 episode, simulation environment: circle_crossing
2025-04-15 16:59:05, INFO: 689/3600 episode: Success! Total Reward: 31.344, R_dan: 5.04, R_goal: 10.0, R_col: 0, R_km: 7.2, R_col_wall: 0, R_wall_min_dist: -6.914, R_way_point_dist: 4.32, R_wp: 11.7, timeout: 0
2025-04-15 16:59:05, INFO: Path length: 76.4627114828931
2025-04-15 16:59:05, INFO: Path left: 0
2025-04-15 16:59:05, INFO: Actions: 144
2025-04-15 16:59:05, INFO: Coordinates: -8.33253592159599 31.249783020466566
2025-04-15 16:59:05, INFO: Stops times: 0

2025-04-15 16:59:08, INFO: human number: 8
2025-04-15 16:59:08, INFO: running 690/3600 episode, simulation environment: circle_static
2025-04-15 16:59:09, INFO: 690/3600 episode: Success! Total Reward: 31.606, R_dan: 6.53, R_goal: 10.0, R_col: 0, R_km: 4.1, R_col_wall: 0, R_wall_min_dist: -4.847, R_way_point_dist: 4.11, R_wp: 11.7, timeout: 0
2025-04-15 16:59:09, INFO: Path length: 76.67110761078489
2025-04-15 16:59:09, INFO: Path left: 0
2025-04-15 16:59:09, INFO: Actions: 137
2025-04-15 16:59:09, INFO: Coordinates: -8.607261172030121 30.622887928504497
2025-04-15 16:59:09, INFO: Stops times: 1

2025-04-15 16:59:11, INFO: human number: 8
2025-04-15 16:59:11, INFO: running 691/3600 episode, simulation environment: no
2025-04-15 16:59:12, INFO: 691/3600 episode: Success! Total Reward: 20.56, R_dan: 4.9, R_goal: 10.0, R_col: 0, R_km: 3.25, R_col_wall: 0, R_wall_min_dist: -12.228, R_way_point_dist: 2.94, R_wp: 11.7, timeout: 0
2025-04-15 16:59:12, INFO: Path length: 72.2339464304474
2025-04-15 16:59:12, INFO: Path left: 0
2025-04-15 16:59:12, INFO: Actions: 98
2025-04-15 16:59:12, INFO: Coordinates: -8.48644938133657 30.50919485837221
2025-04-15 16:59:12, INFO: Stops times: 3

2025-04-15 16:59:14, INFO: human number: 8
2025-04-15 16:59:15, INFO: running 692/3600 episode, simulation environment: circle_crossing
2025-04-15 16:59:15, INFO: 692/3600 episode: Collision! Total Reward: -24.419, R_dan: 0.32, R_goal: 0, R_col: -25.0, R_km: -0.15, R_col_wall: 0, R_wall_min_dist: 0.017, R_way_point_dist: 0.24, R_wp: 0.15, timeout: 0
2025-04-15 16:59:15, INFO: Path length: 7.417180640417515
2025-04-15 16:59:15, INFO: Path left: 73.77161284159637
2025-04-15 16:59:15, INFO: Actions: 8
2025-04-15 16:59:15, INFO: Coordinates: 3.2021431922912598 -9.255293173715472
2025-04-15 16:59:15, INFO: Stops times: 0

2025-04-15 16:59:17, INFO: human number: 8
2025-04-15 16:59:18, INFO: running 693/3600 episode, simulation environment: circle_static
2025-04-15 16:59:19, INFO: 693/3600 episode: Success! Total Reward: 12.58, R_dan: 6.29, R_goal: 10.0, R_col: 0, R_km: -10.95, R_col_wall: 0, R_wall_min_dist: -9.788, R_way_point_dist: 5.31, R_wp: 11.7, timeout: 0
2025-04-15 16:59:19, INFO: Path length: 78.5024994275864
2025-04-15 16:59:19, INFO: Path left: 0
2025-04-15 16:59:19, INFO: Actions: 177
2025-04-15 16:59:19, INFO: Coordinates: -9.490489951451309 30.54607104510069
2025-04-15 16:59:19, INFO: Stops times: 3

2025-04-15 16:59:21, INFO: human number: 8
2025-04-15 16:59:21, INFO: running 694/3600 episode, simulation environment: no
2025-04-15 16:59:21, INFO: 694/3600 episode: Success! Total Reward: 20.56, R_dan: 4.9, R_goal: 10.0, R_col: 0, R_km: 3.25, R_col_wall: 0, R_wall_min_dist: -12.228, R_way_point_dist: 2.94, R_wp: 11.7, timeout: 0
2025-04-15 16:59:21, INFO: Path length: 72.2339464304474
2025-04-15 16:59:21, INFO: Path left: 0
2025-04-15 16:59:21, INFO: Actions: 98
2025-04-15 16:59:21, INFO: Coordinates: -8.48644938133657 30.50919485837221
2025-04-15 16:59:21, INFO: Stops times: 3

2025-04-15 16:59:24, INFO: human number: 8
2025-04-15 16:59:25, INFO: running 695/3600 episode, simulation environment: circle_crossing
2025-04-15 16:59:25, INFO: 695/3600 episode: Collision! Total Reward: -10.376, R_dan: 3.36, R_goal: 0, R_col: -25.0, R_km: 3.0, R_col_wall: 0, R_wall_min_dist: 0.254, R_way_point_dist: 3.12, R_wp: 4.875, timeout: 0
2025-04-15 16:59:25, INFO: Path length: 47.45325343096161
2025-04-15 16:59:25, INFO: Path left: 33.033691879578704
2025-04-15 16:59:25, INFO: Actions: 104
2025-04-15 16:59:25, INFO: Coordinates: 5.55847357865423 13.465638868510723
2025-04-15 16:59:25, INFO: Stops times: 0

2025-04-15 16:59:28, INFO: human number: 8
2025-04-15 16:59:28, INFO: running 696/3600 episode, simulation environment: circle_static
2025-04-15 16:59:29, INFO: 696/3600 episode: Timeout! Total Reward: -92.496, R_dan: 3.81, R_goal: 0, R_col: 0, R_km: -55.35, R_col_wall: 0, R_wall_min_dist: -34.112, R_way_point_dist: 6.45, R_wp: 11.7, timeout: -25
2025-04-15 16:59:29, INFO: Path length: 81.85148599736257
2025-04-15 16:59:29, INFO: Path left: 4.5407000363687215
2025-04-15 16:59:29, INFO: Actions: 257
2025-04-15 16:59:29, INFO: Coordinates: -14.057913550765079 33.99031678441679
2025-04-15 16:59:29, INFO: Stops times: 63

2025-04-15 16:59:31, INFO: human number: 8
2025-04-15 16:59:31, INFO: running 697/3600 episode, simulation environment: no
2025-04-15 16:59:32, INFO: 697/3600 episode: Success! Total Reward: 20.56, R_dan: 4.9, R_goal: 10.0, R_col: 0, R_km: 3.25, R_col_wall: 0, R_wall_min_dist: -12.228, R_way_point_dist: 2.94, R_wp: 11.7, timeout: 0
2025-04-15 16:59:32, INFO: Path length: 72.2339464304474
2025-04-15 16:59:32, INFO: Path left: 0
2025-04-15 16:59:32, INFO: Actions: 98
2025-04-15 16:59:32, INFO: Coordinates: -8.48644938133657 30.50919485837221
2025-04-15 16:59:32, INFO: Stops times: 3

2025-04-15 16:59:34, INFO: human number: 8
2025-04-15 16:59:35, INFO: running 698/3600 episode, simulation environment: circle_crossing
2025-04-15 16:59:36, INFO: 698/3600 episode: Success! Total Reward: 33.486, R_dan: 6.12, R_goal: 10.0, R_col: 0, R_km: 6.45, R_col_wall: 0, R_wall_min_dist: -5.012, R_way_point_dist: 4.2, R_wp: 11.7, timeout: 0
2025-04-15 16:59:36, INFO: Path length: 76.80190198258377
2025-04-15 16:59:36, INFO: Path left: 0
2025-04-15 16:59:36, INFO: Actions: 140
2025-04-15 16:59:36, INFO: Coordinates: -8.603544354438782 31.16299827210605
2025-04-15 16:59:36, INFO: Stops times: 0

2025-04-15 16:59:38, INFO: human number: 8
2025-04-15 16:59:38, INFO: running 699/3600 episode, simulation environment: circle_static
2025-04-15 16:59:39, INFO: 699/3600 episode: Collision! Total Reward: -20.492, R_dan: 1.29, R_goal: 0, R_col: -25.0, R_km: 0.6, R_col_wall: 0, R_wall_min_dist: 0.096, R_way_point_dist: 1.35, R_wp: 1.17, timeout: 0
2025-04-15 16:59:39, INFO: Path length: 21.340037728692465
2025-04-15 16:59:39, INFO: Path left: 58.488822721583865
2025-04-15 16:59:39, INFO: Actions: 45
2025-04-15 16:59:39, INFO: Coordinates: -9.225324459373951 -2.856598863378167
2025-04-15 16:59:39, INFO: Stops times: 1

2025-04-15 16:59:41, INFO: human number: 8
2025-04-15 16:59:41, INFO: running 700/3600 episode, simulation environment: no
2025-04-15 16:59:42, INFO: 700/3600 episode: Success! Total Reward: 20.56, R_dan: 4.9, R_goal: 10.0, R_col: 0, R_km: 3.25, R_col_wall: 0, R_wall_min_dist: -12.228, R_way_point_dist: 2.94, R_wp: 11.7, timeout: 0
2025-04-15 16:59:42, INFO: Path length: 72.2339464304474
2025-04-15 16:59:42, INFO: Path left: 0
2025-04-15 16:59:42, INFO: Actions: 98
2025-04-15 16:59:42, INFO: Coordinates: -8.48644938133657 30.50919485837221
2025-04-15 16:59:42, INFO: Stops times: 3

2025-04-15 16:59:44, INFO: human number: 8
2025-04-15 16:59:45, INFO: running 701/3600 episode, simulation environment: circle_crossing
2025-04-15 16:59:45, INFO: 701/3600 episode: Success! Total Reward: 29.768, R_dan: 6.62, R_goal: 10.0, R_col: 0, R_km: 1.05, R_col_wall: 0, R_wall_min_dist: -3.81, R_way_point_dist: 4.19, R_wp: 11.7, timeout: 0
2025-04-15 16:59:45, INFO: Path length: 76.71889240549673
2025-04-15 16:59:45, INFO: Path left: 0
2025-04-15 16:59:45, INFO: Actions: 142
2025-04-15 16:59:45, INFO: Coordinates: -8.153887147083879 30.678186180070043
2025-04-15 16:59:45, INFO: Stops times: 1

2025-04-15 16:59:48, INFO: human number: 8
2025-04-15 16:59:48, INFO: running 702/3600 episode, simulation environment: circle_static
2025-04-15 16:59:49, INFO: 702/3600 episode: Success! Total Reward: 33.826, R_dan: 7.54, R_goal: 10.0, R_col: 0, R_km: 4.4, R_col_wall: 0, R_wall_min_dist: -4.209, R_way_point_dist: 4.41, R_wp: 11.7, timeout: 0
2025-04-15 16:59:49, INFO: Path length: 79.55672736741488
2025-04-15 16:59:49, INFO: Path left: 0
2025-04-15 16:59:49, INFO: Actions: 154
2025-04-15 16:59:49, INFO: Coordinates: -10.83295894227922 30.62103210296482
2025-04-15 16:59:49, INFO: Stops times: 0

2025-04-15 16:59:52, INFO: human number: 8
2025-04-15 16:59:52, INFO: running 703/3600 episode, simulation environment: no
2025-04-15 16:59:52, INFO: 703/3600 episode: Success! Total Reward: 20.56, R_dan: 4.9, R_goal: 10.0, R_col: 0, R_km: 3.25, R_col_wall: 0, R_wall_min_dist: -12.228, R_way_point_dist: 2.94, R_wp: 11.7, timeout: 0
2025-04-15 16:59:52, INFO: Path length: 72.2339464304474
2025-04-15 16:59:52, INFO: Path left: 0
2025-04-15 16:59:52, INFO: Actions: 98
2025-04-15 16:59:52, INFO: Coordinates: -8.48644938133657 30.50919485837221
2025-04-15 16:59:52, INFO: Stops times: 3

2025-04-15 16:59:54, INFO: human number: 8
2025-04-15 16:59:55, INFO: running 704/3600 episode, simulation environment: circle_crossing
2025-04-15 16:59:56, INFO: 704/3600 episode: Collision! Total Reward: -19.532, R_dan: 3.17, R_goal: 0, R_col: -25.0, R_km: -3.55, R_col_wall: 0, R_wall_min_dist: -2.112, R_way_point_dist: 3.08, R_wp: 4.875, timeout: 0
2025-04-15 16:59:56, INFO: Path length: 47.11319096350273
2025-04-15 16:59:56, INFO: Path left: 31.29919494441921
2025-04-15 16:59:56, INFO: Actions: 105
2025-04-15 16:59:56, INFO: Coordinates: 6.321164692752063 15.089387433603406
2025-04-15 16:59:56, INFO: Stops times: 2

2025-04-15 16:59:58, INFO: human number: 8
2025-04-15 16:59:59, INFO: running 705/3600 episode, simulation environment: circle_static
2025-04-15 16:59:59, INFO: 705/3600 episode: Collision! Total Reward: -14.37, R_dan: 2.92, R_goal: 0, R_col: -25.0, R_km: 2.0, R_col_wall: 0, R_wall_min_dist: -0.618, R_way_point_dist: 2.52, R_wp: 3.795, timeout: 0
2025-04-15 16:59:59, INFO: Path length: 42.7502239452069
2025-04-15 16:59:59, INFO: Path left: 37.41527759479602
2025-04-15 16:59:59, INFO: Actions: 84
2025-04-15 16:59:59, INFO: Coordinates: 1.7979005761444569 12.329946970567107
2025-04-15 16:59:59, INFO: Stops times: 0

2025-04-15 17:00:02, INFO: human number: 8
2025-04-15 17:00:02, INFO: running 706/3600 episode, simulation environment: no
2025-04-15 17:00:02, INFO: 706/3600 episode: Success! Total Reward: 20.56, R_dan: 4.9, R_goal: 10.0, R_col: 0, R_km: 3.25, R_col_wall: 0, R_wall_min_dist: -12.228, R_way_point_dist: 2.94, R_wp: 11.7, timeout: 0
2025-04-15 17:00:02, INFO: Path length: 72.2339464304474
2025-04-15 17:00:02, INFO: Path left: 0
2025-04-15 17:00:02, INFO: Actions: 98
2025-04-15 17:00:02, INFO: Coordinates: -8.48644938133657 30.50919485837221
2025-04-15 17:00:02, INFO: Stops times: 3

2025-04-15 17:00:04, INFO: human number: 8
2025-04-15 17:00:05, INFO: running 707/3600 episode, simulation environment: circle_crossing
2025-04-15 17:00:05, INFO: 707/3600 episode: Collision! Total Reward: -24.441, R_dan: 0.64, R_goal: 0, R_col: -25.0, R_km: -0.85, R_col_wall: 0, R_wall_min_dist: -0.032, R_way_point_dist: 0.48, R_wp: 0.315, timeout: 0
2025-04-15 17:00:05, INFO: Path length: 10.661136563325325
2025-04-15 17:00:05, INFO: Path left: 70.45545745368676
2025-04-15 17:00:05, INFO: Actions: 16
2025-04-15 17:00:05, INFO: Coordinates: 0.002961665391921997 -8.708197243511677
2025-04-15 17:00:05, INFO: Stops times: 0

2025-04-15 17:00:08, INFO: human number: 8
2025-04-15 17:00:08, INFO: running 708/3600 episode, simulation environment: circle_static
2025-04-15 17:00:09, INFO: 708/3600 episode: Success! Total Reward: 32.573, R_dan: 7.64, R_goal: 10.0, R_col: 0, R_km: 3.4, R_col_wall: 0, R_wall_min_dist: -4.642, R_way_point_dist: 4.47, R_wp: 11.7, timeout: 0
2025-04-15 17:00:09, INFO: Path length: 78.74513481453461
2025-04-15 17:00:09, INFO: Path left: 0
2025-04-15 17:00:09, INFO: Actions: 156
2025-04-15 17:00:09, INFO: Coordinates: -10.41073888540268 30.50745479762554
2025-04-15 17:00:09, INFO: Stops times: 1

2025-04-15 17:00:11, INFO: human number: 8
2025-04-15 17:00:11, INFO: running 709/3600 episode, simulation environment: no
2025-04-15 17:00:12, INFO: 709/3600 episode: Success! Total Reward: 20.56, R_dan: 4.9, R_goal: 10.0, R_col: 0, R_km: 3.25, R_col_wall: 0, R_wall_min_dist: -12.228, R_way_point_dist: 2.94, R_wp: 11.7, timeout: 0
2025-04-15 17:00:12, INFO: Path length: 72.2339464304474
2025-04-15 17:00:12, INFO: Path left: 0
2025-04-15 17:00:12, INFO: Actions: 98
2025-04-15 17:00:12, INFO: Coordinates: -8.48644938133657 30.50919485837221
2025-04-15 17:00:12, INFO: Stops times: 3

2025-04-15 17:00:14, INFO: human number: 8
2025-04-15 17:00:15, INFO: running 710/3600 episode, simulation environment: circle_crossing
2025-04-15 17:00:15, INFO: 710/3600 episode: Collision! Total Reward: -24.274, R_dan: 0.14, R_goal: 0, R_col: -25.0, R_km: 0.3, R_col_wall: 0, R_wall_min_dist: 0.013, R_way_point_dist: 0.18, R_wp: 0.09, timeout: 0
2025-04-15 17:00:15, INFO: Path length: 5.811164588890381
2025-04-15 17:00:15, INFO: Path left: 75.28928440178136
2025-04-15 17:00:15, INFO: Actions: 6
2025-04-15 17:00:15, INFO: Coordinates: 4.682471990585327 -10.042345814406872
2025-04-15 17:00:15, INFO: Stops times: 0

2025-04-15 17:00:18, INFO: human number: 8
2025-04-15 17:00:18, INFO: running 711/3600 episode, simulation environment: circle_static
2025-04-15 17:00:19, INFO: 711/3600 episode: Success! Total Reward: 18.996, R_dan: 4.8, R_goal: 10.0, R_col: 0, R_km: 2.7, R_col_wall: 0, R_wall_min_dist: -13.808, R_way_point_dist: 3.6, R_wp: 11.7, timeout: 0
2025-04-15 17:00:19, INFO: Path length: 72.8916948454959
2025-04-15 17:00:19, INFO: Path left: 0
2025-04-15 17:00:19, INFO: Actions: 120
2025-04-15 17:00:19, INFO: Coordinates: -8.404147803783417 30.493197608739138
2025-04-15 17:00:19, INFO: Stops times: 3

2025-04-15 17:00:21, INFO: human number: 8
2025-04-15 17:00:21, INFO: running 712/3600 episode, simulation environment: no
2025-04-15 17:00:21, INFO: 712/3600 episode: Success! Total Reward: 20.56, R_dan: 4.9, R_goal: 10.0, R_col: 0, R_km: 3.25, R_col_wall: 0, R_wall_min_dist: -12.228, R_way_point_dist: 2.94, R_wp: 11.7, timeout: 0
2025-04-15 17:00:21, INFO: Path length: 72.2339464304474
2025-04-15 17:00:21, INFO: Path left: 0
2025-04-15 17:00:21, INFO: Actions: 98
2025-04-15 17:00:21, INFO: Coordinates: -8.48644938133657 30.50919485837221
2025-04-15 17:00:21, INFO: Stops times: 3

2025-04-15 17:00:24, INFO: human number: 8
2025-04-15 17:00:25, INFO: running 713/3600 episode, simulation environment: circle_crossing
2025-04-15 17:00:25, INFO: 713/3600 episode: Collision! Total Reward: -24.084, R_dan: 0.35, R_goal: 0, R_col: -25.0, R_km: -0.5, R_col_wall: 0, R_wall_min_dist: 0.054, R_way_point_dist: 0.69, R_wp: 0.315, timeout: 0
2025-04-15 17:00:25, INFO: Path length: 9.97243004942943
2025-04-15 17:00:25, INFO: Path left: 70.30938181056943
2025-04-15 17:00:25, INFO: Actions: 23
2025-04-15 17:00:25, INFO: Coordinates: -0.347146138548851 -9.921264387201518
2025-04-15 17:00:25, INFO: Stops times: 1

2025-04-15 17:00:27, INFO: human number: 8
2025-04-15 17:00:28, INFO: running 714/3600 episode, simulation environment: circle_static
2025-04-15 17:00:28, INFO: 714/3600 episode: Collision! Total Reward: -24.002, R_dan: 0.27, R_goal: 0, R_col: -25.0, R_km: 0.35, R_col_wall: 0, R_wall_min_dist: 0.015, R_way_point_dist: 0.21, R_wp: 0.15, timeout: 0
2025-04-15 17:00:28, INFO: Path length: 6.100728064724743
2025-04-15 17:00:28, INFO: Path left: 75.03310566310404
2025-04-15 17:00:28, INFO: Actions: 7
2025-04-15 17:00:28, INFO: Coordinates: 4.45156766474247 -9.943009722977877
2025-04-15 17:00:28, INFO: Stops times: 0

2025-04-15 17:00:30, INFO: human number: 8
2025-04-15 17:00:30, INFO: running 715/3600 episode, simulation environment: no
2025-04-15 17:00:31, INFO: 715/3600 episode: Success! Total Reward: 20.56, R_dan: 4.9, R_goal: 10.0, R_col: 0, R_km: 3.25, R_col_wall: 0, R_wall_min_dist: -12.228, R_way_point_dist: 2.94, R_wp: 11.7, timeout: 0
2025-04-15 17:00:31, INFO: Path length: 72.2339464304474
2025-04-15 17:00:31, INFO: Path left: 0
2025-04-15 17:00:31, INFO: Actions: 98
2025-04-15 17:00:31, INFO: Coordinates: -8.48644938133657 30.50919485837221
2025-04-15 17:00:31, INFO: Stops times: 3

2025-04-15 17:00:33, INFO: human number: 8
2025-04-15 17:00:34, INFO: running 716/3600 episode, simulation environment: circle_crossing
2025-04-15 17:00:34, INFO: 716/3600 episode: Collision! Total Reward: -23.655, R_dan: 0.35, R_goal: 0, R_col: -25.0, R_km: 0.6, R_col_wall: 0, R_wall_min_dist: -0.613, R_way_point_dist: 0.69, R_wp: 0.315, timeout: 0
2025-04-15 17:00:34, INFO: Path length: 10.365843052706829
2025-04-15 17:00:34, INFO: Path left: 70.12961067227596
2025-04-15 17:00:34, INFO: Actions: 23
2025-04-15 17:00:34, INFO: Coordinates: -0.4012812227010727 -7.9551648534834385
2025-04-15 17:00:34, INFO: Stops times: 0

2025-04-15 17:00:36, INFO: human number: 8
2025-04-15 17:00:37, INFO: running 717/3600 episode, simulation environment: circle_static
2025-04-15 17:00:38, INFO: 717/3600 episode: Success! Total Reward: 31.7, R_dan: 6.12, R_goal: 10.0, R_col: 0, R_km: 3.95, R_col_wall: 0, R_wall_min_dist: -4.541, R_way_point_dist: 4.47, R_wp: 11.7, timeout: 0
2025-04-15 17:00:38, INFO: Path length: 80.79396499018857
2025-04-15 17:00:38, INFO: Path left: 0
2025-04-15 17:00:38, INFO: Actions: 156
2025-04-15 17:00:38, INFO: Coordinates: -9.63769660750404 30.621882394189015
2025-04-15 17:00:38, INFO: Stops times: 1

2025-04-15 17:00:40, INFO: human number: 8
2025-04-15 17:00:40, INFO: running 718/3600 episode, simulation environment: no
2025-04-15 17:00:40, INFO: 718/3600 episode: Success! Total Reward: 20.56, R_dan: 4.9, R_goal: 10.0, R_col: 0, R_km: 3.25, R_col_wall: 0, R_wall_min_dist: -12.228, R_way_point_dist: 2.94, R_wp: 11.7, timeout: 0
2025-04-15 17:00:40, INFO: Path length: 72.2339464304474
2025-04-15 17:00:40, INFO: Path left: 0
2025-04-15 17:00:40, INFO: Actions: 98
2025-04-15 17:00:40, INFO: Coordinates: -8.48644938133657 30.50919485837221
2025-04-15 17:00:40, INFO: Stops times: 3

2025-04-15 17:00:43, INFO: human number: 8
2025-04-15 17:00:44, INFO: running 719/3600 episode, simulation environment: circle_crossing
2025-04-15 17:00:44, INFO: 719/3600 episode: Success! Total Reward: 33.538, R_dan: 7.2, R_goal: 10.0, R_col: 0, R_km: 6.5, R_col_wall: 0, R_wall_min_dist: -6.304, R_way_point_dist: 4.42, R_wp: 11.7, timeout: 0
2025-04-15 17:00:44, INFO: Path length: 79.35514676611844
2025-04-15 17:00:44, INFO: Path left: 0
2025-04-15 17:00:44, INFO: Actions: 152
2025-04-15 17:00:44, INFO: Coordinates: -10.742254121229053 30.823430381715298
2025-04-15 17:00:44, INFO: Stops times: 0

2025-04-15 17:00:47, INFO: human number: 8
2025-04-15 17:00:47, INFO: running 720/3600 episode, simulation environment: circle_static
2025-04-15 17:00:48, INFO: 720/3600 episode: Collision! Total Reward: -25.259, R_dan: 0.77, R_goal: 0, R_col: -25.0, R_km: -1.9, R_col_wall: 0, R_wall_min_dist: 0.038, R_way_point_dist: 0.51, R_wp: 0.315, timeout: 0
2025-04-15 17:00:48, INFO: Path length: 10.845263587163103
2025-04-15 17:00:48, INFO: Path left: 70.24640086648994
2025-04-15 17:00:48, INFO: Actions: 17
2025-04-15 17:00:48, INFO: Coordinates: -0.2633395753800869 -9.347842016490176
2025-04-15 17:00:48, INFO: Stops times: 0

2025-04-15 17:00:50, INFO: human number: 8
2025-04-15 17:00:50, INFO: running 721/3600 episode, simulation environment: no
2025-04-15 17:00:50, INFO: 721/3600 episode: Success! Total Reward: 20.56, R_dan: 4.9, R_goal: 10.0, R_col: 0, R_km: 3.25, R_col_wall: 0, R_wall_min_dist: -12.228, R_way_point_dist: 2.94, R_wp: 11.7, timeout: 0
2025-04-15 17:00:50, INFO: Path length: 72.2339464304474
2025-04-15 17:00:50, INFO: Path left: 0
2025-04-15 17:00:50, INFO: Actions: 98
2025-04-15 17:00:50, INFO: Coordinates: -8.48644938133657 30.50919485837221
2025-04-15 17:00:50, INFO: Stops times: 3

2025-04-15 17:00:53, INFO: human number: 8
2025-04-15 17:00:53, INFO: running 722/3600 episode, simulation environment: circle_crossing
2025-04-15 17:00:54, INFO: 722/3600 episode: Collision! Total Reward: -23.76, R_dan: 0.81, R_goal: 0, R_col: -25.0, R_km: -0.6, R_col_wall: 0, R_wall_min_dist: -0.026, R_way_point_dist: 0.63, R_wp: 0.42, timeout: 0
2025-04-15 17:00:54, INFO: Path length: 11.232958959800921
2025-04-15 17:00:54, INFO: Path left: 68.9974822721294
2025-04-15 17:00:54, INFO: Actions: 21
2025-04-15 17:00:54, INFO: Coordinates: -1.2716129422187805 -8.664347058162093
2025-04-15 17:00:54, INFO: Stops times: 1

2025-04-15 17:00:56, INFO: human number: 8
2025-04-15 17:00:56, INFO: running 723/3600 episode, simulation environment: circle_static
2025-04-15 17:00:57, INFO: 723/3600 episode: Collision! Total Reward: -23.034, R_dan: 3.82, R_goal: 0, R_col: -25.0, R_km: -7.7, R_col_wall: 0, R_wall_min_dist: -1.619, R_way_point_dist: 3.3, R_wp: 4.14, timeout: 0
2025-04-15 17:00:57, INFO: Path length: 45.346085888288094
2025-04-15 17:00:57, INFO: Path left: 34.61431657476534
2025-04-15 17:00:57, INFO: Actions: 110
2025-04-15 17:00:57, INFO: Coordinates: 4.054647481068969 13.59596689697355
2025-04-15 17:00:57, INFO: Stops times: 1

2025-04-15 17:01:00, INFO: human number: 8
2025-04-15 17:01:00, INFO: running 724/3600 episode, simulation environment: no
2025-04-15 17:01:00, INFO: 724/3600 episode: Success! Total Reward: 20.56, R_dan: 4.9, R_goal: 10.0, R_col: 0, R_km: 3.25, R_col_wall: 0, R_wall_min_dist: -12.228, R_way_point_dist: 2.94, R_wp: 11.7, timeout: 0
2025-04-15 17:01:00, INFO: Path length: 72.2339464304474
2025-04-15 17:01:00, INFO: Path left: 0
2025-04-15 17:01:00, INFO: Actions: 98
2025-04-15 17:01:00, INFO: Coordinates: -8.48644938133657 30.50919485837221
2025-04-15 17:01:00, INFO: Stops times: 3

2025-04-15 17:01:02, INFO: human number: 8
2025-04-15 17:01:03, INFO: running 725/3600 episode, simulation environment: circle_crossing
2025-04-15 17:01:04, INFO: 725/3600 episode: Success! Total Reward: 33.686, R_dan: 7.5, R_goal: 10.0, R_col: 0, R_km: 4.75, R_col_wall: 0, R_wall_min_dist: -4.212, R_way_point_dist: 3.94, R_wp: 11.7, timeout: 0
2025-04-15 17:01:04, INFO: Path length: 83.75384425528198
2025-04-15 17:01:04, INFO: Path left: 0
2025-04-15 17:01:04, INFO: Actions: 150
2025-04-15 17:01:04, INFO: Coordinates: -11.339488562196493 31.600755007006228
2025-04-15 17:01:04, INFO: Stops times: 0

2025-04-15 17:01:06, INFO: human number: 8
2025-04-15 17:01:07, INFO: running 726/3600 episode, simulation environment: circle_static
2025-04-15 17:01:08, INFO: 726/3600 episode: Success! Total Reward: 34.126, R_dan: 7.31, R_goal: 10.0, R_col: 0, R_km: 4.25, R_col_wall: 0, R_wall_min_dist: -3.542, R_way_point_dist: 4.39, R_wp: 11.7, timeout: 0
2025-04-15 17:01:08, INFO: Path length: 78.17079515609831
2025-04-15 17:01:08, INFO: Path left: 0
2025-04-15 17:01:08, INFO: Actions: 151
2025-04-15 17:01:08, INFO: Coordinates: -10.222094167023897 31.652458429336548
2025-04-15 17:01:08, INFO: Stops times: 1

2025-04-15 17:01:10, INFO: human number: 8
2025-04-15 17:01:10, INFO: running 727/3600 episode, simulation environment: no
2025-04-15 17:01:10, INFO: 727/3600 episode: Success! Total Reward: 20.56, R_dan: 4.9, R_goal: 10.0, R_col: 0, R_km: 3.25, R_col_wall: 0, R_wall_min_dist: -12.228, R_way_point_dist: 2.94, R_wp: 11.7, timeout: 0
2025-04-15 17:01:10, INFO: Path length: 72.2339464304474
2025-04-15 17:01:10, INFO: Path left: 0
2025-04-15 17:01:10, INFO: Actions: 98
2025-04-15 17:01:10, INFO: Coordinates: -8.48644938133657 30.50919485837221
2025-04-15 17:01:10, INFO: Stops times: 3

2025-04-15 17:01:13, INFO: human number: 8
2025-04-15 17:01:13, INFO: running 728/3600 episode, simulation environment: circle_crossing
2025-04-15 17:01:14, INFO: 728/3600 episode: Success! Total Reward: 29.776, R_dan: 5.71, R_goal: 10.0, R_col: 0, R_km: 1.65, R_col_wall: 0, R_wall_min_dist: -3.594, R_way_point_dist: 4.29, R_wp: 11.7, timeout: 0
2025-04-15 17:01:14, INFO: Path length: 77.0649402715694
2025-04-15 17:01:14, INFO: Path left: 0
2025-04-15 17:01:14, INFO: Actions: 143
2025-04-15 17:01:14, INFO: Coordinates: -10.015990631654859 31.634404443204403
2025-04-15 17:01:14, INFO: Stops times: 2

2025-04-15 17:01:17, INFO: human number: 8
2025-04-15 17:01:17, INFO: running 729/3600 episode, simulation environment: circle_static
2025-04-15 17:01:17, INFO: 729/3600 episode: Collision! Total Reward: -24.002, R_dan: 0.27, R_goal: 0, R_col: -25.0, R_km: 0.35, R_col_wall: 0, R_wall_min_dist: 0.015, R_way_point_dist: 0.21, R_wp: 0.15, timeout: 0
2025-04-15 17:01:17, INFO: Path length: 6.971432769755614
2025-04-15 17:01:17, INFO: Path left: 74.12125681895607
2025-04-15 17:01:17, INFO: Actions: 7
2025-04-15 17:01:17, INFO: Coordinates: 3.559827446937561 -9.437959507107735
2025-04-15 17:01:17, INFO: Stops times: 0

2025-04-15 17:01:20, INFO: human number: 8
2025-04-15 17:01:20, INFO: running 730/3600 episode, simulation environment: no
2025-04-15 17:01:20, INFO: 730/3600 episode: Success! Total Reward: 20.56, R_dan: 4.9, R_goal: 10.0, R_col: 0, R_km: 3.25, R_col_wall: 0, R_wall_min_dist: -12.228, R_way_point_dist: 2.94, R_wp: 11.7, timeout: 0
2025-04-15 17:01:20, INFO: Path length: 72.2339464304474
2025-04-15 17:01:20, INFO: Path left: 0
2025-04-15 17:01:20, INFO: Actions: 98
2025-04-15 17:01:20, INFO: Coordinates: -8.48644938133657 30.50919485837221
2025-04-15 17:01:20, INFO: Stops times: 3

2025-04-15 17:01:22, INFO: human number: 8
2025-04-15 17:01:23, INFO: running 731/3600 episode, simulation environment: circle_crossing
2025-04-15 17:01:23, INFO: 731/3600 episode: Collision! Total Reward: -26.027, R_dan: 0.85, R_goal: 0, R_col: -25.0, R_km: -1.65, R_col_wall: 0, R_wall_min_dist: -1.763, R_way_point_dist: 0.99, R_wp: 0.54, timeout: 0
2025-04-15 17:01:23, INFO: Path length: 14.519296771941526
2025-04-15 17:01:23, INFO: Path left: 65.45428577548087
2025-04-15 17:01:23, INFO: Actions: 33
2025-04-15 17:01:23, INFO: Coordinates: -4.145420283079147 -6.776048880070448
2025-04-15 17:01:23, INFO: Stops times: 0

2025-04-15 17:01:26, INFO: human number: 8
2025-04-15 17:01:26, INFO: running 732/3600 episode, simulation environment: circle_static
2025-04-15 17:01:27, INFO: 732/3600 episode: Success! Total Reward: 24.142, R_dan: 4.54, R_goal: 10.0, R_col: 0, R_km: -0.9, R_col_wall: 0, R_wall_min_dist: -5.868, R_way_point_dist: 4.67, R_wp: 11.7, timeout: 0
2025-04-15 17:01:27, INFO: Path length: 78.9975254856133
2025-04-15 17:01:27, INFO: Path left: 0
2025-04-15 17:01:27, INFO: Actions: 158
2025-04-15 17:01:27, INFO: Coordinates: -9.982386127114296 31.560551024973392
2025-04-15 17:01:27, INFO: Stops times: 2

2025-04-15 17:01:29, INFO: human number: 8
2025-04-15 17:01:29, INFO: running 733/3600 episode, simulation environment: no
2025-04-15 17:01:30, INFO: 733/3600 episode: Success! Total Reward: 20.56, R_dan: 4.9, R_goal: 10.0, R_col: 0, R_km: 3.25, R_col_wall: 0, R_wall_min_dist: -12.228, R_way_point_dist: 2.94, R_wp: 11.7, timeout: 0
2025-04-15 17:01:30, INFO: Path length: 72.2339464304474
2025-04-15 17:01:30, INFO: Path left: 0
2025-04-15 17:01:30, INFO: Actions: 98
2025-04-15 17:01:30, INFO: Coordinates: -8.48644938133657 30.50919485837221
2025-04-15 17:01:30, INFO: Stops times: 3

2025-04-15 17:01:32, INFO: human number: 8
2025-04-15 17:01:33, INFO: running 734/3600 episode, simulation environment: circle_crossing
2025-04-15 17:01:33, INFO: 734/3600 episode: Collision! Total Reward: -23.09, R_dan: 0.62, R_goal: 0, R_col: -25.0, R_km: 0.7, R_col_wall: 0, R_wall_min_dist: 0.012, R_way_point_dist: 0.42, R_wp: 0.15, timeout: 0
2025-04-15 17:01:33, INFO: Path length: 6.986784649508789
2025-04-15 17:01:33, INFO: Path left: 73.86714346159839
2025-04-15 17:01:33, INFO: Actions: 14
2025-04-15 17:01:33, INFO: Coordinates: 3.260499529540539 -8.927625268697739
2025-04-15 17:01:33, INFO: Stops times: 0

2025-04-15 17:01:35, INFO: human number: 8
2025-04-15 17:01:36, INFO: running 735/3600 episode, simulation environment: circle_static
2025-04-15 17:01:37, INFO: 735/3600 episode: Success! Total Reward: 31.432, R_dan: 6.94, R_goal: 10.0, R_col: 0, R_km: 4.75, R_col_wall: 0, R_wall_min_dist: -6.491, R_way_point_dist: 4.5, R_wp: 11.7, timeout: 0
2025-04-15 17:01:37, INFO: Path length: 76.3199255909339
2025-04-15 17:01:37, INFO: Path left: 0
2025-04-15 17:01:37, INFO: Actions: 150
2025-04-15 17:01:37, INFO: Coordinates: -8.464103169273585 30.663441196549684
2025-04-15 17:01:37, INFO: Stops times: 0

2025-04-15 17:01:39, INFO: human number: 8
2025-04-15 17:01:39, INFO: running 736/3600 episode, simulation environment: no
2025-04-15 17:01:39, INFO: 736/3600 episode: Success! Total Reward: 20.56, R_dan: 4.9, R_goal: 10.0, R_col: 0, R_km: 3.25, R_col_wall: 0, R_wall_min_dist: -12.228, R_way_point_dist: 2.94, R_wp: 11.7, timeout: 0
2025-04-15 17:01:39, INFO: Path length: 72.2339464304474
2025-04-15 17:01:39, INFO: Path left: 0
2025-04-15 17:01:39, INFO: Actions: 98
2025-04-15 17:01:39, INFO: Coordinates: -8.48644938133657 30.50919485837221
2025-04-15 17:01:39, INFO: Stops times: 3

2025-04-15 17:01:42, INFO: human number: 8
2025-04-15 17:01:43, INFO: running 737/3600 episode, simulation environment: circle_crossing
2025-04-15 17:01:43, INFO: 737/3600 episode: Collision! Total Reward: -21.924, R_dan: 0.94, R_goal: 0, R_col: -25.0, R_km: 1.35, R_col_wall: 0, R_wall_min_dist: -1.532, R_way_point_dist: 1.14, R_wp: 1.17, timeout: 0
2025-04-15 17:01:43, INFO: Path length: 19.774835387771212
2025-04-15 17:01:43, INFO: Path left: 59.3543868220546
2025-04-15 17:01:43, INFO: Actions: 38
2025-04-15 17:01:43, INFO: Coordinates: -7.840061470866203 -3.4436859022825956
2025-04-15 17:01:43, INFO: Stops times: 0

2025-04-15 17:01:45, INFO: human number: 8
2025-04-15 17:01:46, INFO: running 738/3600 episode, simulation environment: circle_static
2025-04-15 17:01:46, INFO: 738/3600 episode: Collision! Total Reward: -25.291, R_dan: 0.59, R_goal: 0, R_col: -25.0, R_km: -1.45, R_col_wall: 0, R_wall_min_dist: 0.033, R_way_point_dist: 0.38, R_wp: 0.15, timeout: 0
2025-04-15 17:01:46, INFO: Path length: 6.2442484705268795
2025-04-15 17:01:46, INFO: Path left: 73.8490937510745
2025-04-15 17:01:46, INFO: Actions: 15
2025-04-15 17:01:46, INFO: Coordinates: 3.2743688970804214 -9.81432518735528
2025-04-15 17:01:46, INFO: Stops times: 1

2025-04-15 17:01:48, INFO: human number: 8
2025-04-15 17:01:48, INFO: running 739/3600 episode, simulation environment: no
2025-04-15 17:01:49, INFO: 739/3600 episode: Success! Total Reward: 20.56, R_dan: 4.9, R_goal: 10.0, R_col: 0, R_km: 3.25, R_col_wall: 0, R_wall_min_dist: -12.228, R_way_point_dist: 2.94, R_wp: 11.7, timeout: 0
2025-04-15 17:01:49, INFO: Path length: 72.2339464304474
2025-04-15 17:01:49, INFO: Path left: 0
2025-04-15 17:01:49, INFO: Actions: 98
2025-04-15 17:01:49, INFO: Coordinates: -8.48644938133657 30.50919485837221
2025-04-15 17:01:49, INFO: Stops times: 3

2025-04-15 17:01:51, INFO: human number: 8
2025-04-15 17:01:52, INFO: running 740/3600 episode, simulation environment: circle_crossing
2025-04-15 17:01:52, INFO: 740/3600 episode: Collision! Total Reward: -25.22, R_dan: -0.07, R_goal: 0, R_col: -25.0, R_km: -1.15, R_col_wall: 0, R_wall_min_dist: 0.049, R_way_point_dist: 0.63, R_wp: 0.315, timeout: 0
2025-04-15 17:01:52, INFO: Path length: 9.774957630550007
2025-04-15 17:01:52, INFO: Path left: 70.51231689923598
2025-04-15 17:01:52, INFO: Actions: 21
2025-04-15 17:01:52, INFO: Coordinates: -0.005244843661785126 -9.414936134591699
2025-04-15 17:01:52, INFO: Stops times: 0

2025-04-15 17:01:54, INFO: human number: 8
2025-04-15 17:01:55, INFO: running 741/3600 episode, simulation environment: circle_static
2025-04-15 17:01:55, INFO: 741/3600 episode: Collision! Total Reward: -24.631, R_dan: 0.42, R_goal: 0, R_col: -25.0, R_km: -0.6, R_col_wall: 0, R_wall_min_dist: 0.021, R_way_point_dist: 0.3, R_wp: 0.225, timeout: 0
2025-04-15 17:01:55, INFO: Path length: 7.746640884825882
2025-04-15 17:01:55, INFO: Path left: 73.31518819319513
2025-04-15 17:01:55, INFO: Actions: 10
2025-04-15 17:01:55, INFO: Coordinates: 2.734117604792118 -9.850259913131595
2025-04-15 17:01:55, INFO: Stops times: 0

2025-04-15 17:01:57, INFO: human number: 8
2025-04-15 17:01:57, INFO: running 742/3600 episode, simulation environment: no
2025-04-15 17:01:58, INFO: 742/3600 episode: Success! Total Reward: 20.56, R_dan: 4.9, R_goal: 10.0, R_col: 0, R_km: 3.25, R_col_wall: 0, R_wall_min_dist: -12.228, R_way_point_dist: 2.94, R_wp: 11.7, timeout: 0
2025-04-15 17:01:58, INFO: Path length: 72.2339464304474
2025-04-15 17:01:58, INFO: Path left: 0
2025-04-15 17:01:58, INFO: Actions: 98
2025-04-15 17:01:58, INFO: Coordinates: -8.48644938133657 30.50919485837221
2025-04-15 17:01:58, INFO: Stops times: 3

2025-04-15 17:02:00, INFO: human number: 8
2025-04-15 17:02:01, INFO: running 743/3600 episode, simulation environment: circle_crossing
2025-04-15 17:02:02, INFO: 743/3600 episode: Success! Total Reward: 32.878, R_dan: 7.39, R_goal: 10.0, R_col: 0, R_km: 3.7, R_col_wall: 0, R_wall_min_dist: -4.036, R_way_point_dist: 4.11, R_wp: 11.7, timeout: 0
2025-04-15 17:02:02, INFO: Path length: 81.81069811520022
2025-04-15 17:02:02, INFO: Path left: 0
2025-04-15 17:02:02, INFO: Actions: 151
2025-04-15 17:02:02, INFO: Coordinates: -9.415113400667906 30.84823801368475
2025-04-15 17:02:02, INFO: Stops times: 0

2025-04-15 17:02:04, INFO: human number: 8
2025-04-15 17:02:04, INFO: running 744/3600 episode, simulation environment: circle_static
2025-04-15 17:02:05, INFO: 744/3600 episode: Collision! Total Reward: -22.112, R_dan: 1.53, R_goal: 0, R_col: -25.0, R_km: -2.2, R_col_wall: 0, R_wall_min_dist: -1.076, R_way_point_dist: 2.31, R_wp: 2.295, timeout: 0
2025-04-15 17:02:05, INFO: Path length: 31.40208510039194
2025-04-15 17:02:05, INFO: Path left: 48.22538490279651
2025-04-15 17:02:05, INFO: Actions: 77
2025-04-15 17:02:05, INFO: Coordinates: -7.996058433316648 7.946014621295035
2025-04-15 17:02:05, INFO: Stops times: 1

2025-04-15 17:02:07, INFO: human number: 8
2025-04-15 17:02:07, INFO: running 745/3600 episode, simulation environment: no
2025-04-15 17:02:08, INFO: 745/3600 episode: Success! Total Reward: 20.56, R_dan: 4.9, R_goal: 10.0, R_col: 0, R_km: 3.25, R_col_wall: 0, R_wall_min_dist: -12.228, R_way_point_dist: 2.94, R_wp: 11.7, timeout: 0
2025-04-15 17:02:08, INFO: Path length: 72.2339464304474
2025-04-15 17:02:08, INFO: Path left: 0
2025-04-15 17:02:08, INFO: Actions: 98
2025-04-15 17:02:08, INFO: Coordinates: -8.48644938133657 30.50919485837221
2025-04-15 17:02:08, INFO: Stops times: 3

2025-04-15 17:02:10, INFO: human number: 8
2025-04-15 17:02:11, INFO: running 746/3600 episode, simulation environment: circle_crossing
2025-04-15 17:02:11, INFO: 746/3600 episode: Collision! Total Reward: -23.435, R_dan: 0.48, R_goal: 0, R_col: -25.0, R_km: 0.25, R_col_wall: 0, R_wall_min_dist: 0.036, R_way_point_dist: 0.48, R_wp: 0.315, timeout: 0
2025-04-15 17:02:11, INFO: Path length: 10.082538993505048
2025-04-15 17:02:11, INFO: Path left: 70.25068048020839
2025-04-15 17:02:11, INFO: Actions: 16
2025-04-15 17:02:11, INFO: Coordinates: -0.3203950673341751 -9.629011415876448
2025-04-15 17:02:11, INFO: Stops times: 0

2025-04-15 17:02:13, INFO: human number: 8
2025-04-15 17:02:14, INFO: running 747/3600 episode, simulation environment: circle_static
2025-04-15 17:02:14, INFO: 747/3600 episode: Collision! Total Reward: -14.747, R_dan: 2.91, R_goal: 0, R_col: -25.0, R_km: 2.45, R_col_wall: 0, R_wall_min_dist: -0.099, R_way_point_dist: 2.13, R_wp: 2.85, timeout: 0
2025-04-15 17:02:14, INFO: Path length: 34.972092260339544
2025-04-15 17:02:14, INFO: Path left: 43.94433570585705
2025-04-15 17:02:14, INFO: Actions: 71
2025-04-15 17:02:14, INFO: Coordinates: -3.8711980059742928 8.999279918149114
2025-04-15 17:02:14, INFO: Stops times: 1

2025-04-15 17:02:17, INFO: human number: 8
2025-04-15 17:02:17, INFO: running 748/3600 episode, simulation environment: no
2025-04-15 17:02:17, INFO: 748/3600 episode: Success! Total Reward: 20.56, R_dan: 4.9, R_goal: 10.0, R_col: 0, R_km: 3.25, R_col_wall: 0, R_wall_min_dist: -12.228, R_way_point_dist: 2.94, R_wp: 11.7, timeout: 0
2025-04-15 17:02:17, INFO: Path length: 72.2339464304474
2025-04-15 17:02:17, INFO: Path left: 0
2025-04-15 17:02:17, INFO: Actions: 98
2025-04-15 17:02:17, INFO: Coordinates: -8.48644938133657 30.50919485837221
2025-04-15 17:02:17, INFO: Stops times: 3

2025-04-15 17:02:19, INFO: human number: 8
2025-04-15 17:02:20, INFO: running 749/3600 episode, simulation environment: circle_crossing
2025-04-15 17:02:21, INFO: 749/3600 episode: Collision! Total Reward: -20.645, R_dan: 1.87, R_goal: 0, R_col: -25.0, R_km: -0.2, R_col_wall: 0, R_wall_min_dist: -6.27, R_way_point_dist: 2.85, R_wp: 6.09, timeout: 0
2025-04-15 17:02:21, INFO: Path length: 49.16096961950841
2025-04-15 17:02:21, INFO: Path left: 26.653885203230455
2025-04-15 17:02:21, INFO: Actions: 95
2025-04-15 17:02:21, INFO: Coordinates: 7.486691512167454 18.80220650509
2025-04-15 17:02:21, INFO: Stops times: 1

2025-04-15 17:02:23, INFO: human number: 8
2025-04-15 17:02:23, INFO: running 750/3600 episode, simulation environment: circle_static
2025-04-15 17:02:24, INFO: 750/3600 episode: Success! Total Reward: 31.244, R_dan: 3.94, R_goal: 10.0, R_col: 0, R_km: 3.85, R_col_wall: 0, R_wall_min_dist: -2.414, R_way_point_dist: 4.13, R_wp: 11.7, timeout: 0
2025-04-15 17:02:24, INFO: Path length: 83.5480640309948
2025-04-15 17:02:24, INFO: Path left: 0
2025-04-15 17:02:24, INFO: Actions: 154
2025-04-15 17:02:24, INFO: Coordinates: -10.550886050797999 30.81284930743277
2025-04-15 17:02:24, INFO: Stops times: 2

2025-04-15 17:02:27, INFO: human number: 8
2025-04-15 17:02:27, INFO: running 751/3600 episode, simulation environment: no
2025-04-15 17:02:27, INFO: 751/3600 episode: Success! Total Reward: 20.56, R_dan: 4.9, R_goal: 10.0, R_col: 0, R_km: 3.25, R_col_wall: 0, R_wall_min_dist: -12.228, R_way_point_dist: 2.94, R_wp: 11.7, timeout: 0
2025-04-15 17:02:27, INFO: Path length: 72.2339464304474
2025-04-15 17:02:27, INFO: Path left: 0
2025-04-15 17:02:27, INFO: Actions: 98
2025-04-15 17:02:27, INFO: Coordinates: -8.48644938133657 30.50919485837221
2025-04-15 17:02:27, INFO: Stops times: 3

2025-04-15 17:02:29, INFO: human number: 8
2025-04-15 17:02:30, INFO: running 752/3600 episode, simulation environment: circle_crossing
2025-04-15 17:02:30, INFO: 752/3600 episode: Collision! Total Reward: -22.454, R_dan: 0.96, R_goal: 0, R_col: -25.0, R_km: -0.05, R_col_wall: 0, R_wall_min_dist: -0.156, R_way_point_dist: 0.96, R_wp: 0.825, timeout: 0
2025-04-15 17:02:30, INFO: Path length: 15.528697953710179
2025-04-15 17:02:30, INFO: Path left: 64.10013198897867
2025-04-15 17:02:30, INFO: Actions: 32
2025-04-15 17:02:30, INFO: Coordinates: -5.561035573482513 -7.236227471381426
2025-04-15 17:02:30, INFO: Stops times: 0

2025-04-15 17:02:33, INFO: human number: 8
2025-04-15 17:02:33, INFO: running 753/3600 episode, simulation environment: circle_static
2025-04-15 17:02:34, INFO: 753/3600 episode: Collision! Total Reward: -23.832, R_dan: 0.72, R_goal: 0, R_col: -25.0, R_km: -0.3, R_col_wall: 0, R_wall_min_dist: 0.036, R_way_point_dist: 0.48, R_wp: 0.225, timeout: 0
2025-04-15 17:02:34, INFO: Path length: 8.227868148304557
2025-04-15 17:02:34, INFO: Path left: 72.07633703879974
2025-04-15 17:02:34, INFO: Actions: 16
2025-04-15 17:02:34, INFO: Coordinates: 1.5025668367743492 -9.71580408886075
2025-04-15 17:02:34, INFO: Stops times: 0

2025-04-15 17:02:36, INFO: human number: 8
2025-04-15 17:02:36, INFO: running 754/3600 episode, simulation environment: no
2025-04-15 17:02:36, INFO: 754/3600 episode: Success! Total Reward: 20.56, R_dan: 4.9, R_goal: 10.0, R_col: 0, R_km: 3.25, R_col_wall: 0, R_wall_min_dist: -12.228, R_way_point_dist: 2.94, R_wp: 11.7, timeout: 0
2025-04-15 17:02:36, INFO: Path length: 72.2339464304474
2025-04-15 17:02:36, INFO: Path left: 0
2025-04-15 17:02:36, INFO: Actions: 98
2025-04-15 17:02:36, INFO: Coordinates: -8.48644938133657 30.50919485837221
2025-04-15 17:02:36, INFO: Stops times: 3

2025-04-15 17:02:39, INFO: human number: 8
2025-04-15 17:02:39, INFO: running 755/3600 episode, simulation environment: circle_crossing
2025-04-15 17:02:40, INFO: 755/3600 episode: Success! Total Reward: 29.562, R_dan: 6.02, R_goal: 10.0, R_col: 0, R_km: 5.25, R_col_wall: 0, R_wall_min_dist: -7.557, R_way_point_dist: 4.14, R_wp: 11.7, timeout: 0
2025-04-15 17:02:40, INFO: Path length: 75.23854986130998
2025-04-15 17:02:40, INFO: Path left: 0
2025-04-15 17:02:40, INFO: Actions: 138
2025-04-15 17:02:40, INFO: Coordinates: -8.441493815742433 30.780189444310963
2025-04-15 17:02:40, INFO: Stops times: 2

2025-04-15 17:02:42, INFO: human number: 8
2025-04-15 17:02:43, INFO: running 756/3600 episode, simulation environment: circle_static
2025-04-15 17:02:44, INFO: 756/3600 episode: Success! Total Reward: 36.092, R_dan: 7.06, R_goal: 10.0, R_col: 0, R_km: 2.45, R_col_wall: 0, R_wall_min_dist: -0.02, R_way_point_dist: 4.89, R_wp: 11.7, timeout: 0
2025-04-15 17:02:44, INFO: Path length: 83.48336337947619
2025-04-15 17:02:44, INFO: Path left: 0
2025-04-15 17:02:44, INFO: Actions: 170
2025-04-15 17:02:44, INFO: Coordinates: -10.430572191253304 30.530780121247517
2025-04-15 17:02:44, INFO: Stops times: 0

2025-04-15 17:02:46, INFO: human number: 8
2025-04-15 17:02:46, INFO: running 757/3600 episode, simulation environment: no
2025-04-15 17:02:46, INFO: 757/3600 episode: Success! Total Reward: 20.56, R_dan: 4.9, R_goal: 10.0, R_col: 0, R_km: 3.25, R_col_wall: 0, R_wall_min_dist: -12.228, R_way_point_dist: 2.94, R_wp: 11.7, timeout: 0
2025-04-15 17:02:46, INFO: Path length: 72.2339464304474
2025-04-15 17:02:46, INFO: Path left: 0
2025-04-15 17:02:46, INFO: Actions: 98
2025-04-15 17:02:46, INFO: Coordinates: -8.48644938133657 30.50919485837221
2025-04-15 17:02:46, INFO: Stops times: 3

2025-04-15 17:02:49, INFO: human number: 8
2025-04-15 17:02:49, INFO: running 758/3600 episode, simulation environment: circle_crossing
2025-04-15 17:02:50, INFO: 758/3600 episode: Success! Total Reward: 33.272, R_dan: 6.33, R_goal: 10.0, R_col: 0, R_km: 2.35, R_col_wall: 0, R_wall_min_dist: -1.418, R_way_point_dist: 4.29, R_wp: 11.7, timeout: 0
2025-04-15 17:02:50, INFO: Path length: 82.51476370886789
2025-04-15 17:02:50, INFO: Path left: 0
2025-04-15 17:02:50, INFO: Actions: 157
2025-04-15 17:02:50, INFO: Coordinates: -9.477016566786915 30.946142431348562
2025-04-15 17:02:50, INFO: Stops times: 1

2025-04-15 17:02:53, INFO: human number: 8
2025-04-15 17:02:53, INFO: running 759/3600 episode, simulation environment: circle_static
2025-04-15 17:02:53, INFO: 759/3600 episode: Collision! Total Reward: -23.28, R_dan: 0.33, R_goal: 0, R_col: -25.0, R_km: 0.65, R_col_wall: 0, R_wall_min_dist: 0.028, R_way_point_dist: 0.39, R_wp: 0.315, timeout: 0
2025-04-15 17:02:53, INFO: Path length: 9.020466074431496
2025-04-15 17:02:53, INFO: Path left: 71.33269908209526
2025-04-15 17:02:53, INFO: Actions: 13
2025-04-15 17:02:53, INFO: Coordinates: 0.793340802192688 -9.607181317172945
2025-04-15 17:02:53, INFO: Stops times: 0

2025-04-15 17:02:56, INFO: human number: 8
2025-04-15 17:02:56, INFO: running 760/3600 episode, simulation environment: no
2025-04-15 17:02:56, INFO: 760/3600 episode: Success! Total Reward: 20.56, R_dan: 4.9, R_goal: 10.0, R_col: 0, R_km: 3.25, R_col_wall: 0, R_wall_min_dist: -12.228, R_way_point_dist: 2.94, R_wp: 11.7, timeout: 0
2025-04-15 17:02:56, INFO: Path length: 72.2339464304474
2025-04-15 17:02:56, INFO: Path left: 0
2025-04-15 17:02:56, INFO: Actions: 98
2025-04-15 17:02:56, INFO: Coordinates: -8.48644938133657 30.50919485837221
2025-04-15 17:02:56, INFO: Stops times: 3

